0,1,2,3,4,5,6,7,8,9,10,11,12,13,14,15,16,17,18,19,20,21,22,23,24,25,26,27,28,29,30,31,32,33,34,35,36,37,38,39,emotion
-697.7926,54.89004,0.6634655,12.435786,7.7339506,0.5307503,-3.2166312,-3.1593943,-10.977551,-2.848711,0.8152974,-3.0370667,1.9554465,-3.735668,0.43770027,0.7823566,-4.0714283,-1.8607763,-1.3236902,-0.9204633,-5.9476104,-0.50543815,-2.3373914,-4.522779,-1.6797222,-0.8193208,-4.858483,0.25533605,-2.1487038,0.14505501,-2.035756,-2.119634,-2.7125888,-1.836127,-3.204805,-1.5453686,-1.090937,-1.7701064,-3.501132,-1.5380875,neutral
-692.8558,55.363895,-1.5483193,16.038305,8.81881,-0.14658625,-1.3733919,-5.29318,-11.623182,-1.3482838,0.8437146,-2.6412783,1.0172496,-3.2715342,-0.12507762,0.4154959,-4.5127015,-0.98116016,-1.9375046,0.53967947,-5.461219,-0.873673,-2.0000944,-4.716795,-0.63707167,-1.6493348,-4.8043323,1.2920089,-2.3068979,0.16486627,-1.4563135,-2.6772985,-2.143264,-2.4610777,-3.0190277,-0.8048606,-1.2902696,-3.0869722,-3.2097483,-2.3071594,neutral
-691.5879,58.024662,0.15946473,13.62465,5.374113,1.1623366,-2.0833597,-5.382585,-10.332824,-3.6620808,0.5606006,-2.8382258,1.8347856,-3.4295056,-2.0089593,0.897352,-4.9566164,-3.0928066,0.084938,0.08255085,-5.342685,-1.0300522,-1.9516917,-3.3513253,-1.3088564,-0.32409537,-4.176977,-0.30928522,-2.1818516,-0.29272506,-1.8071278,-2.1343443,-2.3950417,-1.9029368,-2.7644315,-1.9791775,-1.1045034,-2.7295375,-3.5089064,-2.2463746,neutral
-685.10547,55.87942,2.7832625,13.252023,6.98967,2.9812741,-1.586029,-6.961661,-10.348489,-3.270769,1.1761652,-1.4986559,0.5515501,-2.7526164,-1.1690222,1.8486956,-4.3786407,-2.018788,-0.10291686,-0.6109348,-4.8114753,-1.8650616,-1.3410417,-2.669401,-2.077644,-0.9822339,-4.1827083,-0.024767298,-2.1837108,0.48159045,-2.439686,-2.1663747,-2.8813,-2.769905,-3.2363772,-1.457207,-0.9531056,-2.4500818,-3.4195793,-3.3672445,neutral
-727.1044,62.355034,3.121181,15.064669,8.132434,1.927084,-3.2746565,-3.7617915,-9.7502985,-4.853837,0.99631566,-3.1160698,0.5463205,-3.2890222,-0.41249597,1.5854981,-5.465042,-0.7176833,-1.1985662,-1.5290675,-4.65829,-1.3028666,-2.7385921,-4.288325,-1.7293988,-1.1769471,-4.8241954,1.3670596,-3.0660088,0.5510067,-2.091125,-1.2008951,-1.9106003,-2.4236846,-1.7693837,-0.41855636,-1.7917831,-1.7210655,-3.8579273,-2.7115366,calm
-707.3582,66.736465,2.2534885,11.169916,9.742079,1.058092,-4.426185,-4.6836147,-8.313273,-4.813666,1.7525572,-2.376542,-0.20691964,-3.468696,-1.5752851,1.1110423,-4.9100523,-2.1599278,-0.79209375,-1.4160712,-4.605169,-1.7617528,-2.5678155,-4.2619567,-2.12427,-1.3611802,-4.422169,0.3017364,-2.8640974,0.21939574,-3.3755891,-2.3204243,-3.3910594,-3.419351,-3.7625532,-1.2389066,-2.115808,-3.0562005,-4.286404,-4.068605,calm
-697.16614,65.1082,0.930368,13.633627,5.9595957,2.89507,-1.3418185,-4.775753,-8.671515,-4.5529985,1.9706045,-1.6276461,1.4267263,-4.5126815,1.4856335,0.120333485,-6.2861857,-2.6441517,-0.073655285,-1.7246207,-5.888149,-1.4929606,-2.2940516,-3.2510755,-2.3311152,-1.0499363,-5.421697,0.8989102,-3.8330967,-0.110061206,-3.140546,-1.7525978,-2.5507138,-3.1152203,-4.218177,-2.0304513,-2.1678352,-2.3133814,-4.758384,-2.8727636,calm
-698.6377,68.698586,1.1003665,13.685943,8.338751,2.0671213,-0.6167906,-5.732325,-7.861324,-4.411918,1.0114726,-1.7058653,1.5934341,-3.5992131,0.6062445,1.1798764,-5.454558,-1.8621153,-0.45047098,-1.0337068,-6.3316135,-1.5091119,-2.3525429,-2.0545113,-2.5646596,-0.628965,-4.3460937,0.17338055,-3.8308544,0.064848006,-3.471006,-1.7393601,-2.2344453,-2.612775,-3.4992464,-1.792194,-1.2107459,-2.3667257,-3.489472,-3.3519742,calm
-734.1256,70.53291,4.2251797,13.866501,9.276525,1.8420299,-3.7091064,-2.8845074,-6.3325033,-4.483915,2.0064912,-0.029675055,-0.17859097,-3.775252,0.14778885,0.4342369,-1.8853136,-2.5887418,-0.40041512,1.0377576,-7.0278807,0.003850937,-2.6830063,-3.9310708,-1.9202538,-0.77792203,-3.2663581,1.0042131,-3.246114,0.18153057,-3.5314636,-2.875877,-3.8215022,-2.0913365,-5.326285,0.48854417,-2.8973765,-2.430001,-4.8473377,-3.196199,calm
-697.8223,67.33959,-0.4495511,11.884349,6.899115,0.5723886,-4.5503764,-6.025094,-7.9348655,-4.8724413,2.6747522,-1.4644698,-1.1086311,-4.68031,-0.1066446,-0.87412363,-4.023424,-2.223397,-0.7571646,-0.25101382,-6.4024,0.11486975,-2.1894188,-3.664039,-2.400217,-1.5357817,-4.5921235,0.12194201,-2.7362068,-0.65316004,-3.9872088,-2.4405167,-4.265292,-2.8770092,-5.2783966,-1.1333705,-2.1303873,-2.2514794,-4.45834,-3.4148383,calm
-704.5413,68.82944,4.728955,11.950599,5.638883,5.8340936,-4.8624907,-4.862799,-8.308453,-4.8761907,2.3179216,1.2227511,0.5954945,-4.02567,1.7289726,-0.8497865,-4.325156,-1.9796419,-1.6255349,-0.3870318,-7.3322363,-0.3029409,-1.2871861,-4.5589495,-2.4062345,0.3851673,-5.131937,1.4207472,-4.4241714,-0.03367971,-4.0379896,-2.1042745,-2.885348,-2.8581388,-4.423223,-0.38969845,-1.7169569,-3.313168,-4.8602934,-2.7604816,calm
-690.9957,65.29337,-3.5145001,14.551637,6.7378373,2.9514792,-4.3670077,-8.268066,-9.742737,-3.7135794,3.773647,-0.95878893,-0.26622173,-5.5189137,-0.3622315,0.16217905,-4.594704,-2.3552377,-0.5806328,-0.104393765,-6.9711237,-1.6309108,-1.4904834,-3.8059676,-1.2474346,-0.42407548,-4.197308,0.86163235,-2.7490773,-0.873581,-4.3151817,-3.0117178,-3.8715644,-2.7312014,-4.351267,-0.6213459,-1.6469697,-3.1889267,-4.620323,-3.8928413,calm
-645.95465,63.1167,-4.3889437,12.588353,4.241157,-2.902262,-5.6718726,-6.6233644,-11.532384,-2.3804142,-1.2910128,-6.802653,1.1827936,-4.6723757,-2.4135501,2.165879,-8.006255,-2.8629198,-2.44791,-2.5724356,-5.8621316,-0.08601415,-3.01738,-4.7407756,-2.6895833,-2.0261843,-5.190275,0.17098032,-4.0623984,-1.1081642,-2.9269888,-2.694084,-2.6108174,-3.7561111,-4.2394943,-2.3900456,-2.5107348,-0.7905223,-2.0516572,-0.81858724,happy
-631.407,62.999477,-5.8192096,15.460055,6.526638,-1.588887,-6.5974174,-4.806329,-13.677244,-1.3645009,0.1333666,-6.3668647,3.405448,-3.9404101,-2.185833,3.2448373,-7.8401256,-2.7657778,0.29460323,-1.7035344,-6.209854,-0.052585702,-3.6594768,-5.5364003,-0.5274119,-1.0415535,-3.5720427,-0.56174314,-3.7607331,-1.1737199,-1.6179535,-3.4460375,-1.6974658,-2.9603076,-3.1057088,-1.6062299,-1.1414216,-2.0415542,-2.35345,-1.0229889,happy
-656.2289,62.20653,-2.343208,12.91607,1.824128,-0.1707133,-5.6699905,-7.286775,-13.776975,-3.3122015,2.3617582,-7.0014296,1.9307773,-4.1537447,-0.65423965,1.5832626,-6.7616467,-1.9936142,-0.9640439,-3.3046405,-5.0840483,-1.9697591,-2.400224,-3.7728615,-2.4584548,-0.44784355,-5.1322937,1.2209514,-2.6825628,-0.74728674,-2.4842525,-2.3304615,-2.457477,-3.7256908,-3.6353137,-1.8423868,-1.7079575,-1.1942447,-3.640783,-2.2219522,happy
-652.70056,57.02253,0.41844025,18.289316,2.6309884,0.4183554,-2.5292726,-6.284706,-13.434198,-3.6181443,0.6169872,-4.589428,2.5763223,-4.2168145,-0.77875566,1.1893742,-7.2837725,-2.2791338,-1.241202,-2.5630088,-5.5543027,-1.4302952,-2.6229515,-4.238898,-2.8871403,0.26502198,-6.4183683,0.5125979,-4.0200987,-0.4850924,-3.1079564,-1.983989,-2.9109612,-2.8654327,-3.793431,-1.8354441,-2.234406,-2.4365897,-4.5005555,-1.9647106,happy
-596.5581,49.15078,-5.9865155,5.6085687,-1.2716353,-1.2067614,-12.037278,-8.81426,-11.101424,-8.968306,-0.68170965,-7.0525784,-1.9013768,-3.7996504,-6.7520075,-0.81947607,-7.4246135,-2.969019,-2.850928,-4.9095936,-5.343441,-2.986924,-3.9913344,-4.4437118,-3.3355637,-1.5795554,-1.9772519,2.660265,0.93378234,1.0087048,-2.1869733,-1.4884174,-1.6310315,1.3583602,1.2614254,5.331981,2.3744237,0.6982367,-1.3422889,-0.6930716,happy
-559.92334,54.875935,-11.518561,5.4953065,2.415871,-1.8642914,-11.11178,-7.596749,-14.508148,-7.4336433,3.2631526,-7.8864737,-1.6498953,-1.9573466,-5.9639144,0.7812491,-7.343446,-5.8790884,-2.509664,-4.6244674,-6.1748896,-4.1182823,-3.4663486,-4.506298,-2.1654797,1.0347383,-4.192087,0.8478882,-0.84736663,-2.3613634,-0.8797831,1.862661,0.8538133,1.2811965,-0.4389116,4.214331,4.243508,5.298574,1.6244533,0.023601677,happy
-517.75696,48.02012,-10.22142,7.8318195,-0.1721484,-2.173067,-10.422513,-9.233612,-17.878963,-4.9133816,0.0017015345,-9.143923,0.118756056,-3.859673,-6.9721265,1.756447,-9.525071,-3.8882658,-2.3510923,-4.7555995,-7.0409474,-2.4223065,-4.768799,-5.4007554,-4.1575503,-2.9584832,-5.8547907,-1.776891,-5.0579515,-1.9315948,-0.2704711,-0.30417767,1.7886645,0.90483075,0.47011423,1.7415199,3.0594888,2.2718923,0.9895156,2.2820182,happy
-539.19855,49.672794,-8.996246,6.914048,-1.1240026,-3.3295467,-9.793234,-9.628173,-17.208342,-7.140059,-1.7678518,-7.01247,-0.2807712,-2.8068933,-7.7615256,0.1462165,-8.591304,-5.6437764,-2.6293614,-3.139316,-7.960902,-2.799026,-4.2610307,-6.4265094,-4.38297,-1.7824854,-6.8063836,-1.9975092,-4.2050486,-3.0383976,-2.8929281,-1.9656113,-2.9164839,1.3943623,-0.49508154,3.6176724,1.4428006,1.2744665,0.68515134,2.1729784,happy
-680.84985,60.804207,-1.9560477,14.204766,6.8270884,-2.8811657,-2.4629223,-8.663905,-11.039645,-4.454039,-4.2584863,-1.6950514,-0.858215,-6.387972,-1.9537022,-1.2930338,-5.4891415,-4.614313,-3.0724862,-0.8519595,-6.8535905,-2.3903997,-2.6138897,-4.9866195,-2.0784774,-1.8319861,-4.5803585,-1.2893417,-2.438751,-1.9647101,-2.4176555,-2.1967053,-2.5622983,-2.313024,-4.5954742,-2.851147,-2.2854688,-2.3775954,-3.7354648,-2.8778954,sad
-699.10425,65.49692,-1.099551,16.531912,8.523047,-0.46712276,0.1738208,-7.589048,-10.304402,-5.5254693,-1.7454495,-2.015857,-1.7528477,-3.4568093,-0.7095313,-0.8706354,-3.7369146,-2.6888247,-1.6581136,-0.05382502,-6.664607,-1.2142811,-1.2996248,-4.4555125,-1.4616961,-1.3804501,-3.986993,-1.173788,-3.4494605,-1.3179215,-1.7723452,-2.3170862,-2.7698722,-2.0940473,-4.3401756,-0.67479247,-2.1373963,-2.4311147,-3.6492739,-2.9265246,sad
-735.524,60.409447,-3.443985,14.033259,6.5901713,-1.7684739,-1.7315747,-7.569149,-10.976078,-3.8221762,-0.9965823,-1.3543684,-1.2844805,-3.3658488,-2.715014,-0.26771262,-4.5742774,-6.213155,-0.6974264,-0.47674006,-6.2065673,-2.1382198,-2.939739,-4.492876,-1.7348641,-0.7488221,-3.0107005,-0.031293325,-3.2676818,0.20130111,-2.551265,-3.586309,-1.8061378,-1.4017278,-3.150946,-0.8549402,-0.8466941,-2.1212244,-4.232899,-2.8105493,sad
-711.7862,59.567207,0.7109444,15.603702,6.023351,-0.16229163,1.2461175,-7.515769,-12.228474,-3.9741051,-2.3960714,-2.4673662,-0.06185281,-4.0664105,-2.5834796,1.8483776,-3.2044652,-4.295267,-1.6605686,-0.15550274,-6.558676,-2.0219185,-2.0046186,-3.6405716,-2.0240939,-0.6536507,-4.3962793,-2.326939,-2.3781288,-0.048180174,-1.7871207,-1.616274,-2.0406256,-2.5005496,-4.1262007,-1.6679646,-2.1401134,-1.6500776,-2.724934,-2.540101,sad
-669.9195,62.426224,0.9023568,16.833582,7.8117805,-1.8475593,-0.91065365,-7.4858384,-9.419271,-1.5074197,-2.4400961,-2.6243286,-0.14111498,-5.0964046,-1.4083333,1.0472516,-4.976098,-3.102035,-2.5746925,-0.21248645,-4.9851656,-1.116518,-2.3370655,-4.951367,-1.9474236,-0.9107228,-3.546427,0.5509278,-1.756019,-0.21765174,-2.8030014,-0.9816639,-3.1020756,-1.8044022,-3.9783862,-1.3351364,-2.0891225,-2.706614,-2.77051,-3.2692454,sad
-627.47046,50.890545,-4.893386,10.5070715,3.70411,-3.614306,-8.667972,-7.1464243,-15.135483,-4.4346023,-2.204541,-6.959076,0.33116093,-4.9061933,-5.1069,1.2198784,-9.079948,-3.438987,-0.71518165,-2.68029,-6.508208,-2.0350778,-7.142914,-3.9023407,-3.8008106,-1.4843085,-4.6747246,-2.2811418,-2.6084309,-1.3512278,-2.8481915,-2.9721007,-3.425335,-2.0002365,-3.797895,0.84204733,-0.58165044,-1.763648,-3.2373376,-1.8475771,sad
-620.26776,54.993256,-5.729504,13.725473,3.9384527,-2.7418923,-6.81774,-9.286634,-18.480108,-4.8934646,-2.2725978,-7.2611017,0.3614603,-5.581516,-3.7963622,1.4492878,-6.7737665,-4.5630636,-2.9172275,-2.55195,-7.45639,-3.9012806,-2.6990047,-5.993997,-4.718185,-1.0670395,-6.8134446,-1.4748895,-3.566476,-1.7581863,-3.5198383,-2.5312295,-3.3879826,-2.7632644,-4.0435085,-2.3384302,-0.74581206,-0.55604285,-0.5773484,-0.25865757,sad
-605.889,50.817352,-4.100937,13.333532,2.3143542,-3.1249652,-6.993569,-8.87111,-15.973221,-3.8517964,-1.3603265,-6.091596,0.43329096,-6.3970013,-3.9711168,1.3659232,-8.027186,-4.4310184,-2.8663049,-2.6965957,-6.9606113,-2.193946,-2.6860867,-5.6876087,-3.2862208,-1.1399784,-6.026377,-0.12951253,-4.88883,-0.8842401,-3.4908144,-2.65778,-3.8965364,-3.1268613,-4.0401454,-2.0136974,-1.522867,-2.4442966,-3.1450257,-2.0068533,sad
-546.11554,42.51581,-6.0192423,12.6451235,-1.4078629,-2.7939098,-4.314088,-1.4580284,-12.457061,-4.777245,-0.85779715,-4.766826,-0.7102533,-4.609967,-3.2813585,-1.8005251,-6.1857705,-1.8774034,-3.9400196,-3.3581946,-5.301432,-2.5743818,-4.3118854,-4.0184846,-3.3378503,-1.2581085,-4.9076886,1.2684875,-2.2783725,-0.8056426,-0.004996568,-0.3768221,-2.1809287,-1.7019651,-2.4888475,-0.01133274,-1.4032638,-0.35782456,-3.639842,-1.2372742,angry
-526.2785,40.100624,-5.4062862,8.086062,-3.3844342,-3.6563714,-7.031595,-8.578679,-13.11133,-6.569745,-4.498286,-6.6619687,-3.472775,-4.7383814,-4.606366,-3.00884,-8.43908,-1.8164215,-5.5824895,-4.278462,-4.5755515,-2.6692264,-2.1711438,-1.252408,-2.1854558,-0.19483136,-3.1954684,-0.2404156,-3.1039457,-2.026395,-1.5038778,-2.121489,-2.3838913,-1.9714508,-2.3535914,1.3928298,-0.05019556,2.6160152,-0.39793503,0.95196086,angry
-570.9829,45.415054,-1.5627906,11.880343,-0.43858024,-1.7890217,-5.260241,-6.6141477,-13.445088,-4.125199,-3.6815126,-4.4055014,-1.00225,-5.3523436,-2.2794619,-0.5392902,-7.7281785,-2.7330334,-2.1579263,-4.411282,-6.29179,-2.2329094,-3.3744183,-4.852635,-3.4208858,-2.0247192,-5.086844,-1.1211252,-2.6697435,-1.895064,-1.1248157,-1.296595,-0.862738,-0.92960334,-2.4659154,0.10139809,-0.969247,-0.5552419,-2.2148893,-0.420845,angry
-530.8293,44.267376,-2.8641322,8.589871,0.015043081,-3.4850914,-4.3523192,-6.577349,-15.150324,-4.9910274,-2.581337,-5.7878017,0.28295928,-5.1922507,-4.4530478,0.8558478,-9.178659,-1.5052664,-1.677099,-4.91662,-6.2442846,-0.6723399,-4.3921237,-3.5940738,-3.1583798,-2.6730018,-5.671567,-1.4507239,-3.1757793,-1.2181952,-0.9541334,-1.0732784,-0.007791697,-1.9873586,-2.8056285,0.64199287,-1.1474907,1.1019416,-1.5296249,-1.3826661,angry
-349.08368,29.868893,-20.021608,0.8248057,-11.38768,-4.3352494,-12.86241,-13.475211,-13.617985,-8.423022,-5.636474,-4.9704933,-7.1078963,-5.8093753,-4.056468,-0.63109595,-7.564867,2.171447,2.1083086,3.722977,3.2258105,4.7295957,4.091866,1.0243081,0.23702215,0.75426495,-2.0665576,2.6573062,1.9146106,-0.8550903,-0.15549655,-0.5012183,1.4513193,0.6154204,-2.5758975,2.2645822,1.824975,1.4175379,-2.3733199,-0.6118676,angry
-368.34802,22.302996,-18.730824,3.2124898,-10.238885,-5.3979936,-12.250565,-7.9842367,-16.876492,-9.074471,-4.798123,-8.329526,-4.8784604,-3.6864958,-5.489247,-2.8691878,-11.641941,-5.522494,-5.952679,-7.753604,-6.256075,-0.91655177,-1.4647336,2.1159282,4.5505643,4.478769,0.77641666,3.551759,-2.4011989,1.3699532,3.3439147,2.6052082,-1.0270327,-0.17769684,-2.4539652,2.3183482,1.351753,1.5629339,-2.0617075,-0.059511516,angry
-401.70172,29.973305,-15.743985,4.8785286,-6.717307,-3.9170728,-11.36485,-9.566884,-16.95793,-6.6101475,-4.1125803,-8.695933,-3.1835454,-4.6224856,-4.600551,0.75584525,-10.059574,-1.7282207,-3.3801801,-4.4892282,-2.8992383,0.1611022,-2.3728034,0.56844544,0.20568472,1.6138316,-0.17397551,0.8288349,-1.2965844,1.0279695,0.7766593,1.130805,-1.1112492,0.01065121,-0.9957537,2.960026,1.7003627,3.2739136,0.4559738,1.733524,angry
-303.9083,22.274927,-20.23263,-3.0112534,-10.557668,-6.5886765,-16.995613,-11.742131,-16.091637,-9.435907,-2.4795759,-8.391646,-6.0200577,-4.359417,-3.5774784,-0.63038045,-5.41855,1.6945267,4.609443,1.3603204,0.15027969,2.1103752,1.1854314,1.6117939,0.37221387,-1.1646575,-4.1379523,-0.7990132,-1.5553904,-0.49776492,-1.9564699,-1.569251,-0.9722479,-0.04008317,-1.3899646,1.1860383,0.5977545,2.1343248,-1.3750238,-1.5130705,angry
-595.331,57.99092,2.2590282,14.343322,8.518202,-2.4230087,-4.188249,-8.528271,-12.255307,-1.40471,-2.2603824,0.5045406,3.6462831,-3.5877786,1.6058431,5.1781497,-4.026674,-1.867806,-0.8099246,-1.53596,-4.995076,-0.2191642,-2.890397,-3.685903,-1.570514,0.053839456,-3.1283848,1.2776718,-3.878216,-0.64298695,-1.7044731,-1.2452906,-2.5694861,-1.3015617,-4.107655,-1.7007097,-0.3723468,-0.3825815,-1.0153,0.35180295,fearful
-603.3856,55.155254,-6.027804,9.1299,4.3948555,-4.041097,-8.073682,-12.255183,-16.346151,-4.077742,-3.449183,-6.160686,-0.26365194,-6.3455257,-1.8471316,2.664918,-7.4117484,-4.230755,-2.4177978,-3.1686304,-5.976443,-1.5553848,-4.499355,-4.8877296,-3.3555994,-1.8607132,-5.567126,-0.70503145,-3.596184,-2.6195142,-3.961525,-1.4583101,-2.6111455,0.9732325,-1.0139611,1.4509813,1.6996872,1.526663,-1.6267318,0.49258354,fearful
-622.86993,61.635395,7.414828,18.84099,10.033153,3.9887211,-1.0351886,-5.5802426,-8.488828,0.32115114,0.076060966,0.36447477,2.7944245,-1.8873299,1.267624,4.298476,-1.9931772,-1.2692254,1.0654196,2.4415238,-5.5531473,-0.24713227,-1.4824363,-3.1035585,-2.8408751,0.025208933,-3.4914026,0.7796958,-2.5747063,-1.0991096,-1.8329134,-0.7104755,-2.571424,-1.6788385,-3.8463933,-1.6325276,-0.7567696,-1.2185651,-3.2990148,-2.5086894,fearful
-624.02625,60.417797,-3.3307755,15.390852,6.7717657,-0.058078837,-3.9153352,-10.592282,-10.528063,-0.66487396,-0.9012812,-1.2349017,0.28941718,-3.5106444,1.0571544,0.6931158,-2.8063745,-3.3917434,-0.10423966,1.6339123,-6.811923,0.42606482,-2.8119466,-3.5547352,-2.1343179,-1.5253236,-4.8935833,0.32807457,-3.7281194,-0.9927107,-2.518085,-0.55002415,-4.2455535,-2.3237643,-4.6611476,-1.0076447,-0.62481344,-2.128184,-3.3184044,-2.979138,fearful
-439.20685,52.212185,-12.541273,5.1477275,1.7914935,5.8628416,-5.5974445,-12.138769,-14.728991,-1.950158,2.135672,-3.671966,-0.5904328,-2.278102,0.31054226,8.699083,-1.964585,-4.096484,-1.3092287,-2.3677042,-4.417822,1.5067977,-1.0958496,1.5641403,1.3115575,4.9336486,0.6748688,4.724291,2.917543,1.8357636,5.5361724,4.845212,2.3745332,2.6653996,-3.060443,1.88237,3.3590467,4.254038,0.14801039,0.98503494,fearful
-404.05585,42.662426,-17.537214,-3.219983,1.9150131,-0.23162158,-11.389852,-15.012191,-17.222418,-7.2708755,-4.490682,-9.206504,-6.413215,-5.216007,-3.0066345,2.9628255,-8.640421,-6.7894173,-1.7208639,-3.2170434,-6.2140307,-1.6123477,1.0307355,3.7000642,4.824219,8.004292,2.9441435,4.8439274,2.9837053,4.5741735,6.5603223,4.6351266,0.7093701,-0.3981544,-2.447657,2.3681574,2.9144502,1.2736137,-2.6668599,-1.3480868,fearful
-369.5954,39.190083,-15.472043,-0.9504297,-5.7813573,-1.20997,-10.114829,-18.269136,-17.822474,-9.481161,-3.8010514,-7.8962812,-7.826027,-7.357436,-6.4318633,4.932757,-8.49914,-5.6608005,-2.0881393,-3.1699219,-4.260845,-0.17502913,0.16452523,3.102742,6.2341814,10.829424,5.4509606,6.4818625,0.639259,0.56291777,2.0535705,3.4935129,3.2785134,0.96552604,-2.8506773,2.208396,3.8014696,3.0016024,-0.44507873,-0.47238868,fearful
-427.11377,45.139057,-15.436681,-1.1301688,-0.7227585,1.9657457,-13.529376,-15.487787,-17.104061,-9.546004,2.3383806,-7.4597087,-7.364611,-6.084675,-3.9567213,3.9811196,-8.482472,-6.4705153,-0.91892445,-4.22819,-6.169354,-1.3125002,-0.10992784,1.6909461,2.8623555,7.3421116,4.1328073,7.1020017,5.0798664,3.8000553,4.276091,3.1120718,1.4151773,2.0111406,-1.1716975,4.641068,1.3780837,1.2335997,-1.8168844,0.9022599,fearful
-647.6113,63.878662,-3.1636646,11.068918,3.8989286,0.4962617,-7.21009,-7.302176,-13.785376,-4.531086,-0.68246734,-7.2989683,-1.6489207,-7.179773,-0.8491595,-2.7986681,-6.217463,-3.0482032,-3.925734,-1.6746459,-5.5525784,1.0549916,-5.7381163,-2.7615979,-2.041532,-1.6022339,-3.5071225,-0.23445888,-2.8969069,0.68529147,-1.7336764,0.7008208,-1.9596637,-0.1659047,-2.2221973,-0.515246,-1.7348303,0.46847937,-3.3283143,-1.1672829,disgust
-626.5222,52.807503,0.2726886,4.7346873,3.4398108,-0.42759243,-9.445806,-6.7852263,-13.305903,-4.895432,-0.56229144,-6.350318,-3.3224087,-4.3167896,-1.7614679,-2.4416623,-5.258924,-2.4614885,-1.511272,0.07683265,-4.6544166,0.89369863,-5.9251413,-1.7661024,-2.1624975,-1.3568618,-4.500724,0.35801983,-1.9119575,1.2816257,-2.0543115,0.5899408,-2.0847006,-0.8968076,-1.2898804,1.6762428,-0.1384585,1.451395,-1.6453706,-1.0727854,disgust
-667.50525,71.2468,1.978697,12.600777,1.8061317,3.4382744,-4.8249874,-12.123671,-8.451324,-2.030657,-2.5171847,-3.023269,-0.99177134,-6.3008237,-2.597501,0.02866237,-5.345963,-2.219458,-1.0776554,-3.3449194,-8.486794,0.35205677,-3.0753179,-3.540869,-4.0989103,-1.8632202,-3.92621,-1.4218082,-2.1970322,-1.3414967,-4.046644,-1.8206972,-4.243977,-1.8164915,-4.330599,-1.2720864,-1.8382084,-2.3683422,-5.497893,-2.3172452,disgust
-669.2902,54.79244,-0.9016661,10.5557,-0.16137548,3.6259096,-5.3917437,-10.095323,-7.4466414,-1.4052048,0.10079646,-3.9632685,-0.50473005,-6.327925,-1.3125445,0.10069236,-5.976767,-2.503508,-1.3738911,-1.8358136,-5.817447,-1.7044363,-3.4166617,-3.4657118,-4.169744,-1.2084066,-4.2910323,-0.6137764,-1.8928217,-1.7533404,-3.162863,-1.6752285,-3.6169815,-1.8080153,-4.422979,-2.0862405,-1.9744048,-0.59545404,-3.2481756,-1.6091491,disgust
-489.86877,43.945282,-6.9385076,-5.6906586,-9.426026,-1.937155,-11.578997,-17.378063,-13.903124,-6.911769,-3.551647,-4.3722687,-7.017699,-6.1836743,-5.9362373,-5.4587617,-5.822812,-2.1498194,-5.210937,-4.460036,-7.968783,-1.9645337,-2.4783404,1.2761223,0.94388944,0.44711205,-0.12261645,3.6075065,1.3534554,2.584185,1.418513,3.5464363,0.6073556,2.49956,1.5689571,1.800882,0.45666167,1.035426,-1.7960598,-0.64703155,disgust
-491.2605,35.17139,-9.034343,1.8999568,-8.664879,-6.350328,-18.34103,-15.881719,-9.58409,-5.861493,-4.5087137,-5.8916154,-6.898971,-8.617667,-2.5701342,-0.97728485,-8.397288,-1.0111676,-6.229877,-5.1835065,-5.096695,-3.061449,-1.1294765,-0.98533916,-1.9971796,0.57907206,-3.2972753,-0.70360976,-2.8183727,1.69879,0.44396296,2.7096379,0.63978773,0.9217471,-0.04116166,2.657785,0.5815377,-0.15138844,-3.419361,-1.545981,disgust
-520.7532,43.31225,9.500733,-0.62784535,-7.164327,0.42984343,-12.050826,-15.976675,-5.460499,-8.713773,-8.803647,-2.9774518,-7.6639447,-11.013116,-5.0436673,-4.785972,-12.482885,-4.968925,-5.3228393,-5.3893027,-8.165277,-3.8765543,-6.901708,-3.9114807,-4.4145103,0.6600963,-4.2276177,3.74551,-0.04033308,2.4615824,0.0936025,0.61048496,-2.8957632,0.976612,-0.5681108,2.2436674,0.5983035,1.7873514,0.19910179,1.1095932,disgust
-501.00818,42.180492,-0.95753026,-0.44900626,-4.012009,-1.8501682,-13.470772,-15.385603,-8.406136,-5.512526,-6.51612,-6.038744,-7.158529,-6.448777,-5.2710586,-0.8727275,-7.682081,-2.8911145,-3.9350657,-3.3940437,-6.023177,-3.1048758,-3.9174705,-3.5890183,-4.6315303,-1.4739141,-4.2594867,-0.23263139,-0.5068685,1.886712,0.67749655,1.4485202,-0.7288329,0.12740597,-0.14745547,2.9691937,0.3945331,0.19132274,-0.9488045,-0.55053645,disgust
-660.50183,52.980663,-0.4414544,8.232827,4.5118375,-2.5249937,-6.0312376,-6.618407,-9.726553,-5.8924103,-0.2597241,-5.319383,-0.80952007,-4.919111,-4.579843,0.0863315,-8.32308,-3.822729,-2.689615,-3.0362494,-5.608842,-2.9705162,-4.549024,-5.6637163,-2.3029141,-1.7725822,-5.647859,-0.41479394,-3.9923618,-1.8855516,-3.3631752,-3.542042,-0.9967867,-1.693185,-2.3293989,0.3531763,0.2849824,0.22303014,-2.0682507,-1.5033478,surprised
-683.8254,52.923653,-3.5020812,10.541915,6.7804637,-2.082963,-6.373839,-6.026372,-9.960135,-1.5530101,-1.1180857,-5.8361497,-0.47120807,-4.5469823,-5.187225,1.5944021,-5.956045,-2.3424141,-0.11273583,-0.9934748,-6.7291527,-1.6756084,-3.3791733,-3.775028,-2.5733936,-3.1834803,-3.637458,-1.6726351,-2.5388842,-1.4853877,-1.7366372,-1.8767735,-2.0309124,-1.9890251,-3.4665709,-1.5910912,-2.0093935,-0.9810466,-2.7713552,-2.3696713,surprised
-661.4794,56.338783,-0.10038887,12.948809,3.4572434,-1.0980023,-3.9645505,-7.31417,-11.041139,-2.5731146,-0.80596995,-3.7987452,-1.9456607,-5.477546,-2.3346574,0.922476,-6.6558957,-3.2244077,-0.9857842,-1.0172362,-7.98666,-2.1630075,-3.2931292,-4.0551586,-3.768076,-2.367484,-4.9885435,-1.3500001,-2.0521955,-1.2312015,-2.8466673,-2.1241553,-2.9431465,-3.5107925,-4.0348682,-3.3592873,-1.0863174,-2.2216911,-2.773662,-2.2735066,surprised
-666.4035,49.284126,-1.8099364,8.19951,-0.4680704,-3.9114852,-4.323113,-7.2129054,-9.47664,-5.4546943,-0.9426417,-6.583642,-0.9509841,-5.229485,-4.045888,0.8284378,-8.495149,-4.1290474,-1.6048777,-2.4898548,-7.1553097,-2.2300801,-2.5241196,-4.5508184,-2.5763445,-1.1232226,-6.0889125,-0.82306904,-3.4301498,-1.9393845,-2.5582423,-3.5094647,-2.8182914,-3.372137,-3.7327344,-0.86550754,-0.7318688,0.029969452,-2.727376,-0.9850754,surprised
-605.2246,51.04888,-5.427211,8.577295,4.108054,-2.6509151,-8.000926,-6.3051476,-11.018699,-4.717957,0.42527136,-7.8209214,0.11580499,-3.789491,-4.923254,0.7295144,-8.629747,-4.321852,-3.2514763,-4.459781,-5.6740594,-2.3154805,-4.411036,-6.272569,-2.8940132,-2.1242218,-5.321976,-0.14201096,-2.4984174,-0.24685326,-1.3210453,0.045702763,-0.5013825,-0.58482504,-1.063917,0.63068247,0.15662606,0.032385245,-2.1314416,-0.74637914,surprised
-553.19366,41.932564,-5.21146,7.312741,0.06964418,-3.3563766,-6.6405888,-7.5790653,-11.458306,-6.6911645,-1.2373774,-6.6593413,-1.9200149,-3.3397613,-6.6722255,-0.73684615,-8.14663,-5.072719,-2.7859106,-4.386603,-5.5673394,-2.898721,-4.1099854,-5.615653,-1.9953969,-0.39410356,-2.5663037,3.2443519,-0.30893907,1.6121823,-0.094186164,0.61416733,-0.32102796,-1.5135827,-2.4289565,-0.06736821,-0.42473048,-0.6659209,-1.4736137,-1.0706233,surprised
-592.5113,45.141872,-4.394385,7.735556,0.5503257,-4.1455994,-6.7481837,-9.417959,-14.750461,-2.551564,-2.767845,-5.6659083,-0.9816037,-5.4820848,-5.4927645,0.095328756,-9.392512,-3.230091,-1.3517753,-3.394658,-7.3042192,-2.3212166,-6.5782776,-4.9533143,-3.8387923,-3.089039,-3.063866,-2.08721,-3.8582468,-1.0816228,-2.7825494,-2.2390823,-3.1358056,-2.9884212,-3.7398584,-1.0082843,-0.48730645,-0.022514494,-1.2177662,1.4160769,surprised
-573.3884,46.84191,-5.569429,6.1290336,-0.57483864,-0.70076984,-8.623765,-9.702099,-11.321595,-5.2469926,-1.420761,-5.737756,-1.8040385,-3.856799,-7.858628,1.0471438,-8.806251,-6.4007196,-2.2795467,-2.285933,-7.9188433,-4.544296,-2.448785,-5.9232197,-3.8607113,-0.2995627,-2.4416227,0.15112597,-1.7312429,-0.065647535,1.7115248,3.8996215,2.6989284,4.012429,-1.0618914,0.8128012,0.30962622,1.8183682,-0.17177588,1.0743514,surprised
-650.7109,54.477303,-9.090127,8.411754,-4.3875356,-3.7657063,-5.362752,-8.610381,-3.9715521,-0.8959739,-4.7214065,-1.9953876,-5.056729,0.14452377,-6.851873,-2.064552,-2.765936,-2.0262785,-1.4683582,-0.676641,-0.2801466,-1.0782508,-0.58115363,0.9323555,-0.97968465,-2.1945672,0.17359288,-0.6877645,1.6951143,1.1009111,0.26778367,3.1150634,2.0031323,4.280788,2.2133043,2.7878687,-1.6101702,1.4081777,-0.8689503,0.79439217,neutral
-646.0169,49.11971,-10.800371,11.480022,-5.8222346,-3.082372,-5.2919693,-7.318947,-2.7898755,-1.9523807,-3.2981865,-2.3206332,-5.5060253,-0.2000538,-6.1006417,-3.125079,-2.3056056,-0.945164,-1.8333856,-0.4424102,-0.67568064,-1.5757084,-1.7977426,-0.058348045,-1.4130219,-3.0108986,-1.7964349,-1.1562487,2.1920466,2.0218608,0.6016625,3.7600708,3.13067,3.72446,1.5275527,3.5283825,-0.5624266,2.021228,-0.6138344,-0.14011775,neutral
-622.5787,51.31145,-10.439537,4.7658195,-4.809167,-3.2195776,-5.721809,-9.393639,-5.2450943,-1.987433,-5.037799,-2.8686626,-6.420317,1.5982902,-6.268897,-3.1418831,-3.215387,-3.4863596,-1.2199942,-0.051730666,-0.22478677,-0.57490265,-0.603188,-0.3323585,0.24324307,-0.9161982,2.0808163,2.9753103,2.1127465,2.911623,-0.17979361,2.937865,1.0441673,1.7601377,1.5014986,4.3621855,-1.2110754,0.591354,-1.0897073,1.2800702,neutral
-638.03485,46.49924,-9.892576,4.8966966,-6.4146495,-5.0707617,-6.280471,-10.606286,-6.077465,-3.2331312,-5.660992,-3.2739613,-8.5222,-0.41934434,-7.4435363,-3.1737206,-3.0136626,-4.5985966,-1.3174586,-0.8858429,-0.359625,-1.8816894,-1.8178983,-0.8940596,-1.2777723,-0.719666,2.2392774,2.9371479,3.0249991,4.6523356,1.7934759,3.4267077,-0.4131868,0.32666534,0.6792404,5.51034,0.6934613,2.5244212,-0.8130366,0.36943632,neutral
-663.2903,52.128677,-3.5836403,11.846415,-4.697628,-1.7755145,-3.4381075,-7.5618987,-3.0021996,-2.1637714,-3.221826,-4.2773857,-4.5514054,1.2530712,-5.592162,-2.3126342,-3.3193665,-2.0062249,-4.532391,-1.6079011,-1.8886461,-2.1111345,-1.2506802,0.004397105,-0.45000035,0.8769779,3.8181403,5.325046,7.0021877,5.5019026,3.077543,3.854773,1.5293071,3.864024,1.8112763,3.1632643,-0.9409261,1.6179451,0.39016348,1.2295141,calm
-658.6478,47.966007,-8.495083,8.638967,-5.663685,-2.8697908,-4.6740603,-9.24625,-3.07362,-3.4952083,-3.970272,-7.1958947,-5.508158,1.143281,-6.8397613,-3.1439822,-5.317137,-3.9394548,-5.4042645,-3.1773698,-2.3251288,-2.8811224,-1.7052736,-0.43799216,-0.96989924,-0.18623273,0.42649287,1.7685856,3.7350361,5.3326693,3.6289527,5.9361224,1.9629111,3.1736352,-0.7384256,3.022892,1.2727761,5.514282,2.7980032,2.269874,calm
-656.9886,45.86949,-5.4771895,4.3142276,-4.4623194,-3.557982,-6.703658,-8.853257,-6.026569,-2.597284,-6.314637,-4.853385,-7.071023,0.48700622,-8.606476,-5.000298,-3.4507637,-3.7560492,-4.9689975,-2.496885,-3.367261,-5.2566257,-1.5414804,-1.2932816,-0.73770434,-0.5185556,2.10979,4.328424,5.834864,7.30663,4.7644453,5.9644003,2.8017178,3.2164207,2.1795464,5.0565615,1.4503975,4.39424,1.6227705,3.1520536,calm
-649.47095,48.736828,-11.061043,1.340274,-6.3219647,-5.1469254,-7.923725,-11.958522,-6.557234,-4.027463,-7.22297,-6.0610905,-9.744023,-1.2886856,-9.424875,-5.466723,-4.7296734,-4.3489428,-6.3093944,-4.06282,-4.745088,-5.9238167,-2.6403685,-1.6443663,-1.152087,-0.91631883,1.9093341,1.7393185,4.6774178,6.0171027,4.2384315,5.7356815,3.1805382,3.1243815,2.2109697,5.2472405,1.4237419,5.0255027,1.6580241,2.221164,calm
-644.26904,43.547195,-5.838418,7.798074,-6.1381946,-5.0176806,-4.065014,-7.9815655,-6.299098,-2.2558684,-4.6757936,-6.6697464,-5.13491,-1.9096936,-6.4803224,-3.9366336,-5.5315866,-3.3061898,-5.004735,-3.295721,-1.883254,-4.1241837,-1.9002832,-1.8041734,-2.5012264,-1.0560712,-0.6002092,1.7700208,2.0504375,1.9387513,-0.16792163,1.8804512,0.9692197,4.511663,4.101115,7.490854,2.5633454,3.3058527,0.9972544,0.6072758,calm
-654.7285,46.224503,-8.825291,7.3819704,-7.8286033,-2.7550023,-5.140015,-9.549978,-4.8942914,-3.7259579,-2.7659783,-7.619688,-5.975799,-0.21125202,-6.542595,-4.1478953,-5.9785533,-4.043746,-4.7875557,-4.5536904,-4.3342104,-5.887567,-3.75722,-0.99242294,-0.31056845,0.91750574,0.38775477,-0.10518234,-0.8586418,1.133739,-0.21170555,3.1087275,1.9711277,4.4204636,3.7960868,7.261314,3.383905,3.1881957,-0.81989324,-0.23006624,calm
-651.52234,41.243298,-6.728539,0.9630482,-7.4115567,-2.540201,-8.835062,-11.491201,-8.204978,-2.871476,-7.1914587,-8.530297,-8.152103,-1.5045552,-9.02259,-3.408265,-4.90608,-3.7781162,-5.9003043,-4.1718206,-2.918139,-6.2459598,-2.0056436,-1.0957212,-2.3951223,2.2665465,3.4130719,4.535681,5.4035873,4.4662976,2.733094,4.62002,1.6882331,3.6676922,3.0337825,6.109003,0.7505534,2.261741,-1.0528361,0.9175029,calm
-657.25,47.33328,-4.962772,3.1611543,-6.31841,-1.8223615,-7.8445582,-10.28582,-6.404776,-1.3007373,-6.015566,-8.7457285,-8.5443325,-0.46137035,-8.776854,-3.3057396,-5.9257207,-3.7064734,-6.0095506,-4.508315,-4.269277,-6.852956,-2.8632488,-2.9160328,-3.306552,-0.11250228,1.2821772,3.2112403,3.7294588,4.2915382,1.2819424,3.9283864,2.0990264,5.3244624,5.679653,7.5813794,0.95682746,1.6865475,-2.2778692,0.18741949,calm
-584.8095,43.184868,-21.30186,8.527552,-6.874346,-6.161053,-4.6324816,-12.898247,-4.476372,-3.367257,-5.523036,-2.7173173,-8.498698,-0.8514787,-5.487567,-3.7830944,-2.3817244,-1.672478,-3.2050343,0.8978925,-1.6869013,-2.9235709,-1.1655442,-1.2125562,0.27427733,-0.9439514,0.38675398,1.5390527,2.2920926,2.4616733,-1.7387632,0.8211914,2.0465817,4.492945,2.1671045,0.47753206,-2.8688428,1.6779261,0.7933223,0.88336796,happy
-604.6987,45.07209,-17.890179,12.041526,-6.429033,-6.6028,-4.5485315,-12.551145,-3.5843368,-4.1316247,-6.3168325,-1.837649,-7.8100595,0.08196883,-5.0037317,-4.442169,-2.0678325,-1.3386695,-2.7114372,1.8062685,-1.7319448,-2.9901624,-1.5969238,-1.578869,-2.012733,-3.0562665,-1.4538943,1.4202684,1.8168415,3.9354851,-0.03430624,2.8958435,3.3296714,5.248809,2.3432434,2.7393417,-0.949762,2.3039608,-0.39304525,0.21118125,happy
-596.9097,42.28311,-20.867561,5.3886557,-8.000669,-6.724699,-8.967098,-14.922027,-5.081355,-3.6502304,-8.352837,-2.456527,-10.150616,-0.8689986,-6.2052,-5.7456775,-2.8439171,-4.222651,-4.3074384,0.9657164,-1.0687485,-2.6281872,-0.88401926,-1.0461596,0.23160408,1.0375481,2.5277653,3.028305,0.91175157,1.5781565,-2.341969,0.51444817,1.6954342,4.495654,4.632546,4.0204463,-0.5490449,1.5464573,1.5065358,3.1891978,happy
-593.0543,46.503887,-15.529931,8.504859,-6.198272,-6.078748,-8.619364,-12.890373,-3.1055381,-2.15818,-7.117529,-1.9770372,-8.486348,-0.23626766,-7.0339036,-4.7074227,-2.8389955,-3.373228,-3.2359748,1.1408082,-2.1189969,-3.6355288,-2.5591772,-2.0032656,-1.0126127,0.62600404,2.5400145,1.7927868,1.469317,2.4004574,-0.6832323,0.88108724,0.4753238,2.6321082,3.458022,2.8612702,-2.6778789,-0.8097065,-1.009427,2.7309775,happy
-485.5585,32.210358,-29.872738,6.866108,-11.342901,-14.860304,-6.8069296,-15.646826,-3.9503899,-7.934324,-9.380689,-2.202927,-11.6284895,-0.3621134,-6.5941153,-6.231518,-0.5115388,0.7310864,-0.8629862,1.8722588,-1.9614685,-3.2060425,0.1464674,-0.48460323,0.4660042,-0.90495855,0.34180164,3.0185933,3.563713,4.3452888,1.689542,2.9993265,1.8286495,2.0951283,1.6513563,3.1122146,0.06874905,1.6656075,-0.5491595,-0.018484592,happy
-483.8502,35.787163,-30.68064,6.018523,-9.470606,-15.612417,-8.272376,-14.029022,-5.0692525,-5.9015927,-9.294798,-0.6474196,-10.770746,0.76001984,-5.184194,-4.7305756,2.4308617,1.1367165,-0.509975,1.8175254,-0.9482896,-2.864163,-0.47935352,-0.6554478,-0.7537387,-1.358402,-0.24223548,1.1568611,1.5287365,3.29735,3.1861503,6.3768086,4.98669,3.3733041,1.3956025,3.3856118,1.133796,4.321345,1.1515107,1.5768543,happy
-534.45734,38.031597,-22.94729,4.590477,-6.4561396,-11.968885,-11.765813,-14.9696865,-4.122636,-3.665528,-11.607719,-2.2014947,-10.770111,-1.0105661,-6.571298,-7.768199,-2.5780647,-4.6129026,-4.0364623,0.91699064,1.424618,-1.9639835,0.15885162,2.2319326,1.5670297,2.191893,2.4418316,2.570826,-0.6895233,1.2021204,1.5053355,4.8796883,4.869136,2.6619105,1.6028656,3.041494,0.4315133,2.2104306,1.8405422,2.70182,happy
-535.57874,36.26328,-22.62245,4.0168138,-8.62528,-12.712104,-9.146528,-14.396338,-6.2735662,-5.957328,-10.965573,-1.8183453,-11.756157,-0.3367522,-6.705957,-6.56182,-0.025820337,-1.0245831,-2.0158758,1.8766122,-0.9340493,-4.377643,-0.71966386,0.23311245,0.44885737,0.82361937,0.6343244,3.0015843,1.0825913,3.7978187,3.1368914,7.189608,5.9874988,4.1042066,3.4896028,3.7490096,1.5076917,2.9533577,1.298441,1.5950677,happy
-676.1186,52.612183,-9.78405,7.1978965,-6.0254574,-4.5275693,-6.722466,-10.6761875,-6.1121945,-3.997292,-4.9271135,-5.511841,-4.9986024,1.400141,-6.0780745,-2.925701,-4.786627,-2.1934528,-5.385062,-2.509035,-2.3269923,-2.4201877,-2.644724,1.0021067,0.7979111,0.12663618,1.444904,2.0023577,3.024817,4.1251993,3.5648234,8.542057,7.8879385,7.7530384,5.4416656,4.159565,-0.892218,0.52138066,-0.7815649,0.8106122,sad
-668.7458,55.410492,-9.870233,8.890352,-5.384462,-3.2466261,-4.7142086,-9.191695,-6.5311093,-1.5827595,-5.251599,-3.7161431,-5.4978647,0.35455456,-5.951033,-3.5115047,-4.725511,-2.425875,-5.2492337,-2.471066,-1.4833498,-2.6925054,-3.5316741,-0.49685407,0.23807764,-2.4574668,1.32427,1.9805478,2.8576412,5.1202393,3.3148515,6.9200845,5.6810884,4.440401,2.3834786,1.321353,-2.4671972,0.13654791,0.29909047,0.41162324,sad
-655.2373,43.462273,-5.002816,4.387873,-4.940769,-4.590479,-9.256331,-11.396569,-4.4611225,-2.9189167,-6.406669,-3.5330727,-6.676326,-0.5847656,-6.7038407,-4.321035,-3.580157,-3.100879,-4.652702,-2.4426603,-2.6877391,-5.397142,-4.6868925,-1.7978506,-1.696601,-1.4127156,2.413179,2.0491586,1.9486283,1.366539,1.794186,8.0490885,10.709719,11.833727,9.373777,6.264995,-1.2482194,1.5263919,1.1183553,2.5809045,sad
-677.3318,44.626945,-5.7730784,6.7751913,-3.2082837,-3.8464131,-7.0366197,-9.984122,-5.6840844,-0.6310419,-6.12343,-3.478182,-6.170365,-0.7735035,-6.299139,-2.8782015,-3.4004102,-3.0240128,-3.6206572,-3.3570406,-2.1072094,-5.224,-4.7354016,-2.6640594,-2.2036362,-2.8743982,0.4869397,2.0128124,3.9206102,6.1713815,5.869054,10.84974,11.272375,10.659723,7.7395463,5.548468,-1.6817155,0.27936015,0.24695094,3.0719278,sad
-660.48944,47.498463,-9.866229,6.096144,-9.001066,-6.4437566,-10.155412,-13.963024,-9.411345,-3.9805984,-7.930611,-2.4514308,-7.068348,3.14291,-5.0681252,-5.5556984,-3.0809145,-1.1608279,-3.3660495,-0.12511031,0.5741576,-0.1444994,-0.3127168,3.6400244,5.000874,4.716337,6.3461237,2.6501012,1.7300843,-0.26461104,-2.7684293,1.816291,0.5371224,1.2042906,-2.18736,-0.1177732,-2.3954172,-0.072115004,-2.1733463,-0.4698989,sad
-678.107,53.828526,-5.613646,8.015998,-4.945123,-4.4980354,-10.079592,-11.96143,-9.157068,-3.4231353,-6.89302,-3.2425368,-6.7743263,-0.6266337,-5.3276935,-3.53303,-2.7210994,-0.80404437,-4.9366045,-1.5621828,-2.3039432,-1.9286854,-1.2923791,1.3649586,2.2703817,1.8360332,4.991408,5.3633747,5.242982,4.0404897,0.54205745,1.8472855,-0.3932627,1.5341729,-0.3677699,0.6756309,-3.1384954,-0.81404674,-1.5503976,0.5549976,sad
-662.6597,43.95871,-6.31063,4.213039,-6.307641,-4.72842,-11.087015,-14.509219,-10.578533,-4.6570067,-8.425256,-3.9502354,-9.41988,-1.2525394,-6.5429726,-7.5068502,-3.2493546,-3.591666,-7.443288,-2.5370686,-3.865131,-4.674048,-2.1781242,2.0422823,3.3805757,2.091611,3.5964668,2.493377,2.6617904,4.20748,2.2382522,4.784096,0.9782791,0.88557976,-2.0483947,0.9513725,-1.5909451,-1.2080975,-2.2196612,-0.6520768,sad
-660.486,44.381096,-6.904634,5.11592,-5.3449244,-7.172714,-12.497758,-13.778645,-8.887341,-2.7393901,-9.832709,-3.871117,-8.513406,-0.6581806,-5.2633724,-7.26176,-2.374835,-2.7533011,-6.55544,-1.6346266,-2.2646604,-1.9527959,-0.32297674,5.393613,5.2350593,3.5798345,4.1638393,1.4898584,-0.806889,-0.03262797,-2.2525148,2.4667542,-0.5881913,-0.5277202,-3.3635967,0.28334707,-3.1940188,-1.2121211,-3.0586975,0.4673292,sad
-562.57446,43.78187,-10.402452,6.0484643,-6.3162794,-4.7099433,-3.6898515,-10.246,-4.4205613,-2.2729363,-2.9810677,-2.3496072,-4.839126,0.9494077,-5.193586,-3.7432346,-3.713258,-2.1609643,-2.091409,0.9295089,2.0655704,0.44952375,-0.10893096,-0.9737772,0.8497676,1.3955344,3.6820395,2.9719577,0.25249803,0.72603595,-1.1172503,2.8002043,2.1564937,2.892636,0.4382001,1.4201972,-0.8334671,1.434363,0.5390827,0.8352155,angry
-532.0913,42.358128,-16.971233,7.453699,-8.148302,-4.63737,-5.435113,-10.416671,-2.704224,-0.8080578,-2.2053719,-1.9357879,-4.137694,-0.07256793,-4.9716334,-3.5301087,-2.7735267,-1.3628753,-1.7400683,2.6922433,1.3530118,0.29248852,-0.5309121,-0.34798014,0.2998116,0.7278675,3.4978979,1.6703186,0.6273047,0.24674025,-0.7180953,3.3803554,2.3481479,2.8802805,1.9743532,2.2416074,-0.7407653,1.5099453,-0.352774,1.289912,angry
-573.29675,45.841038,-9.815436,4.286421,-8.331692,-3.4894338,-5.2287693,-11.024237,-5.628939,-1.9968005,-5.7729263,-2.4142268,-7.066335,-0.0021707967,-5.819953,-4.5974197,-3.2997425,-4.7078238,-5.5506687,-2.0330923,-1.7223029,-1.8037001,0.43000558,0.083638385,1.1157619,1.4491091,3.3008149,4.0176506,2.9186676,3.7454376,0.6649637,2.5620067,0.34553993,2.1196938,1.1288081,2.0091033,0.078742184,0.9803992,-0.7160351,-1.3030881,angry
-562.36847,41.374588,-15.704152,3.7824314,-11.244979,-6.927745,-5.256913,-12.7498255,-5.8923283,-2.6502147,-5.279857,-2.4545405,-8.410738,1.4885979,-5.836223,-3.431045,-3.2529058,-6.2137017,-6.6099973,-2.012252,-2.07832,-2.776336,-0.8969896,0.043995555,0.89795583,0.84918433,3.0582082,3.5905356,4.6216636,5.1738596,0.41235682,1.5484035,-0.7501158,2.2795055,1.7309477,2.4208694,-1.2229627,0.07467168,0.5033592,0.79395545,angry
-443.42944,29.981758,-23.440504,3.0224888,-14.731199,-7.9682097,-2.6709785,-13.843132,-2.4567146,-4.553096,-3.811007,-3.1909862,-7.0461507,-0.74173033,-4.179706,-0.8060734,0.41734776,2.6405613,1.3202732,3.5437849,1.7734656,0.6422985,-1.1957138,0.3801245,1.252854,3.1462464,3.4813743,0.5575019,-1.5163133,-0.9260631,-0.038712543,2.9445868,-0.27949804,1.3526204,1.3698772,0.13701224,-0.78607655,1.7984312,0.33202776,1.4736843,angry
-467.90463,33.208317,-24.262503,2.993979,-14.986861,-7.1980157,0.19980648,-12.791638,-4.0860057,-4.7434196,-3.6555762,-1.9970081,-8.259774,0.2684353,-5.2980886,-3.3061738,-1.0010145,0.91589135,0.06756865,2.7243485,0.41678786,0.14382035,0.2574521,1.9092962,2.6484675,2.9557652,2.6604366,0.4609637,0.91568744,1.6284565,0.02742344,1.4584973,-1.7031114,-0.032290287,1.6757541,1.7824563,0.2081804,1.2317126,-0.66807646,1.268494,angry
-422.59006,25.627523,-30.71119,-4.462034,-18.371431,-12.682888,-4.1518946,-18.2899,-7.3128514,-7.3090906,-8.170983,-4.6276426,-11.359122,-3.654944,-6.085146,-1.7844033,0.27767575,3.5641856,3.0174508,5.6056967,4.9018645,4.251273,2.4812043,0.6893253,-0.34284532,-0.74415225,0.22340265,-0.79595566,-2.7637026,-0.63920707,-1.0846696,1.9609121,-1.1023325,0.17978264,1.6765078,1.5384558,0.04869547,1.7695158,1.5049247,3.832807,angry
-416.28802,23.786081,-30.84158,-2.1526594,-19.170498,-11.236554,-3.3947005,-17.0528,-6.166669,-6.7994413,-8.149091,-4.606156,-11.811432,-2.8507411,-6.6074967,-0.955269,1.3659285,1.9884067,-0.8620863,3.3295863,0.9137582,2.5464654,3.8531404,3.2167397,2.3166542,-0.6253468,0.4428084,-0.41279915,0.23219326,0.57555974,-2.0834942,0.45861006,0.2849554,1.9885951,0.4663618,-0.81136715,-1.0804381,1.3130556,-1.903828,-0.51586217,angry
-568.15845,33.30165,-26.176714,4.7828236,-12.257127,-9.782232,-8.575203,-15.386595,-6.1311226,-7.414159,-6.446827,-5.3656745,-5.022464,1.8471662,-5.6461253,-4.8802013,-7.3825965,-2.5675793,-1.9373881,5.1372623,7.4677157,7.652653,7.6868086,7.7586904,2.9408445,1.2862552,3.1406348,1.8981788,0.79084617,-0.47590604,-3.4437828,0.20293407,-1.919535,-0.8920057,-1.3419497,-1.6978267,-4.3254285,-1.6380104,-1.3454815,0.4554955,fearful
-569.3612,33.500244,-25.722399,1.9065822,-11.115144,-8.923905,-7.3086634,-16.626795,-6.7482615,-5.9886703,-7.158735,-5.2317195,-5.986692,2.817409,-6.734749,-4.475832,-3.0557122,0.040180467,1.126393,7.478914,8.228278,7.49109,4.3779936,5.355839,1.708687,-0.64497334,1.0281957,0.43639645,-0.020735936,-0.9918346,-4.493222,-0.39935184,-1.4044707,-1.2272046,-0.35880578,-0.9519517,-2.6685698,0.19988379,-1.033117,-0.46038315,fearful
-566.02734,31.305124,-24.584505,2.3227863,-9.488269,-8.973363,-10.463872,-16.33096,-5.306,-3.561721,-9.028213,-3.659047,-6.8744125,2.0151017,-7.4270406,-4.10861,-3.4852617,-1.7091291,0.262479,6.496715,7.696747,6.794789,5.450953,6.225844,2.5908854,0.26000133,4.3681226,1.581778,0.5545071,-0.17687048,-4.0131454,0.531497,-2.2849498,-1.2819752,-1.6703868,-0.80961704,-2.9538713,0.25972378,-0.66814286,1.2212104,fearful
-570.0003,29.231855,-28.57205,-1.1719393,-8.9689,-10.660742,-13.617955,-19.1574,-4.766867,-3.6555235,-10.312674,-5.831185,-4.9526563,2.873457,-8.871243,-3.453366,-3.424303,0.08703272,5.244878,12.59362,14.37722,9.615438,4.689367,4.2247195,-1.8333892,-2.7912455,1.0087293,0.08294895,0.83820677,-1.7631948,-4.955723,0.33948493,-1.594679,-2.3104975,-2.0561717,-1.6742404,-3.6028583,1.6571316,0.41518942,3.374539,fearful
-517.5043,20.993107,-31.983929,-0.5005143,-15.073192,-12.852131,-8.589692,-15.689876,-6.7601185,-2.9079187,-10.193745,-5.2646227,-6.421015,3.4189568,0.2615471,6.378785,11.616043,11.013202,4.8299522,2.1146698,-2.9363866,-5.265141,-2.6878827,0.47933266,-3.4147682,-6.1004577,-3.18478,-1.8078607,0.09797266,-1.5241245,-1.3362626,4.745493,4.6401625,3.524791,0.36025414,2.2912407,-1.8564463,-0.34997872,-2.3418968,2.13827,fearful
-494.52982,18.056475,-30.07168,-0.72376186,-13.800604,-13.927187,-7.849656,-15.514229,-8.308817,-4.568154,-10.636232,-3.0921698,-4.921131,3.9138715,-0.9176836,4.6736403,12.680528,13.339912,6.6359777,3.376249,-2.1489093,-6.6683893,-4.076661,0.039096516,-3.066669,-4.8357654,-3.213534,-2.828884,0.40545616,0.17182776,-3.3616843,1.1355798,0.5337751,4.8496804,2.0540686,1.9276084,0.66967946,1.0551044,-2.5372617,-2.0237994,fearful
-492.15945,15.558997,-27.027588,-4.952843,-11.933763,-12.674922,-8.616406,-13.488604,-6.9626627,-5.6960545,-10.570783,-4.4703984,-7.3906784,3.2411609,-1.210008,4.1427994,8.635644,10.562964,6.138142,5.4815335,0.11815985,-4.363031,-3.4909358,-0.69047105,-3.3834565,-4.5286536,-2.6797395,-2.5908775,-1.6372937,-0.6735787,-0.28191507,3.9796033,-0.3298655,0.9093434,1.3413128,1.1193975,-2.0906198,3.1443944,3.5826302,1.3031163,fearful
-484.41245,20.069897,-26.202553,-3.4934545,-11.735559,-10.517629,-11.534222,-16.212563,-5.505386,-2.9321697,-10.344188,-3.2629156,-5.5982776,3.1711562,-0.9269525,7.3013916,11.409839,10.38527,5.858206,4.81857,0.9444791,-2.1867292,-1.1140195,-0.9526543,-4.558672,-4.0205703,-0.07547731,-2.1158948,-0.91467255,-0.057277545,0.8683745,4.896241,-0.8590016,0.26742217,2.518764,2.1119978,-1.554253,3.3331065,3.0530107,2.1400566,fearful
-632.8413,51.21266,-12.331495,6.838382,-8.293319,0.9601429,-9.003005,-12.055547,-3.9691155,-1.2512877,-5.335915,-1.2540851,-5.6199713,1.1761231,-5.672439,-2.600095,-4.4581013,-3.4354582,-5.7522254,-1.5121654,-3.7676947,-3.1364655,-4.744059,-0.15192677,-2.2738056,-0.47756958,-0.051993508,-0.5778565,-0.24639058,0.0843384,1.252146,3.1459885,3.300395,4.645517,2.6815603,2.1633916,-0.69257253,1.050978,0.57728934,3.5092533,disgust
-644.4018,57.697067,-13.365279,9.040555,-9.703859,-0.13237758,-8.262967,-13.345395,-6.544705,0.04526301,-6.3503103,-2.7915785,-7.690273,-1.0078338,-3.8403432,-4.5889516,-3.8920565,-2.923793,-6.0273676,-2.642251,-3.3327975,-4.270638,-6.4901595,-2.225541,-3.9759848,-2.2406254,-1.4880478,-0.8999418,1.4019861,1.7122082,-0.94012606,2.5095332,-0.47512487,2.9122307,1.7588007,3.3289673,1.0834306,1.6079525,0.06885176,2.1644745,disgust
-617.70825,51.448154,-8.872244,4.0578604,-5.3771267,-2.7267356,-8.020705,-13.039913,-5.713918,-0.29330134,-8.882758,-1.9249998,-8.139462,-1.7113006,-5.5829515,-5.4072146,-2.5010216,-4.7428207,-5.4195266,-2.899733,-3.8352752,-6.363343,-6.1255174,-2.8795564,-7.4012303,-3.9919426,-3.7901757,-1.0990845,1.6556207,4.2822657,3.4913652,5.1406975,1.3520294,2.0489857,-0.2688522,1.5479953,-0.15590097,3.681482,3.2387018,3.9398682,disgust
-629.4979,49.499107,-14.41869,5.444786,-7.956004,-5.201761,-9.80117,-15.274471,-4.044487,-0.23157373,-10.309918,-1.9046065,-9.48154,-2.9558547,-6.174196,-4.41143,-3.0291464,-5.54383,-5.260104,-3.5681844,-3.9109402,-6.5001426,-4.713102,-2.0855777,-6.8213377,-2.0593982,-2.9291968,-0.063554324,1.5382612,3.4942017,2.6519837,5.3999643,3.1614916,3.821435,1.8667305,2.7745945,1.529551,4.5283666,3.9033158,3.6800566,disgust
-575.2467,44.43741,-16.959576,4.7619777,-13.912288,-4.0354643,-7.8188396,-14.425544,-6.4001293,-1.088178,-8.5031395,-3.4330127,-7.31481,-0.9594099,-7.039754,-5.026407,-4.1135983,-3.9700518,-5.308692,-3.4774969,-4.0998564,-4.1166506,-5.426574,-1.850312,-3.2218385,-0.8856245,0.14886491,1.2359712,2.9582152,3.061671,0.64386654,3.7899358,1.5270749,3.081313,1.2809868,1.3465064,-1.1738029,0.30018735,-0.50286543,2.488352,disgust
-574.17163,45.985577,-12.048973,5.8375087,-11.664725,-2.1122396,-5.3767185,-11.543213,-5.600093,0.08080121,-5.4874105,-2.7520897,-6.636899,-0.43526313,-6.290841,-4.3223276,-3.8241887,-3.6146045,-4.794441,-2.2631273,-2.320497,-3.8987665,-3.8719385,-0.46012574,-0.114647254,1.9300718,2.721993,3.3687155,2.6434443,3.6634562,0.6182727,3.815084,1.2871401,1.6813108,-0.30835658,0.6583965,-0.74900067,0.9572892,-0.36229426,0.38318524,disgust
-549.81213,47.06897,-15.313465,-0.7237249,-11.330708,-5.2434406,-13.013493,-15.76116,-5.324897,-2.7369678,-11.184812,-0.12918532,-9.21057,-3.396351,-5.2882433,-6.4769797,-2.7622283,-4.1405625,-6.278329,-4.449113,-3.1122186,-7.6127663,-4.291052,-1.9942675,-5.067465,2.7848902,1.9337327,6.195901,4.8231874,5.0212965,2.713875,3.9307587,3.979555,5.849031,2.6464117,1.8328178,0.17995872,0.8733866,0.6080376,1.8719766,disgust
-558.0113,46.11991,-15.717796,0.9681579,-10.402453,-5.3880024,-11.228688,-13.6859045,-5.9222693,-0.80508703,-8.620476,0.921049,-9.203617,-1.3887929,-4.240809,-5.589461,-0.388535,-4.8438377,-7.0141664,-3.1705122,-4.872121,-4.210284,-4.5092115,-1.9289123,-4.268134,0.21933036,2.2639742,3.8286734,3.7279122,6.1341286,5.4720016,8.615437,4.611938,5.073535,1.7914195,1.4709998,0.82488936,1.7564384,0.23249677,1.0074726,disgust
-578.057,38.45091,-14.525625,10.058563,-7.2689314,-7.3384404,-3.0743456,-5.9540734,-3.0855606,-3.6333282,-4.0912704,-4.7672715,-3.2583678,1.7237782,-1.9427792,2.3594868,-0.7906584,-0.31475118,-0.990852,2.3492448,0.36037773,-0.8542897,-1.9576404,0.14231373,0.39257112,1.2793604,3.696187,3.2061114,3.9253464,5.3712053,3.4899871,4.236898,0.21340534,2.6055038,1.8906393,4.325501,0.4807543,2.482819,1.0814878,1.7040939,surprised
-603.9681,40.32789,-17.770468,4.8910594,-7.06115,-6.619169,-3.3937278,-7.9255214,-5.9847026,-4.9160895,-6.8119974,-3.187677,-5.3296027,0.47403437,-2.486706,-0.60697037,-2.2369983,-1.192447,-2.5890644,0.97046065,0.18305261,-1.1700633,-2.32405,-2.8686943,-1.6440172,0.506521,2.6568437,2.8420343,2.3110483,2.2334282,1.2648872,2.8840513,1.1487923,2.0897174,1.2736866,2.0732248,-0.67228496,0.42688712,0.8371887,3.17371,surprised
-599.4859,40.099976,-13.991026,3.4786901,-8.02378,-6.8684616,-4.173533,-10.127123,-4.4332776,-3.7810795,-8.020548,-3.500002,-8.291982,1.9977158,-3.9672754,-1.1352875,-0.19695605,-2.497081,-3.5233216,-0.027009927,-1.1800672,-1.9471942,-0.5621655,-1.2277459,-1.0889488,-1.3877158,-0.15701899,0.6256294,0.5414482,3.5061524,2.9842927,4.497795,1.0174344,0.86193526,0.49565428,1.527641,-0.75729054,0.76829326,0.6631338,1.3474383,surprised
-586.8292,39.77555,-17.666689,5.283215,-7.917848,-10.404181,-7.942467,-11.435494,-6.3265853,-4.952375,-7.996313,-4.699689,-5.680841,3.7953858,-2.7988913,-0.7810783,-2.1185849,-4.0016556,-4.1195054,0.2890789,0.4735996,-1.4395962,-1.624307,0.2897534,0.6392994,0.5481231,2.2431362,4.25148,3.6972668,3.8083441,0.54413396,3.5274541,-0.211461,0.24568187,-0.015602299,2.1912017,-1.3950814,0.08887696,1.1622323,3.060843,surprised
-530.01263,33.292168,-18.1938,5.5853605,-9.724308,-6.472582,-3.9477248,-9.3031845,-5.139335,-4.2057023,-4.9706597,-3.4273872,-2.2422042,6.3794975,1.1946929,0.5214978,-2.1376104,-2.7871804,-4.8035917,0.60630935,0.010785422,-3.1121721,-3.0628703,0.2592662,1.1654735,3.811028,1.1391112,5.194336,4.8592863,4.2359185,1.901885,2.9114523,2.2868207,1.5556694,0.4625009,1.6963719,-0.21649468,0.9173948,-0.14692374,1.4949334,surprised
-538.60986,35.79179,-22.749155,3.7383606,-11.058676,-8.571917,-3.4365327,-8.093793,-5.6118436,-3.8546758,-5.853819,-2.7402108,-1.5029957,5.8781004,0.8642015,0.6521963,-1.5100251,-0.047247343,-5.1804867,0.3215462,-1.7970682,-4.5569544,-3.4539921,-1.2417758,0.38180092,1.1258692,2.589444,4.0004344,3.2818806,1.9648312,1.098231,4.3921256,2.7681255,2.9796348,0.80318296,1.885801,-0.11244567,0.95942914,0.9055835,1.6712962,surprised
-536.0383,31.846027,-15.307126,-0.40857482,-11.525758,-12.030971,-4.7934747,-11.916799,-7.2935114,-5.8916764,-5.709252,-1.6230545,-5.2399793,3.4266317,0.20718427,0.62796205,-0.24954963,-1.2178149,-2.5382025,0.16378851,-1.6920422,-1.7804112,0.37269217,1.5756654,1.5096365,2.5856028,1.7859795,3.5472553,1.3833635,2.46516,1.0101643,3.614631,1.77947,3.1450477,1.784037,2.0984051,-1.9024048,0.17690112,0.08728075,0.2674612,surprised
-517.1415,34.13823,-20.86823,-4.6284084,-12.921586,-10.614435,-8.854368,-13.673905,-6.969841,-5.7662835,-8.782565,-5.2931848,-8.421561,0.95349866,-5.819255,-3.182034,-2.029559,0.44596076,-2.087908,2.1229982,-1.5583748,-3.3441777,-1.1076118,-0.014448352,0.15356946,0.65972155,0.19328983,3.2428102,2.16871,2.7855697,-0.5651882,2.81443,1.7899456,3.2098582,1.4426428,2.0223508,-0.28433806,0.42153978,-0.12851407,1.133988,surprised
-614.73914,56.70819,-2.685535,10.650176,4.240806,-2.4720972,-12.03572,-6.65451,-3.1527145,-8.526168,-1.9532496,-2.605839,-4.9945345,-0.8218536,-5.9731197,-1.703363,-4.6929917,-2.8690095,-1.9748096,-4.9853473,-4.1624002,-4.5853844,-3.9446702,-2.9455624,-4.2574196,-0.6129863,-2.5554833,-1.5733187,-2.6173046,-1.4212732,-1.5479914,-1.5992123,-1.4543744,0.78825694,0.09517183,-1.148093,-2.6098475,-2.0228512,-1.139469,2.5688114,neutral
-618.5003,67.16306,5.289751,16.971664,10.753806,1.64241,-7.73416,-3.596293,0.75317967,-4.4280972,0.44024718,0.39507475,-0.5094587,2.3616443,-3.5797467,3.741974,-0.5786321,0.42970085,1.7541801,-1.3777251,-0.44696975,-0.85437185,-1.4614938,-1.1100583,-1.4783971,1.8336618,0.21526359,2.6671014,1.3573875,1.8034793,0.92380476,1.1375294,0.4557089,2.3816614,1.4510216,2.0703516,0.7590697,1.6038121,0.71592134,1.7185875,neutral
-626.6999,59.548996,-0.16429643,12.612996,6.018281,-0.5424566,-13.246388,-6.055283,-4.3443403,-8.161105,-0.0080305915,-4.153291,-4.067323,0.27733636,-5.8353076,-1.7845271,-3.6408324,-4.151525,-2.494717,-4.2701616,-6.0617433,-2.7068627,-4.071733,-4.63862,-4.850959,0.00046514045,-4.3186817,-0.84167826,-2.3445268,-1.7278742,-3.083055,-3.0999517,-3.3545072,-1.4550337,-2.7600565,-3.3566818,-3.815238,-3.3971925,-2.789278,0.66943747,neutral
-615.3663,55.919556,3.1576,11.845132,6.6712923,1.0603586,-15.418916,-7.8669305,-5.6997433,-8.891807,-2.1577637,-2.9280412,-3.7435486,-0.8960219,-5.7435317,-1.2260721,-2.9607806,-3.6102262,-1.2887849,-2.2568254,-4.2241316,-2.3334992,-3.5424242,-3.8129199,-4.1875086,-0.05446416,-3.4996326,0.6760828,-2.0019214,-1.3679043,-2.4248827,-1.9516507,-3.1531732,-0.5156251,-1.64112,-1.3592178,-2.1811106,-2.491124,-1.5463926,-0.2449172,neutral
-635.1229,63.97642,6.700347,11.793031,7.1260524,0.12350372,-11.55465,-3.8118796,-1.6332909,-6.4070325,3.9669476,-5.0955424,-2.7082248,-1.2065102,-5.728957,0.6001285,-4.042745,-2.555107,-0.8583132,-4.519006,-3.2614264,-3.2835739,-3.8939025,-3.4846177,-4.594414,-0.22253464,-3.684335,-0.48744175,-1.9815166,-1.1211965,-2.5837145,-2.350976,-2.8241582,-0.7139515,-2.3830702,-1.8899906,-3.7937996,-4.4882655,-4.0411134,-1.7531406,calm
-630.1148,62.421486,0.3167775,10.669068,5.1083555,-2.58851,-12.761922,-5.0758743,-1.9668045,-6.2913136,3.3330662,-5.8721204,-4.084897,-0.5377867,-8.137128,-0.5243097,-4.9392433,-2.666294,-0.6987043,-5.750025,-2.8771057,-3.3122907,-4.8792453,-4.1946807,-4.640115,-0.9389875,-4.540738,-0.036644597,-2.4733539,-1.8521106,-3.3229587,-3.119542,-4.168714,-1.7547941,-3.4508543,-2.5564208,-4.4484797,-4.6310544,-4.941544,-1.8952389,calm
-634.46436,71.501274,-1.0364518,9.68161,11.8833475,-1.9640007,-20.343641,1.6000549,-3.3252761,-8.641359,6.285799,-7.7494793,-2.6065223,-2.5279522,-4.35737,-0.43344623,-2.846644,-1.4318385,-3.0122917,-2.959897,-4.013935,-3.5333686,-2.0510435,-4.271861,-4.736152,-1.2846959,-2.351642,-1.8230147,-2.0670342,-2.3834453,-5.0160227,-0.3188191,-3.6278641,-1.2073008,-2.886046,-0.28321752,-4.8486996,-3.9010422,-4.5253873,-0.92185277,calm
-550.0109,54.878986,-0.9466515,4.623076,5.761267,0.06480907,-16.534637,-4.167801,-2.9913292,-9.533559,5.8004384,-7.0580487,-5.0088286,-0.35018742,-7.5649195,1.5286233,-4.8365684,-3.8714159,-0.85635173,-4.8812056,-5.3697014,-1.1883231,-4.181606,-3.608038,-3.6827385,0.9231875,-3.081817,-1.4962205,-0.7106894,-2.1285386,-2.426435,-1.2794603,-4.4480205,-2.3770776,-2.096018,-1.163498,-2.8820422,-2.0250487,-0.86474717,2.8600557,calm
-550.4463,80.50827,-15.831251,4.9351,-0.5991323,-4.680715,-19.925549,-5.395381,-4.214595,-11.457953,13.990684,-5.919239,-3.9411302,1.6076529,-7.9869294,1.9209602,-2.004861,-3.0311036,0.106542125,-4.446971,-7.5493727,-2.0838869,-2.5450134,-2.808794,-2.9497764,-1.5739127,-1.8266314,0.8591061,-1.2728256,-1.5837964,-3.759368,-1.748361,-4.0910645,-0.23392364,-2.8545747,-0.29035652,-4.22484,-4.1959186,-3.9674034,-1.5581359,calm
-522.8183,59.35227,-11.230975,7.052179,5.5283375,-3.4559422,-13.628192,-10.241685,-4.7054653,-7.2921796,4.888458,-5.3081107,-2.8448331,-1.4081233,-6.2480145,2.4756064,-3.2799325,-2.9157383,1.8448254,-4.4750557,-5.081662,-2.1362188,-3.7822282,-2.1681645,-3.0856884,-0.8897898,-3.243587,0.61738807,-1.1325366,-2.1664245,-3.524653,-2.7916367,-5.858744,-1.3744392,-2.978329,-0.89325565,-2.3516705,-3.3476477,-2.4695334,1.0123309,calm
-526.09064,61.796227,-3.5992322,7.174367,7.366132,0.03797546,-14.940064,-3.08332,-2.7865028,-8.1439705,11.950951,-5.818413,-1.8384892,3.0003407,-4.972431,4.081091,-2.6498976,-1.0474776,1.6092708,-5.6414967,-3.2937572,0.68687415,-3.572302,-1.707435,-3.539768,1.1156433,-2.2533731,-0.3988709,0.5868936,-0.46509877,-1.6756979,0.47949874,-4.3283725,-1.0789332,-1.5067936,0.92346036,-2.7887857,-1.9532753,-4.160263,-2.7287223,calm
-528.44055,59.351753,-2.7180858,5.529248,4.7113237,1.0055417,-16.69993,-6.2227902,-0.67048603,-8.199925,10.962123,-8.585979,-2.9971247,1.8680041,-7.153547,3.8909698,-2.67304,-2.6540122,0.014502999,-5.3567905,-6.323155,1.1393558,-4.8830805,-2.7930698,-2.4659846,-0.5479361,-3.0170486,0.040738918,-0.33178243,-1.3054769,-2.6828597,-0.83163005,-3.9844627,-1.9232074,-2.2363133,1.5571388,-3.2339382,-2.2793272,-3.1201363,-0.48861694,calm
-541.2651,62.418713,-10.422654,4.5837436,3.384929,-0.8195003,-14.047442,-11.29046,-9.412293,-9.156746,3.8089867,-7.4751067,-5.1424446,-1.8909137,-6.132479,-0.9331483,-4.5606346,-3.742282,-4.298532,-5.1263375,-5.967112,-4.2129946,-3.7279038,-4.812525,-4.7609415,-1.2411835,-4.73294,-0.4952972,-2.2258446,-2.2918694,-0.97223836,-0.17254105,1.030571,4.179103,2.038079,1.4158607,-2.0913644,-4.5010843,-3.4518893,1.9281852,happy
-518.686,60.042294,-13.127338,-1.5082799,-3.8239796,-0.08242925,-13.794614,-11.445925,-9.528757,-11.95062,2.020476,-9.762902,-5.4783645,-2.3400483,-7.711184,-3.6860259,-7.32073,-3.5890455,-2.467592,-6.118246,-7.3779135,-2.8694568,-5.14181,-0.86973774,-2.5079021,0.044345267,-1.8311307,1.5109901,4.8807397,3.5027497,3.957133,5.3612413,2.1872542,4.0088053,2.9387553,2.583904,-0.7151262,-1.3755853,-3.1423552,2.641225,happy
-530.7912,47.3913,-6.545995,5.063589,1.6119102,-1.8960191,-18.546787,-9.952934,-7.9847608,-12.89289,-1.8152341,-10.483725,-5.5571337,-4.311828,-7.304469,-3.1280286,-6.179641,-4.57586,-2.2595172,-4.555848,-5.229674,-2.595154,-5.7273297,-3.1406775,-4.5753527,-1.8652924,-3.4324374,-0.40716198,-1.1244574,-1.1897808,-2.1392171,-1.7415868,-0.9450041,0.9198688,2.1772754,2.747489,1.5843382,0.18414913,-0.903234,0.5572655,happy
-558.96136,52.890564,-3.8151047,2.379026,-1.7449108,3.42342,-16.881487,-9.580489,-6.4145293,-11.025262,1.7924427,-8.781248,-4.270979,-3.946178,-5.0827756,-2.5920148,-7.315622,-3.7316225,-2.3008745,-5.656375,-7.6285653,-4.3127465,-5.7000303,-4.609674,-6.499616,-3.591334,-4.9856153,-1.2440712,-1.0672514,-1.7006226,-1.4226061,-1.0650545,-1.4334713,-0.32231316,1.0510457,1.6362898,1.2026377,-1.081947,-3.4381056,-2.102447,happy
-431.03326,46.68249,-10.095126,-4.1877785,-8.119683,-1.1614602,-15.675408,-9.910147,-7.7577496,-13.338644,3.856828,-9.011376,-6.5471973,-0.32103693,-7.458118,-3.4549437,-7.008138,-3.102262,-4.4179254,-5.483225,-6.4507413,-1.1114734,-3.3553944,4.932165,7.57633,11.327828,10.088975,8.925471,2.635238,-0.14804643,-0.062956646,3.1578572,3.0333061,3.6528301,-0.66230255,1.0217341,-0.9498544,1.3617277,-1.3859152,-1.3012042,happy
-396.15756,44.288467,-16.906322,-3.54653,-12.570478,-1.2056872,-13.956591,-12.861631,-11.221938,-15.224035,3.2297626,-10.021193,-6.9288206,0.19692688,-10.855564,-3.5914733,-8.030105,-2.6941288,-4.514345,-7.183329,-9.777444,-0.16185848,-6.3649015,4.1741486,5.5652337,8.747763,9.882142,12.947435,8.312468,5.0474524,0.9804448,2.0567393,0.16905425,2.1275072,3.4454308,4.3484297,0.22489889,0.989926,-0.20980354,1.4091958,happy
-349.295,41.83825,-5.3173065,-3.2578378,-10.042331,-0.33228323,-12.243982,-14.550334,-11.553352,-17.775646,-3.0740628,-5.846982,-10.364387,0.067994185,-3.056623,-3.5567594,-6.778308,-3.1537597,-4.3113604,-3.5358102,-0.79089135,5.4889197,2.905107,4.020997,3.0394166,4.2043915,1.4184438,3.5920417,5.0477138,6.804729,3.8890936,3.7873058,-0.06026693,0.63915217,3.1157336,5.890967,2.2609565,0.78822845,-0.51323026,3.040998,happy
-398.99393,46.391808,-11.255848,-5.9670596,-3.2799878,1.220975,-15.306036,-9.986512,-9.57162,-12.807639,2.08165,-10.4022665,-5.5977244,-1.1301782,-5.6256495,-2.9286494,-6.6762495,-1.1546313,-3.772107,-6.9096913,-8.151941,0.21299973,0.081558414,3.8126442,3.8087041,4.5742116,4.156906,6.8400435,6.3373036,4.476158,0.17255144,0.05140314,0.4927894,3.8004081,3.717837,3.764069,0.1248792,-0.13261533,-2.1712148,3.7352023,happy
-657.15753,75.1743,-2.7903063,9.624564,7.000043,1.4276274,-10.512824,-5.8087816,-4.0776687,-7.4131093,0.9154129,-5.3146653,-3.8694637,-1.1297534,-6.72218,-2.0163198,-4.8350077,-0.7886723,-3.816615,-4.472297,-3.1720343,-3.3549078,-3.202841,-2.08159,-4.2794394,-1.2245775,-3.8020613,-0.08124752,-2.4354908,-0.24421287,-1.9653426,-2.5139234,-2.8493793,-1.5413288,-1.0803056,-0.45481414,-3.9442396,-3.0389361,-2.8294868,-0.82526714,sad
-658.1883,73.13756,1.8630128,9.963762,8.041509,-0.5180428,-9.756904,-4.770103,-1.4486393,-6.017495,-1.426916,-3.758455,-3.448935,-1.274859,-5.0437574,-0.09782308,-3.7739227,-1.0166452,-3.8947802,-4.2048817,-2.8593454,-4.089263,-2.8426347,-2.2736752,-4.656032,-0.60441506,-4.0380855,0.19228026,-1.8267545,1.0350157,-3.7602491,-0.4842112,-2.286958,-1.3910842,-0.9664895,-0.048442394,-1.8742415,-1.0440903,-0.8903309,0.27258867,sad
-594.85376,63.04406,-4.543606,12.328486,5.895279,-2.0754397,-13.329982,-8.391463,-4.7654896,-8.371959,1.400717,-4.7609396,-4.1459193,0.8162104,-4.360786,0.22442324,-2.8420134,-2.3722353,-1.4423463,-4.0888824,-6.5451493,-1.9807502,-0.7332208,-4.19451,-5.899555,1.1525487,-2.256722,1.3404969,-1.6305139,0.057395477,-1.7245991,-0.17439663,-2.8121772,-0.88831675,-1.1976273,-0.9015272,-2.5174155,-2.3951218,-2.600653,2.3179839,sad
-606.0394,68.292725,2.3053544,13.427635,6.59105,2.4684181,-15.653624,-6.7549834,-2.79942,-8.68813,2.2280293,-2.6438468,-3.8785224,0.0017889185,-2.746591,0.03140977,-3.0452638,-1.158088,-3.0864172,-3.3140087,-6.120239,-3.3404143,-2.2420824,-2.8688996,-6.461274,-0.8293032,-2.443804,0.07953973,-2.8773065,-0.54094076,-3.6892061,-3.4539125,-4.235654,-3.0271027,-2.8364265,-1.8115877,-4.134789,-4.0713615,-2.6812677,2.7688837,sad
-521.34845,60.81916,-14.170774,-1.8657672,-1.6061896,-7.0714626,-17.54004,-16.655193,-16.623266,-19.606726,-4.827207,-8.681572,-10.234793,-6.7624364,-6.2138195,-3.0668113,-3.7231066,-4.3934073,0.10781093,-2.4394104,-2.473102,-0.6205607,-2.132666,-1.65681,-4.0055532,0.4990067,0.14375034,-0.22900297,1.4204466,1.5609049,0.9856144,3.2647555,0.71736604,5.0039907,3.9198456,3.105434,0.59256,1.4994549,-2.7717626,0.8020716,sad
-475.92267,50.104103,-8.678971,5.361173,-0.9363543,-3.215335,-14.808564,-14.462172,-10.164003,-13.612405,-2.9581935,-10.306525,-10.030118,-5.862972,-7.2129803,-3.2323756,-4.7891507,-3.4457302,-0.29147524,-0.16610534,-1.2251037,2.4367955,0.58635885,-0.57993287,-1.8034271,2.85331,-2.4695456,-1.0320083,1.8843825,2.1945927,3.5898628,4.1995244,0.06830974,3.4022477,2.2707841,2.6730917,1.0363212,0.6381375,-0.7157417,1.6967393,sad
-423.65936,52.213753,-10.568296,7.0564413,5.6068144,-0.745992,-12.402915,-15.223504,-13.14804,-11.943203,-2.7154245,-9.729539,-4.7718105,-3.17532,-6.7496214,1.640396,-0.7645854,-2.0819514,1.1962531,0.8710146,-4.212865,-0.7962662,0.43191937,-2.347087,-5.2047834,2.9312575,-1.5043631,2.0785923,2.272168,3.4101264,3.0604732,3.2652915,3.107797,7.169016,6.6081076,7.535669,7.074143,5.9376626,3.3108292,4.124125,sad
-471.6132,56.512665,-6.448634,8.021737,3.9098854,0.78775156,-10.716515,-10.060941,-12.068987,-11.433295,-2.5220728,-6.646151,-5.8616595,-1.6879752,-4.656144,1.2700663,-3.5284722,-3.256559,0.48766956,-1.6523755,-6.8523927,-1.8361397,-1.3214941,-4.003123,-4.231722,1.5126365,-2.0021966,1.529838,0.84298646,3.4777393,3.9646587,3.7727628,3.850663,6.743711,5.9772058,7.32734,6.8406234,4.1821094,1.0646551,2.567696,sad
-612.0989,66.77941,3.215476,18.24473,6.5251675,-1.51412,-6.8244085,-11.262509,-6.1204023,-4.453384,-5.157606,-4.0324774,-2.5447843,-3.097705,-6.2853694,-0.1768423,-0.9166219,-3.4397058,-1.7994851,0.4837279,-3.6056886,-2.1828566,-4.905198,-3.5696394,-4.5000834,-2.6929827,-3.1585708,0.27664062,-1.3616444,-1.6551408,-1.1360451,-1.0958508,-3.3079357,-1.2130476,-2.7743804,-0.013105844,-3.9274106,-2.6857445,-4.592952,-1.9183618,angry
-508.9719,56.83463,-9.604199,13.843972,3.9395897,-3.581837,-7.659627,-12.343734,-6.4251127,-7.6411433,-8.225974,-4.226521,-3.674127,-3.0448751,-8.545436,-0.42473325,-1.0981716,-2.05175,-0.47115755,-1.8222786,-2.602541,-3.2846582,-4.180242,-1.8998115,-4.762193,-2.3034134,-3.011647,-0.3542112,-1.5037065,-0.42732316,-2.9048867,-0.17471325,-3.8812773,0.13836318,-0.65314823,1.7628512,-1.1362865,-0.6474275,-3.6860392,0.63841075,angry
-525.7731,59.91976,-10.032407,13.193439,2.325227,-3.6522682,-11.94493,-15.479843,-7.1778893,-6.706893,-6.7427325,-3.7050781,-1.448348,-5.2566113,-8.054729,0.3360715,-2.7997746,-1.5423312,-3.380268,-1.8706803,-3.1280894,-1.9151757,-4.724551,-3.9198825,-4.537907,-2.6669748,-3.9002209,-0.34217045,-1.952582,-1.7639416,-1.8291531,-2.7849228,-4.249191,-2.4610674,-2.165365,-2.2726605,-2.6026115,-4.3065596,-5.078052,-1.1443076,angry
-484.61078,58.158073,-10.684373,6.499304,0.9555523,-4.407826,-14.160774,-13.4748,-8.97241,-8.471829,-6.402417,-4.492767,-3.1962276,-4.915485,-9.313442,-1.972661,-2.060345,-1.8950609,-0.52586985,-2.453151,-3.5563374,-3.136855,-3.402032,-3.1368313,-6.7884116,-1.0759249,-4.328966,-1.0530682,-1.6813084,-2.22968,-3.767966,-2.3580592,-3.340735,-1.1059585,-2.0620444,-0.3480652,-2.3978066,-2.811803,-2.5306854,2.2813425,angry
-335.9203,41.721554,-17.881403,9.8450365,-11.20136,-2.876,-5.547161,-15.9960785,-4.744017,-7.3046427,-6.899955,-2.0706594,-4.988758,-1.8009425,-4.8105335,1.8113719,-2.9787107,-3.4624903,-0.10602373,-0.5414975,-1.4117419,3.1640737,1.8850305,6.2753224,2.8762448,6.9672155,7.588422,8.076293,5.9750953,6.580045,4.125724,5.1680174,1.9526868,2.0887296,1.7784244,3.6977985,0.715224,2.6169703,-1.2511364,1.5643282,angry
-326.9845,40.236984,-12.970549,9.1982155,-4.6846867,-3.7151313,-7.13816,-15.065135,-5.8896985,-5.4472246,-6.7736526,-4.2028127,-4.3710537,-1.6206442,-5.213101,-0.54441595,-2.5800202,-3.5268714,-1.2374424,-0.468887,-2.2293684,1.3653041,2.4380507,6.434095,2.445108,5.956149,5.6558332,6.0049777,4.000656,6.434618,4.3994746,6.601361,1.3812988,1.7061013,1.0196433,3.4508088,2.1229289,3.1922812,-0.4318744,0.5451132,angry
-349.29453,46.76302,-13.230843,6.2799573,-9.562721,-3.9801295,-5.718723,-15.92957,-8.441671,-5.8392363,-5.9205823,-2.7696197,-5.5665135,-1.4044368,-7.330193,1.1999872,-1.949867,-1.7131101,-0.1882957,0.9158865,-3.1513348,1.874998,-0.3166053,1.636863,1.267566,3.7618701,3.5331252,5.321528,3.5893922,3.358249,2.1221216,4.0204716,1.7711099,4.7077966,2.2647405,2.9128332,0.60097075,1.2304007,-0.12336593,1.8640579,angry
-320.8727,41.64488,-13.084023,7.5657954,-11.779684,-3.2854252,-5.0019794,-13.224338,-9.751685,-5.742704,-3.9486349,-3.2108233,-7.1931224,-0.38033035,-7.067438,-2.0247197,-2.7215588,-0.900348,0.4277948,-0.95304924,-3.9518774,1.8398286,0.34855574,2.1391954,1.908598,4.8596797,3.5946455,4.7543883,5.231873,7.2618217,4.3598843,5.613538,-0.50133646,2.1383677,1.4259919,3.7286813,1.4139005,1.1933929,-0.57632285,2.12689,angry
-576.8372,63.454533,-1.403621,11.3880005,5.119127,0.2720475,-12.445898,-15.958226,-1.3604254,-5.623588,-3.5474255,-5.928549,-6.224228,-4.2594595,-6.1484423,-0.8165522,-4.4004908,-1.9648662,-2.679419,-3.3641558,-6.1761527,-3.2372205,-2.8919811,-2.253745,-3.6129637,-1.4107441,-3.6085892,1.8859204,-3.4376123,0.2150614,-1.8143982,0.06770829,-2.3399582,-1.0369426,-1.4962035,-0.03119285,-2.1847067,-1.6974753,-2.2805467,1.973847,fearful
-516.7293,64.92369,-7.3013806,10.047473,3.8955548,-5.6322036,-16.671911,-15.7434435,-4.965961,-9.504448,-6.9772606,-7.265792,-9.426713,-4.4247837,-8.233282,-3.3326607,-7.576694,-3.361219,-2.9593525,-6.2577987,-8.201263,-5.4346,-4.254404,-4.5192986,-7.7869115,-1.5612128,-3.205566,0.3375686,-3.701985,-0.050178234,-2.4424157,-1.1394751,-3.9273205,-1.7654647,-3.5861654,-1.4525096,-3.0242314,-4.208526,-1.6667812,1.159667,fearful
-525.81226,53.228985,-3.8095832,8.82734,1.3522003,-3.2028103,-14.51686,-14.410171,-7.5156903,-9.818508,-2.8892107,-5.807409,-8.432908,-2.4805653,-5.326022,-3.5254586,-5.9206033,-4.1549006,-1.8647525,-5.0916843,-7.055821,-3.539882,-4.7060513,-4.840758,-5.7610683,-0.65414286,-3.1619627,-0.8389721,-3.1002603,-1.2132132,-3.0007584,-1.664561,-4.7132006,-1.8730172,-3.1948879,-1.3203474,-3.6795824,-2.8993325,-2.4094377,2.7364163,fearful
-545.6987,61.054977,-11.624246,9.925201,3.934009,-2.1470594,-15.215509,-14.115215,-6.5354233,-8.810173,1.4834564,-4.856945,-5.5262227,-0.5531113,-3.1921475,2.7212331,-4.103178,-2.0950525,1.578659,-3.8940165,-5.928728,-3.9577353,-2.4494379,-2.4786527,-5.247599,0.54823095,0.14871901,0.55598617,-0.6972562,0.28112692,-1.4366896,-2.0607882,-1.9508059,-1.3349324,-2.0762444,0.12148138,-2.5750008,-2.334451,-4.2186027,-0.0033285723,fearful
-371.45804,67.373146,-11.296154,13.834328,7.6265535,3.132956,-6.398198,-3.4004323,-7.1137056,-8.399637,9.624341,-7.2394676,-6.4261904,4.567616,-1.6169233,4.5829787,-4.0755706,-1.6902511,2.249123,-1.8616077,-5.231555,1.8411462,-1.2294811,-1.7163894,-0.8119438,2.9951463,2.7205935,4.6430817,3.0675852,8.081675,5.2486186,7.6674223,3.4603755,5.2168875,3.6189618,6.5586247,3.6998296,5.390646,1.3722539,4.108243,fearful
-331.31696,49.681034,-23.181204,2.6234186,-4.455309,-0.58448875,-15.657839,-19.870834,-10.283837,-15.896378,0.94936067,-11.00864,-9.310279,0.609569,-3.4562547,1.5180737,-2.8860621,-4.5354915,1.8259014,1.784139,-5.0558743,4.171236,1.5895846,3.234758,5.495054,13.467338,6.858488,10.925158,6.3606725,8.539309,5.518904,6.1208725,2.0008256,4.5383654,0.548056,5.74826,2.7305837,1.8348963,-1.8714495,-0.12548114,fearful
-390.57605,49.59278,-8.15285,7.9915113,1.7418269,5.736107,-9.831394,-15.284448,-9.6089,-12.3276615,1.6742676,-6.4549704,-10.241028,-0.527881,-3.5881839,3.4408338,-2.6842992,-2.8201122,0.6294279,1.384455,-5.8991103,1.7492043,4.1515617,3.6913474,4.502162,10.502457,9.890202,9.340461,8.029121,9.720081,4.3944883,7.6408877,2.5477047,5.113386,3.7018266,6.3681903,3.9722533,1.0695325,0.6690411,3.216509,fearful
-343.3564,53.416214,-25.460745,-4.046014,-8.754488,-1.0529758,-21.278868,-14.935613,-13.343116,-19.336655,7.7319107,-6.493441,-10.406181,2.8705785,0.59141856,2.589547,-1.9499754,-4.655416,0.92754084,0.19503242,-7.355577,3.0435476,5.812072,5.7870207,6.2350016,15.734875,10.266867,10.167936,5.009796,7.2102704,4.1694613,6.3190384,1.6872675,1.7864331,1.2089798,3.8332977,2.6545444,0.7671863,-2.2319772,0.6861341,fearful
-536.8378,62.42395,-10.484188,9.94076,1.1762106,-5.7606134,-8.437291,-7.849988,-6.6615915,-0.8201097,0.06757192,-8.02755,-4.887729,-7.173786,-5.670453,-4.091044,-4.801769,-3.951789,-3.7111022,-4.6636453,-5.26112,-6.3348064,-2.627443,-3.2076647,-6.107894,-4.534257,-2.4133584,-0.67108065,-4.674059,0.90497744,-4.269941,-1.2232606,-3.8198578,0.50570446,-2.2626567,1.3828425,-2.2586317,-0.9226571,-1.3777453,-0.38147095,disgust
-579.4808,64.06706,-4.1550603,10.677526,5.5743976,-5.3882747,-8.055249,-10.4070835,-8.094345,-3.3821862,-0.6511299,-6.7938533,-4.511095,-5.7611957,-3.2374864,-2.7074964,-3.346264,-1.9218256,-4.2713895,-3.2128992,-5.1230006,-4.1874743,-3.6860366,-3.918758,-3.815238,-2.2525136,-3.9743128,0.7758011,-4.063254,0.8735165,-2.5023482,0.052183352,-3.5362136,0.89756155,-2.904921,-1.0998542,-3.8733912,-3.153571,-5.042508,-2.9782295,disgust
-583.87317,50.527576,1.7280252,13.597336,3.6458344,-3.8875225,-14.064738,-6.664171,-3.9679613,-2.5091283,-1.2038915,-9.759271,-4.327981,-4.0598216,-2.8751314,-3.9754815,-2.705149,-4.0690684,-2.9069133,-2.844585,-7.6357737,-3.141605,-3.8319893,-4.0139866,-3.272566,-3.453128,-0.1723132,-1.247452,-2.880691,0.90518844,-1.9750063,-0.655561,-3.2952058,0.20125188,-3.0849993,-0.21536705,-4.986898,-3.7178314,-3.254757,-1.9808244,disgust
-507.78033,56.570194,-13.515379,8.34539,2.7710454,-6.1402407,-14.338822,-9.694249,-8.12348,-4.292723,1.5646617,-8.088813,-4.7356896,-8.586611,-3.0067363,-5.5906506,-2.7081182,-2.539085,-3.692257,-4.0009828,-6.116569,-5.3601274,-3.1216993,-4.1335053,-5.500517,-3.0725365,-2.326412,-0.2851538,-4.466793,-0.56841797,-2.9751441,-2.099017,-4.6143165,-0.042896464,-4.3768597,-1.3077705,-4.777397,-4.2537293,-4.837651,-2.3936877,disgust
-547.9046,67.89125,-7.307589,15.085598,4.713898,-9.615207,-11.615055,-5.792936,-3.9315417,-5.115985,-1.0172259,-7.1979456,-5.300787,-4.4587812,-4.83291,-6.2944493,-3.763658,-4.9626627,-3.9897358,-4.354228,-6.5554943,-2.8182666,-7.947074,-2.4398577,-4.5659823,-2.9884212,-5.4328985,-0.92490727,-2.6969552,0.37609872,-4.252327,-1.7828509,-3.1884227,-1.6934078,-3.2767892,-0.13710321,-3.9763873,-3.5954142,-3.2968903,-0.35812163,disgust
-515.93225,70.211266,-2.8552856,12.239088,-2.8794913,-5.545544,-10.55145,-2.7195659,-3.7161672,-5.400281,2.3537352,-5.1923985,-3.3548453,-4.9387765,-5.192954,-6.0310707,-2.230785,-4.2379594,-1.8220953,-2.9198284,-8.749824,-5.7956576,-3.9360645,-2.163191,-4.7473927,-5.3496265,-4.197656,-1.3068038,-3.507231,0.21915175,-6.143301,-0.7761619,-5.156417,-1.2580956,-3.649363,0.13167082,-5.956636,-3.323878,-2.8165703,-2.1356091,disgust
-498.98886,66.9362,-0.675016,5.6296086,-5.4688005,-6.4138412,-13.545592,-1.09371,-7.636963,-11.604572,-3.2730517,-4.9393687,-7.277762,-4.7836037,-5.3023806,-7.9701414,-4.3741226,-5.1641264,-3.3872857,-4.7989187,-5.548292,-6.5552206,-5.261213,-4.9793797,-4.1394486,-2.8518846,-5.3890514,-1.4599352,-3.8098376,-0.59656453,-3.1056979,-2.3961523,-5.2528872,0.15512569,-4.399464,-0.37608793,-4.652685,-4.470238,-5.336771,-0.7521359,disgust
-444.42468,50.141106,-11.495377,4.081997,-10.351025,-3.4143767,-15.020253,-8.296694,-10.111551,-8.503111,-5.3145742,-3.4285803,-6.472902,-7.8095756,-1.2970366,-6.8213725,-7.0785184,-4.370469,-3.4849875,-6.803075,-6.1609116,-8.023952,-6.258015,-4.976002,-7.044939,-0.34916064,-2.0625339,0.5195597,-0.24004476,3.8941574,0.1547839,0.6708216,-0.76218146,2.6998236,0.31873727,2.9857156,-2.2244608,-1.1306292,-2.6449828,-0.031191254,disgust
-561.82446,57.360504,-15.214553,1.201024,-5.8383393,-3.5513186,-14.903946,-14.010785,-6.6155195,-10.389125,-1.1721426,-5.2350516,-4.003527,-2.2221427,-6.473422,-3.6532497,-3.6541033,-4.671972,-6.701294,-1.69296,-3.949557,-0.9277366,-0.21670403,-2.55665,-1.1100787,0.88213646,-2.3781998,1.2832016,0.09684778,2.761107,0.79623646,4.8807697,1.8412694,3.267577,0.47977883,-0.5141752,-3.5128286,-1.3372983,-1.3083365,2.3165092,surprised
-554.6222,51.87159,-5.901474,8.644476,4.35828,-2.0441952,-7.865849,-5.8762217,-0.30673698,-5.5759816,0.53689003,-2.182189,-5.5451803,0.38566998,-2.401308,-3.6927009,-4.010185,-1.1193427,-3.122421,-2.3511436,-3.7793746,-1.331857,0.78028524,-1.1965036,-0.63144964,-0.12084621,-1.5434295,0.010627198,0.40200233,3.9467816,-0.5307126,2.5000656,0.101915225,1.6785483,0.022766663,2.5316784,-0.71581006,-0.15099233,1.0836928,4.167691,surprised
-585.61774,54.735394,-7.5529485,6.3907695,-3.8365612,0.27960476,-11.890846,-10.357372,-5.6327434,-9.938418,0.20334327,-1.2503792,-6.964414,-2.5346177,-4.0191154,-5.0503807,-1.7761763,-4.971881,-7.1069465,0.12021482,-5.1717215,-3.5424743,-1.8106949,-3.5963573,-4.1438413,-1.9676436,-2.3671916,-1.3751585,-0.88206476,0.036608726,-1.997646,-2.1249545,-1.9475214,-1.7229757,-3.7251272,-1.0705692,-5.0489063,-3.2632458,-0.20688522,3.449712,surprised
-530.7704,58.19291,-16.139074,7.6188693,-1.1422874,-5.518997,-11.781253,-8.105711,-3.0653458,-8.982016,2.6885688,-1.9511263,-5.460927,-1.5516151,-2.5516133,-5.7668796,-2.7261,-3.3259296,-4.7748413,-1.3055139,-6.973044,-1.6288481,-2.1585405,-2.4508624,-2.9521267,0.0041808155,-1.5520034,0.1950662,1.3534938,1.7090676,-0.050083555,-0.33663696,0.032559037,1.0480474,0.19274922,2.489051,-2.0155878,0.72444046,0.9653597,4.268668,surprised
-502.45056,58.196262,-14.181882,4.549208,-5.625412,-9.735067,-9.498043,-12.199601,-5.074536,-12.919859,-3.2024972,-0.47623226,-7.788298,-2.5369856,-3.826235,-5.582758,-3.141245,-2.6855106,-6.087255,-3.4047341,-5.243529,-2.2998784,-2.712146,-3.2157922,-2.220263,-1.0141724,-1.2160528,1.7658367,1.8385462,2.627771,-0.2193827,1.1521996,-1.055952,0.66095644,0.62322176,2.0509725,-1.91632,0.35701504,0.8548628,3.115097,surprised
-455.10666,43.15225,-9.550727,6.9142346,-2.3663487,-7.289834,-7.5033226,-9.24296,-0.06282444,-8.6691,-1.7624557,0.59651655,-7.2920055,-0.25986305,-2.7427897,-3.53607,-5.1539574,-3.4882927,-3.9516673,-2.7922313,-7.3519006,-2.531959,-0.7459666,-2.4174533,-0.27572137,3.3026276,0.35378283,3.417845,3.8464324,3.75631,-0.4523692,2.1214411,-0.85417634,1.9718918,2.8216999,3.1446834,0.8117391,1.5273877,0.34951177,1.680266,surprised
-456.46182,47.076836,-12.145889,-4.691467,-7.6568046,-1.1220721,-16.796541,-11.8151455,-2.8555126,-11.926403,-0.5786522,-2.0695558,-6.227223,-4.7509975,-3.0976417,-2.206546,-5.480522,-3.7492437,-5.3223715,-2.2740312,-7.405735,-3.6471913,-1.6406204,-2.3718414,1.2837038,5.689082,3.9960938,5.3344955,2.5986114,4.4459414,-0.56650275,1.967018,0.36498505,2.7586854,1.3887092,0.76792043,-1.723434,-0.39638546,0.18720837,4.447748,surprised
-541.56464,52.28913,-8.516229,2.4789042,-2.9718218,-5.0376024,-10.758559,-8.645348,-5.314709,-9.242914,-1.7049887,-4.475661,-6.3672547,-3.8343148,-7.2663207,-5.286443,-3.5530953,-3.2137973,-5.4308643,-1.8872083,-6.600993,-4.074825,-0.46775305,-4.3688955,-2.9516807,-1.127209,-3.2436533,0.73761207,-1.2475066,-0.117727935,-3.0300407,-2.1507447,-2.0798094,0.6253574,-0.40388167,2.2663386,-0.8511131,-0.23386061,0.20196392,3.937561,surprised
-695.8503,42.93426,-7.2745566,8.977729,-4.1705785,-4.9248905,-6.5379605,-12.679187,-7.3114715,-3.6008549,-3.2500982,-7.083312,-4.540171,0.40290722,-6.542525,-3.4488235,-1.5121737,-0.88098323,-0.709331,4.330609,-1.4189732,1.025949,-5.7950835,-2.3002167,-2.033523,0.056772407,0.02251725,3.407313,1.527805,3.3212893,-0.84520537,0.5621068,-1.9814914,1.5429295,1.9915593,2.4712012,1.0221878,0.81155443,3.747953,4.8434906,neutral
-699.05884,43.971985,-7.463785,6.14891,-8.039638,-7.6064873,-8.504782,-14.781918,-10.882157,-5.3247323,-4.378772,-8.113154,-5.3629074,-0.9928543,-7.8743296,-4.780162,-5.7200203,-5.287281,-4.915241,1.9276295,-2.1509151,2.0286512,-2.8070636,-1.30286,-3.1581044,-1.4143103,0.40425602,4.7529387,2.5850415,2.214766,-0.11583124,2.7044146,1.7015617,0.28409675,-1.6828179,-0.64885104,0.70415133,0.3114739,1.8440913,4.8169184,neutral
-719.3511,46.50712,-6.7230554,2.0493104,-5.9552836,-4.557599,-9.712335,-14.66402,-8.840658,-6.059714,-5.4943433,-9.315282,-5.959335,-1.8943038,-8.452184,-4.8758636,-4.1656857,-4.211811,-5.8568535,0.3907271,-3.094888,0.01723107,-4.199226,-1.1504942,-0.7291885,-0.29554304,-0.42413735,2.2005384,-0.4479046,1.4604155,-0.4172037,2.7533028,2.2980087,2.9469318,2.1321306,3.5775886,3.1224122,2.485391,3.7382796,3.161311,neutral
-726.7585,46.6224,-3.2128232,2.1592412,-5.9337497,-4.686238,-8.642963,-14.10784,-9.158595,-5.6859665,-5.028535,-8.541237,-6.1935964,-1.053731,-8.682232,-5.66705,-4.1926394,-4.267437,-7.200953,-0.5148642,-4.419679,-0.48186645,-4.3710446,-1.7977949,-2.2135963,-0.4643934,-2.0048056,1.8117763,-1.2463648,2.9735243,0.46746668,2.8092887,1.9151306,2.3596573,0.08367059,1.7463964,2.9631293,2.100871,4.2287817,4.1478653,neutral
-660.3489,51.629906,-10.654974,3.7262275,-10.333008,-7.4556913,-9.549084,-14.666878,-10.906919,-4.82825,-4.0853133,-9.065867,-4.6358156,-0.5704021,-7.3582845,-4.4081783,-4.999837,-3.8198302,-5.5377135,0.68250203,-4.6921587,-0.67108804,-5.8135886,-1.0332636,-2.531993,0.36781144,-0.6866191,0.47950578,-0.83736384,2.0501866,1.4712452,4.7820196,3.3033485,4.666206,3.847673,4.9277997,3.9730682,3.3958004,2.815185,0.7802206,calm
-659.7015,54.78945,-17.97466,4.514951,-7.6019006,-6.853135,-10.136917,-13.472782,-8.6167345,-3.6340377,-3.3530722,-9.022443,-4.807084,0.54307044,-7.516806,-2.282806,-5.2860394,-2.18081,-6.2580614,1.470345,-3.9482565,2.382147,-1.9352626,1.4235749,-1.9185431,1.1132983,-1.0219383,3.5361521,2.5735219,4.248969,2.0403018,5.064839,7.570433,7.26383,4.9109197,2.022667,-1.1471255,-2.3361182,0.43826047,1.492203,calm
-649.0007,51.3759,-6.062449,6.623451,-8.53977,-4.004295,-8.75922,-13.475445,-8.887058,-4.508001,-3.0425632,-7.012759,-2.221001,-2.2536528,-6.2403493,-3.0011442,-3.6055174,-5.2086196,-4.7615876,-0.8895233,-7.709499,-1.9658089,-6.439777,0.8819016,1.5241107,5.153568,3.7048347,4.6976285,1.2631428,4.7462883,3.7353706,8.593511,7.4905844,7.410546,1.7600325,0.2912332,-1.9473027,0.42882222,1.9162098,2.4722764,calm
-657.90283,54.73062,-12.27472,-0.35324356,-7.772832,-5.1279163,-12.276025,-20.516783,-8.849319,-4.2577,-5.9824433,-8.259952,-6.750642,-0.20725033,-4.119779,-3.104143,-5.091865,-4.423143,-7.63776,-1.3906674,-6.510558,-1.5299901,-3.8577893,2.9876606,3.8814745,8.379885,3.989928,6.2085047,3.7203789,4.9804173,2.3092153,6.2500706,6.5514045,5.175329,2.3709075,1.9680437,1.2140809,1.7850072,1.6339066,0.8234771,calm
-663.02606,49.320267,-10.904673,2.585474,-8.794811,-4.552904,-10.804564,-13.400597,-9.38186,-4.2848005,-3.7200208,-10.603786,-5.372888,-2.6120996,-6.5230613,-3.6786675,-3.8018997,-3.8762147,-3.73008,-0.29407722,-6.247989,1.6076701,-4.4304,1.7889212,0.2639933,2.8274145,1.2827331,2.389693,2.4979432,6.876657,5.7128983,9.234707,5.5145245,2.9975047,-1.1071593,-0.0119984755,-0.4991844,0.36612603,1.1030579,1.2928866,calm
-638.6897,60.61547,-18.470163,3.4609892,-6.0006266,-6.1871953,-14.307843,-21.161999,-9.90306,-3.9606223,-5.1400914,-9.956863,-2.9783971,0.71534693,-6.1309643,-2.9389105,-4.1484485,-6.5215006,-7.836959,-1.1860175,-6.695809,-0.3401506,-4.334187,-0.51493484,0.60326886,0.61946094,-0.6544629,4.3660965,2.0841987,6.509951,4.415006,6.7988935,4.7790594,3.478216,0.049210526,0.79014623,2.0395393,2.3086348,0.3333303,-1.3574946,calm
-613.9884,55.380436,-14.584273,4.475887,-9.213384,-4.576474,-12.888386,-19.76373,-5.667951,-3.9381382,-4.870845,-8.4960785,-3.0677948,0.9422212,-4.183274,1.1427625,-2.8265784,-4.512986,-6.1253037,0.23971255,-5.2123847,1.5988829,-1.5304044,3.6791708,1.6438453,2.961422,0.644384,5.550525,5.3553953,8.027823,4.993344,6.871851,6.612603,8.548687,5.825546,4.6701756,0.3248947,0.82534194,1.5183582,2.5529141,calm
-667.6102,48.528717,-6.3047724,1.7821594,-9.877085,-6.1406965,-15.069179,-14.632694,-9.023977,-5.252291,-8.135798,-11.808276,-4.5969086,-4.9300942,-10.167766,-2.8437738,-5.6361413,-7.7637615,-6.412787,-3.2327883,-9.017495,-3.25313,-6.8624415,-0.95989674,-5.4492326,-1.4009637,-1.4187665,1.3965572,4.0734897,5.575788,5.696834,7.9365773,4.500457,4.3057585,2.6916404,5.1020303,1.1731743,2.3266459,0.24471758,-0.7530186,calm
-650.4511,46.445557,-16.175938,6.3346863,-7.7138915,-8.613978,-7.7165422,-14.304404,-8.1412525,-4.452998,-7.792504,-8.840263,-6.359795,-0.12768948,-7.994286,-1.704563,-3.85767,-4.5435214,-5.5671377,-1.6492237,-3.6101813,-0.15720513,-3.893229,-1.4580994,-1.3409194,-3.2239013,-3.5689192,-1.8213823,-1.8544285,3.3956485,1.5729394,4.801905,2.8059766,3.3588185,0.97955525,0.7491412,1.0532491,1.2576084,0.48622456,0.729844,happy
-598.9671,39.636375,-20.287094,5.7025824,-6.8105187,-11.356489,-5.1394043,-15.260246,-8.590344,-2.9323325,-7.2160583,-7.563582,-6.929523,-0.39189124,-8.544822,-2.1800506,-1.7461392,1.0837058,0.7691417,4.222705,-0.35541728,4.3294344,0.7722361,1.5687944,1.1530936,-0.8089776,0.21307454,2.3520427,0.7426586,0.94110864,-2.0781367,1.0515451,1.2055886,1.9796652,-0.17147617,0.11690384,0.05001881,0.89078647,0.11301265,0.41947433,happy
-620.30194,44.094635,-12.841683,8.851801,-4.1408377,-7.575771,-3.306719,-12.536225,-7.053838,-5.823919,-4.1522617,-6.5915537,-5.1858926,-1.9171617,-6.8096113,-4.054601,-6.2432766,-3.2767944,-6.5674663,-0.91865957,-3.7801497,-1.2029523,-0.64040774,2.1949577,0.9437281,3.1113806,-0.37750456,1.9575917,0.4648646,0.05555211,0.50126976,1.1190156,2.5064402,2.7313972,1.7176982,2.4015021,-0.69625616,-0.5476352,-2.1373305,-0.66578025,happy
-607.9138,43.23118,-15.182761,5.7042084,-3.8453717,-9.988028,-5.76805,-14.328465,-5.538021,-3.9313366,-5.8390965,-5.6219516,-4.76296,-1.7976848,-8.568682,-2.3017848,-3.0025134,-2.2782397,-3.7858047,0.47736496,-3.468584,1.192267,-0.8739467,3.291108,1.8757775,1.3133357,0.64948875,-0.7311166,-0.7898434,1.0230645,0.28791475,1.4628603,-0.37552208,-0.14422219,-0.36078423,2.5210063,-0.8686921,-1.1497895,-2.1263947,-0.16239424,happy
-498.47202,34.72144,-23.286217,2.3580852,-6.037969,-8.6032,-4.7190843,-16.445898,-7.563459,-0.08698259,-4.0755897,-8.949427,-1.7021718,5.5283523,1.0962154,2.5806751,-2.9055617,-0.39937532,1.2428309,7.054752,1.6174608,4.237634,2.0135312,5.4046645,3.95208,2.7162275,-0.23755902,3.7692475,2.6966732,1.2176391,-0.19177593,0.5862236,-0.5684314,0.4054516,-0.7369728,0.4224849,-1.513067,0.6424388,-0.5608467,0.22238377,happy
-499.70184,21.139519,-21.555292,2.1008768,-8.45818,-10.92014,-2.0158956,-13.438692,-4.9641986,-3.4350839,-6.6762123,-6.9289203,-6.173523,3.4737556,-3.1828907,4.9137645,6.650404,6.244896,5.4256115,4.953094,-1.1219368,3.300941,-1.7138836,2.2673147,1.1513921,0.14885151,-1.5231801,1.597516,0.64860463,-0.44223073,-2.1871955,1.7267109,0.7875532,1.2081501,0.7616535,1.0029045,-0.32701442,-0.37146753,0.23999004,1.8349875,happy
-520.53156,23.300789,-18.062801,1.0941862,-9.181803,-11.704225,-7.67495,-15.642749,-7.8233547,-5.0988393,-7.404884,-6.0623627,-6.794501,-2.3250697,-9.694248,-5.221331,-4.6095986,-3.1869588,1.1416448,5.415022,2.1212773,2.9566073,0.31441048,0.8505065,2.7358487,4.449817,1.6492636,1.135053,-2.307951,-0.08603384,0.2467955,1.3445041,-0.9689212,-0.77719146,0.34341288,1.7525809,0.062417153,1.4458128,1.8164588,0.8139443,happy
-463.18295,24.793516,-25.70761,0.5235932,-9.254233,-13.261864,-11.202358,-17.99829,-5.2644305,-5.4458256,-9.750964,-11.561938,-6.1689053,2.4426448,-5.6902194,2.8834372,2.537452,4.9326954,5.069143,4.8213882,2.9548483,3.7212453,0.42637625,0.37616715,-1.4201912,-0.43156505,-2.4164033,-0.7486162,-0.85623837,-1.6216184,-2.002874,-0.3107312,-0.9516331,0.45045018,-0.9117162,1.1432533,-0.3975406,1.3987402,-1.2072803,0.14028983,happy
-691.12683,44.154297,-0.7695361,9.253673,-3.7831838,-5.292316,-4.1421084,-11.635061,-9.185786,-7.2622457,-3.6666415,-7.3636684,-6.5916314,-1.4125805,-5.2807126,-4.6016293,-4.1395116,-1.3980006,-4.852456,-0.9137494,-3.2029364,0.25892097,-3.8384416,-1.1004277,-1.1996236,0.42499515,-1.2481928,1.4610672,0.906491,3.7202036,1.5445204,2.6634116,0.88781404,1.3563578,1.076983,2.3115582,0.50692165,-0.85526335,-1.4995824,-0.1303817,sad
-583.75903,30.812733,-9.237398,0.4680773,-7.2963595,-8.624814,-4.980162,-14.939533,-8.910189,-4.014369,-4.7838645,-6.3318644,-8.213782,2.8795784,-7.0760803,-1.7806313,0.85340476,1.5330364,2.2872307,2.3108096,1.2628908,3.423074,2.6152651,4.4133253,1.9809422,1.7403296,-3.6828585,-1.0813503,1.2805517,2.1060114,-0.48040023,-0.8073232,0.45980325,0.94653463,-1.1746335,0.26591408,-1.2644787,0.4411038,-2.0796278,-0.34784466,sad
-587.75366,29.174334,-9.301201,1.7135636,-6.0370708,-12.69398,-6.6146116,-16.797312,-9.780383,-6.46627,-7.623906,-6.910489,-7.9059443,1.3213757,-8.93938,-3.1788163,-2.1825006,-2.5436306,0.9824697,5.5455194,6.74518,5.9864225,2.298195,0.4684016,0.15440932,-0.35634783,-0.4799692,1.8378128,0.6174818,-1.2080308,-3.1631196,-0.6575219,-1.1394495,0.12769066,-3.2766454,-0.73909026,-1.0428889,1.9068145,-2.373688,-0.22139904,sad
-601.31134,20.895056,-9.512454,-2.4908025,-8.214499,-15.522897,-6.532657,-18.267887,-9.641227,-5.1236258,-8.326989,-6.1638255,-6.962453,1.5060614,-7.016279,-0.7767462,-0.28704754,0.6267576,4.1678877,8.302173,5.579218,2.9675424,-0.6440761,-0.6575484,-0.16995992,2.511458,0.1965159,-0.81796825,-2.7516768,-2.6677809,-1.074187,1.6610385,-0.47626868,-1.4307545,-2.615234,0.6699561,-1.0837628,1.0062352,1.332655,1.429289,sad
-542.54443,20.911833,-21.31702,-0.6095608,-7.5059175,-15.848934,-9.21483,-17.795975,-8.568599,-1.7897055,-5.9995837,-3.9804065,-2.787561,8.476595,4.0522814,6.022707,3.7808962,2.7323456,3.221502,2.9249,-0.74221253,-1.1045849,-1.754808,0.58224624,-1.5940461,-1.0351373,-2.6495745,1.2088438,0.019546892,-0.93378645,-3.653248,2.040968,-0.9470847,1.8185915,-2.477121,3.4016812,-0.8130764,0.66444844,0.038578827,1.661269,sad
-499.68155,17.458508,-14.908233,-2.7058282,-10.538855,-10.712954,-4.0934668,-12.201356,-7.932541,-0.63163483,-1.8222843,0.68342346,1.6654292,12.974843,8.545637,8.900881,2.4734156,1.3928609,2.0718415,2.474662,-2.3136184,0.34231552,0.15378575,0.084255666,-1.5195215,1.0423928,-0.32721797,2.7030299,0.29217136,-0.22405107,-0.91841835,2.0334105,0.6778865,2.0485947,-1.7558801,1.6672931,-1.8625665,0.0120250955,0.064845584,2.2260375,sad
-451.35953,4.621761,-29.532095,-7.4787784,-13.878373,-19.614393,-13.992751,-20.348259,-9.624733,-4.336582,-6.322939,0.9365464,7.3876495,18.940008,4.615528,1.2329547,-3.1434634,-6.2719283,0.006425027,0.6641901,-4.001003,-3.3915498,-1.1754186,3.4174562,0.8451659,1.2898524,1.1432096,-0.16252726,-3.675892,-2.3564985,-0.6295276,1.3840435,-4.740389,-0.29928774,-1.0292283,3.3880465,-0.25056383,2.796478,-0.41906607,1.0749903,sad
-474.2247,10.371183,-25.052898,-2.3355644,-9.799412,-17.97335,-9.226479,-17.656712,-9.360545,-6.7168756,-8.166138,-6.3468027,-0.45799434,11.612275,7.8285885,11.326983,6.259591,-0.75875574,-2.1447597,-0.03522058,-2.8714979,-1.2957577,-3.0247157,-0.18733501,0.026035976,0.88880366,-1.4608763,3.8734152,2.8770292,-1.0407954,-4.536448,1.7681166,0.20435919,0.8650069,-2.7528439,2.0705063,-1.2856356,-0.56882924,-0.9778548,1.1324229,sad
-554.8937,34.205566,-10.455088,3.2919002,-9.409958,-7.528144,-7.363871,-13.511052,-8.225048,-5.0386534,-4.298002,-8.199026,-3.7463448,-2.545767,-9.740265,-3.4278946,-3.3540702,-1.9301872,-2.960422,3.2230995,-0.42915267,2.8971972,0.29583207,1.1404343,0.48480186,-0.12459667,-1.2626431,0.2722248,0.7844784,2.776656,0.9051239,1.5134337,0.48303908,-0.09892015,-0.9674538,0.2918817,-0.43205437,1.940031,2.4592896,1.0052879,angry
-538.26654,28.846998,-12.098068,2.4300659,-11.566411,-7.38282,-4.1110864,-13.692854,-6.6502786,-3.6516485,-3.5020976,-6.0251455,-4.4335027,2.097539,-6.0050426,0.25635186,-1.0617368,-2.157811,-1.9918607,1.4640774,-1.6437953,1.0531712,-1.3987647,1.0967606,0.5528298,1.1381868,-0.44324014,3.4113257,2.8600023,1.2353951,-1.0281247,0.7468473,1.521525,0.6529205,-1.4975259,-0.9910611,-0.40081817,0.065192446,-0.08153744,0.57026684,angry
-558.1368,28.35515,-11.212072,-0.30566293,-10.303314,-10.182581,-7.743776,-16.63668,-9.197369,-6.4138193,-4.8877263,-7.786608,-8.337311,-2.7125182,-9.060301,0.736033,0.055952556,3.0698278,0.031394247,2.3577046,-2.594902,1.2595495,1.6979054,4.3071074,2.434538,1.3392962,-2.350821,1.4556465,-1.1059898,-1.878926,-2.6171172,2.98397,2.2218928,0.62927216,-0.52235407,0.17547444,-0.866464,-2.0394843,-0.84731036,1.4652903,angry
-572.8906,34.44174,-12.106582,2.0249739,-11.635109,-7.9828205,-8.429833,-15.815239,-8.441461,-3.9047265,-3.7777076,-7.9589796,-4.9492354,-2.2501895,-7.5805407,-3.5989966,-4.532837,-4.307974,-4.3966503,0.9981062,-4.6434045,2.101315,-1.4053707,1.5110341,-0.5579193,1.5777851,1.6138183,4.168584,2.3997695,3.3014457,-0.47470278,1.114878,-0.15836386,1.6088022,0.33986405,-0.6025163,-1.4382218,0.3943739,-0.60770357,-1.5442406,angry
-414.1331,17.07874,-18.997746,0.13165078,-15.076841,-5.848515,-2.7221534,-16.15158,-3.6624568,-7.548866,-3.0178208,-4.900576,-2.016419,6.2252407,-0.7979946,5.4660654,2.7316942,2.5153568,2.8526452,0.6567858,0.64272624,5.6215687,3.8353539,3.9818797,-2.0143635,0.38873872,-1.5456423,0.32611075,-0.3909343,0.07547096,-0.52679807,1.2464166,0.2762603,1.6299208,1.4849974,1.3613737,-0.5422877,2.3346498,-0.029444361,-0.51542836,angry
-433.97296,18.500368,-16.82897,-0.20778643,-15.573719,-7.006859,-5.193699,-16.722635,-5.265569,-4.7923293,-3.6874835,-2.6248202,-1.4055015,5.906889,-5.172866,1.8738681,-1.4713053,-2.3069618,-0.3633259,0.13120805,-0.97080535,2.1187823,-0.17574911,3.9481854,4.5107536,5.4201546,0.2611667,1.6827371,-0.6478964,-0.3962513,0.22239256,2.719077,0.364253,-0.4940053,-1.146545,0.41862532,1.4289451,2.5245154,0.9336632,0.61841506,angry
-399.0657,11.352522,-17.75301,0.094036005,-13.359734,-11.505841,-7.0176516,-19.160471,-3.7646546,-4.9437814,-3.1658788,-7.660787,-5.3175845,-0.20280758,-9.426184,0.386707,-2.2395666,2.866263,2.9872499,2.8902936,1.7975857,5.103894,4.44349,6.4192696,0.9794574,-1.1015227,-1.9670413,-0.81524104,-2.5004299,-1.1048404,-2.1488147,-0.53681815,-0.8739708,-0.29554302,-1.1363018,0.9766342,-0.77026427,-0.71221435,-1.7503424,1.6576936,angry
-465.65955,12.013588,-19.443048,-7.2163014,-19.932617,-9.410556,-8.407402,-19.104116,-5.6628065,-9.245564,-3.6615982,-4.9568334,-3.1268275,2.2680128,-6.1473775,2.7881384,-2.7076645,3.1957273,2.3353975,2.436966,3.2076194,3.7014215,4.873291,4.5661807,-1.1838504,1.3608501,-3.5915725,-0.06765006,-0.06512543,-0.496967,-1.6858903,0.99111396,-0.3218329,0.7414067,0.9622983,-0.26794833,-1.9190124,0.92163575,0.73199505,2.0619855,angry
-556.4647,26.454716,-14.584363,0.0054329825,-8.514774,-6.439195,-5.73373,-16.837591,-10.86787,-2.7984529,-6.635927,-7.333718,-5.5277143,1.3519404,-5.674757,-2.2004023,-2.3454714,-1.8504481,1.336099,6.035912,4.3401713,6.9481506,1.367194,2.266961,0.11413596,2.599445,-0.018768417,1.0956773,-1.8854945,-1.936284,-3.0943646,-0.5111234,-0.95103616,-0.8751808,-2.4776661,-0.08352461,-1.5647084,0.62106586,-1.3078107,0.29602557,fearful
-540.16656,26.45157,-19.33491,3.4997513,-9.038829,-9.210032,-5.8189507,-14.695152,-9.383957,-3.6379137,-8.01144,-6.721807,-6.1835485,0.2305604,-7.505851,-2.0129032,-1.455103,1.4007373,5.9864774,9.327651,4.6070304,5.263599,-1.1740965,2.964474,2.143922,3.3325284,-0.65773964,-1.844109,-3.1728585,-1.9986638,-2.1241891,0.16077541,-1.9006253,-0.5938979,0.7701877,1.7753416,-0.18612547,1.1835462,-0.460775,0.76684016,fearful
-554.54443,27.383656,-13.845182,0.9721346,-5.3332324,-9.029611,-7.556149,-16.879864,-8.847161,-3.0903883,-8.034658,-6.3768425,-7.830512,-0.16998424,-7.369272,-2.5397782,-2.8035345,-3.9076974,1.8879915,10.174784,8.441385,11.909152,3.8162365,2.3226204,-2.9986274,0.7029297,-0.28156427,0.45581925,-2.8258219,-2.8456345,-2.11369,-0.10757502,-2.2392411,-3.31484,-2.6746256,-0.18132453,-1.316832,-0.3539835,-0.66138935,1.9252722,fearful
-552.1154,26.722324,-11.747661,-1.1329118,-6.9620004,-7.84423,-5.975618,-15.200843,-11.389807,-4.245503,-7.252173,-7.878588,-6.944064,-0.4469467,-6.6710334,-3.965062,-2.3107665,-1.305286,1.5220535,8.102095,8.535088,10.570881,3.991819,2.7235668,0.378078,2.697297,-0.64168406,0.030504817,-3.3275871,-2.400287,-1.3066167,-0.6784367,-2.7885916,-3.840481,-2.1067355,0.605819,-1.5321167,-1.0002307,-0.29995948,3.039956,fearful
-416.50098,6.668193,-17.380903,0.7678316,-5.946579,-3.8148625,-6.4221606,-17.368046,-6.747866,1.141489,-2.3264797,-0.10881096,9.668005,20.83719,3.4468176,-1.5791551,-3.77567,2.932645,2.343664,0.45502758,-4.9175177,0.97103363,1.2481731,5.464237,-0.86133987,1.0789511,-1.4564196,-3.7351258,-1.7370307,-0.7293183,-1.3623536,0.5656089,1.8987229,4.4250884,2.0908177,2.4549816,-0.392969,0.4730107,-0.18882582,1.9437234,fearful
-445.38785,16.975613,-17.70578,-2.5899858,-10.445666,-5.9727755,-5.137366,-13.530625,-10.611827,-5.409188,-6.0235515,0.008023424,5.2528,15.864993,6.613467,2.837636,-2.2632682,0.18075323,2.6177802,2.3904412,-1.7962291,-0.66087216,-2.7656784,0.15190762,-0.06550982,3.080654,-0.83370787,0.91009426,0.06923127,-2.390816,-1.4926462,0.44357672,-0.36171,0.45054674,-0.053225026,1.4592751,-0.68713677,2.652351,2.2050161,1.2091229,fearful
-434.03998,17.545921,-17.301336,-6.356876,-15.193071,-8.273635,-10.430403,-15.404466,-8.748728,-7.292274,-8.275879,-6.206342,0.76176435,10.796831,0.96599686,5.342776,3.6247997,2.000055,3.62615,1.7727822,-0.7713218,1.8610455,-1.1663561,1.0410682,-1.6357806,1.3186376,-2.3974307,-1.3306549,-1.1019471,-0.9279625,-2.9390743,-1.052078,0.6289158,2.7132506,-0.37389195,0.8456594,-1.2864019,-0.98134005,-0.92251176,1.5718588,fearful
-438.20703,15.033666,-17.468126,-8.893362,-11.907526,-10.659395,-8.692335,-14.220006,-7.606932,-5.5634685,-6.337178,-4.788861,0.5511876,8.897498,2.514674,8.92402,5.604892,2.517762,4.842811,2.4606192,0.41254494,0.90355515,-0.721897,1.7486001,-1.6872241,-1.1422181,-0.6504566,1.542943,-1.4371154,-2.2774477,-1.2916756,2.5211127,0.040000916,0.93626165,-1.4782178,1.7489609,-0.40353245,1.715812,0.40586656,0.77809715,fearful
-611.3766,45.33525,-4.4751706,1.8758899,-4.2295012,-4.0150123,-4.0428815,-7.677704,-10.80253,-2.9307013,-3.4347339,-6.7044926,-4.07548,1.4676332,-8.438528,-2.835052,-3.5769722,-1.5365387,-5.091791,-1.2220011,-2.5760412,-0.45856905,0.84254,-0.768706,0.80889064,1.2077575,0.20276867,2.0439672,-0.5610409,1.8254557,0.6051479,2.0468066,2.007123,3.9850323,0.10910332,0.56968325,-1.3164932,0.06845441,0.8059379,0.092799574,disgust
-594.8648,44.845543,-7.845334,3.4191222,-6.708541,-7.139817,-12.0874195,-12.093907,-10.353761,-0.99204093,-7.0462656,-6.9894543,-4.204693,-0.34115118,-6.003752,-0.1397241,-1.3606105,-2.4077966,-5.0473714,-1.9588399,-1.2010413,3.1029143,3.3886473,4.879765,3.660015,3.240644,-0.73184156,-0.39234197,1.3476621,3.1089604,1.689966,1.3318709,-0.8482547,1.075871,0.1998616,0.33138397,-0.1279365,0.83429855,0.22661173,0.17586994,disgust
-587.2258,33.320942,-9.141922,-2.2073753,-3.9124007,-9.170166,-7.773767,-13.806401,-7.9097414,-3.772444,-5.9931836,-6.661028,-4.3904324,-2.1931927,-8.990041,-2.947286,-4.1457067,-3.5678427,-4.686512,-2.6036117,-3.3848233,1.5237361,1.3307188,5.837281,5.4941583,4.835244,2.7252905,3.2318778,3.0067039,3.694191,3.3951437,2.9139795,0.75274557,-0.9832365,-1.4569674,0.24219733,-1.4897032,-0.29831293,-1.1918826,0.34907675,disgust
-559.7219,26.708374,-7.205269,1.3545462,0.1171955,-8.937725,-5.7326736,-10.572844,-3.6312613,-1.2715571,-4.9861894,-3.571004,-1.7439244,0.45335895,-5.6048565,1.9551591,1.7028226,1.5991055,-0.24620233,0.6807625,0.058801234,5.8850093,5.190424,12.123964,7.761284,6.4596972,2.8422391,0.262713,0.63616574,1.308941,3.0028713,3.253359,1.2839919,1.5081476,0.35816348,1.2981063,-0.45753187,-0.015713237,-0.4399066,0.8857802,disgust
-502.9451,24.970222,-7.889404,3.681553,-6.554233,-5.847499,-4.6020036,-12.381574,-7.8906026,-4.564124,-3.770321,-5.502883,-3.9235165,-0.24677487,-7.5014873,-3.3890276,-3.1468894,-0.7002591,-0.9176239,1.7991906,0.06380396,3.7442966,3.4093628,6.4206114,6.6366158,6.853919,3.3561203,3.4382038,0.1384032,0.5598894,-1.001034,0.08349186,-1.1517098,-1.1257468,-1.1435591,-0.21046738,-0.5967846,0.59824836,0.42616895,0.8216453,disgust
-517.4884,25.390278,-9.163463,0.8634007,-7.7482047,-5.531794,-5.484214,-9.325698,-10.822277,-4.0592694,-4.593663,-4.9421434,-5.360819,-0.74505246,-7.5858335,-4.262985,-4.6902046,-4.312045,-3.8932922,-3.2904508,-3.921127,-1.2967925,-0.5843899,4.03747,6.2957735,6.766213,5.838387,5.5234575,1.0948054,3.5595553,2.1449077,2.5156996,-0.31471035,-1.3581533,-1.3809123,0.7604595,0.14123102,-0.99761385,-0.9770258,0.9388589,disgust
-553.0397,29.512749,-11.008967,-2.7962203,-6.4367995,-9.781473,-9.80928,-17.477474,-14.033826,-3.490039,-7.8689923,-10.347182,-5.0843406,0.15945676,-10.946725,-2.674622,-3.5342896,-5.8253293,-4.96129,-4.239324,-5.433782,-1.1402571,-1.4883482,6.107677,8.32581,8.365198,7.846067,4.3976755,2.087939,1.3009975,1.5300173,1.8040836,0.37308782,-0.09376446,-2.262737,1.2189597,-0.901826,-0.67984897,-1.2969563,-0.47339407,disgust
-528.0298,28.220623,-9.753429,-5.6995425,-10.860774,-9.032713,-12.176502,-17.008005,-13.10613,-4.3171225,-8.805315,-9.82459,-5.1719685,-4.6067424,-11.535617,-2.8132658,-3.724073,-3.1230006,0.75199926,5.0703917,2.9066048,5.1555386,0.28038815,4.751521,1.5624702,0.7566092,-2.2026176,-1.7924632,1.77149,2.4947076,0.22837564,0.046786766,-1.6936958,0.35596326,-0.05221065,1.1216756,-0.52980417,0.7285675,0.70326316,-0.33028015,disgust
-609.34863,38.87973,-12.866604,1.0386301,-8.010662,-9.956301,-7.2982526,-14.288931,-9.076167,-5.3666058,-6.4860244,-8.550783,-6.6763043,-0.7745465,-8.131993,-2.388582,-3.128999,-2.298515,-2.5371222,1.3438411,0.09052626,4.660779,-0.04725895,2.833487,-1.1082538,-0.6456171,-1.3960198,-0.21299458,-0.3471107,0.03378743,-2.0215786,1.2247417,2.0555673,2.2942302,0.28646174,-0.14287044,-0.7110542,0.35255617,0.6151972,0.8601849,surprised
-584.3528,34.6282,-13.153768,0.9661774,-9.562156,-10.736145,-6.4449954,-16.658525,-8.532528,-5.1483226,-7.0458355,-8.75882,-7.1568656,0.28929192,-6.3808837,1.3061073,-1.2603713,-1.6758199,-0.9775947,1.2386036,0.5649891,2.7495759,-1.0492073,0.08982611,-2.468175,-1.4341545,-2.7402658,0.13607688,1.5726445,1.2848625,0.14710158,1.1046641,-1.0979207,-0.7215664,-1.200381,-0.34024805,-0.7742708,0.5528934,0.82416004,1.1313957,surprised
-560.31885,36.451984,-8.997944,-2.892304,-9.292503,-12.401764,-9.327458,-17.534666,-8.068563,-5.4065266,-8.5558405,-8.800331,-6.7815037,0.26722518,-6.5742817,1.8442907,-1.7586341,-0.8155431,0.37041712,1.2284057,-0.26757988,1.1980116,-2.356097,0.110124335,0.4601429,0.78150845,-0.12892617,1.5997663,1.0272686,1.4490265,-0.7782859,1.3967772,0.47842124,2.942048,0.17404403,0.65641737,-1.0400809,-0.44542757,0.60255885,1.7743087,surprised
-562.5901,34.550163,-13.847545,-3.5208905,-12.19526,-11.79454,-8.195071,-19.833431,-9.118531,-4.220745,-9.021542,-10.332401,-7.7124095,1.5372202,-6.6354394,2.7601733,-2.3205082,-2.2756064,-0.1268626,-0.2095497,-0.13352951,2.0001974,-1.0002682,3.9474978,0.80410445,2.963952,0.35764098,1.6067516,0.9901244,-0.05995547,-0.3245361,1.4429945,-1.2794634,-0.5753808,-1.3200145,0.8400759,-1.3926132,-0.17043725,-0.6934883,1.1188128,surprised
-487.135,26.173935,-20.055986,-3.0713704,-13.245498,-11.544784,-5.0240655,-18.547415,-7.6098404,-2.2313175,-6.4483123,-3.9942243,-0.8113254,4.8713093,-4.847898,0.3076394,0.54875433,2.7083998,3.4295547,1.933008,-1.7396052,5.3607965,3.2940857,3.7081022,0.63850135,2.4357595,0.6020952,0.57252073,-1.1964926,-0.43449923,-1.9218696,0.5108532,-0.18210027,1.9835985,0.39818454,0.073573075,-0.8400108,1.3486664,0.061949365,0.109637916,surprised
-495.35617,22.472435,-16.769918,-4.489789,-12.41319,-11.252778,-9.707646,-18.954952,-6.297648,-1.4862952,-3.9103584,-2.1672757,-0.77294266,2.653882,-6.746612,-0.516658,-1.1016128,-0.0035081839,1.4918929,2.989586,0.20973513,4.3189244,1.4109967,4.920084,0.8187472,0.8648375,-2.635625,0.15113536,-1.8306307,0.04364653,1.3304552,0.97886235,-0.66170996,0.6886249,0.2338951,0.34770337,-0.07875958,-0.983705,-1.8000679,1.9942173,surprised
-496.95483,27.006504,-14.196358,-3.0866373,-10.475183,-10.80361,-9.8571,-14.995303,-5.0062213,-4.3577785,-6.1834817,-3.5786524,-1.8976933,3.1317542,-4.008433,2.5535457,0.46187073,1.0422988,4.2152047,3.3346853,1.3467702,3.1281815,-0.20324588,3.2406232,0.116214216,0.85245526,-0.8520093,0.24553278,0.3113328,-1.8109607,-0.50709337,1.2388822,0.25054616,1.7503538,-0.3178942,0.82190096,-0.22891948,1.0442411,-1.7589091,1.0048054,surprised
-485.34558,24.697906,-14.503859,-5.96371,-13.36788,-11.233029,-11.204812,-20.215559,-6.724523,-7.657445,-9.250828,-7.140695,-4.0106583,1.4826683,-6.6942058,0.6844719,-2.3091779,-1.7992613,1.5653154,1.9765415,0.79981,4.065442,0.4098002,4.138571,1.999317,2.8454075,-0.3392628,3.059175,1.2201217,0.07108828,-0.2912508,2.1980004,-0.32862714,-0.580932,-1.6667463,1.1021522,-1.0842105,1.4724575,-0.43560064,0.19202168,surprised
-713.4335,68.36094,7.989171,15.139791,11.715775,0.43098292,1.0025581,-2.7731187,-0.1273475,1.8932487,2.404442,1.5577695,-0.2047086,1.1936209,0.45273742,3.9199634,-2.2532268,2.8824108,0.8180582,1.0193441,-0.66972613,1.7982693,-1.8605758,0.70019436,-0.33966774,-0.8182605,-0.060590684,1.0919813,0.7810921,-0.011589393,-0.12206655,1.0804923,0.32070428,0.87071514,0.014801759,2.5813591,-0.4750299,-1.1218039,-2.148053,0.38670594,neutral
-731.04675,71.22909,4.7060738,19.485657,11.931986,3.1546195,3.0610251,-3.3929605,1.6570354,4.184657,4.104265,2.8819532,0.25060794,1.2337655,3.3404672,3.0985,-1.845335,2.4579344,1.5148854,3.0702224,-2.2029974,1.6989956,-1.4443678,0.61969197,-0.85517544,-0.18458542,-1.3036565,1.8531191,0.25607273,-0.5812016,-0.03886586,1.9771402,0.035139922,1.0066574,-0.7787335,3.284438,0.5750006,-0.6267267,-3.7088304,0.122979015,neutral
-687.34436,65.14187,3.0542889,17.502035,8.701955,-0.2692074,2.5011365,-5.7337933,-6.4029083,3.139679,1.99735,1.6530608,-0.49405465,0.011496814,1.0935826,2.3743773,-3.1156664,0.011135199,1.8707923,1.4735683,-3.4389014,1.3684595,-3.3605,-1.0348308,-1.1414394,1.802639,-0.5745928,0.22788398,-0.57107306,2.0270398,0.21096358,0.22709107,-1.2112337,0.6816281,0.20885758,2.693445,-1.4059424,-1.5314646,-4.278079,0.28315985,neutral
-719.1148,69.37248,9.145821,17.470062,9.558501,1.261863,3.4300106,-6.9391947,-2.3572764,3.4550145,1.821911,4.073016,0.6453003,0.3881936,2.155066,3.9654937,-2.1648073,2.2996035,1.5124242,1.4223769,-3.2849536,2.1598067,-2.3559196,1.0882288,-1.1675528,0.7069986,0.27267107,1.438957,0.43057144,1.0221386,-0.6163586,1.2357916,-0.56239045,0.5746494,-0.30875158,2.12718,-0.6435124,-0.063940145,-2.6166148,-0.27156854,neutral
-732.39154,74.417595,9.957227,20.323359,5.8946714,1.8330762,-0.58052397,-0.18544412,1.4413657,3.139661,3.4028313,3.802841,-1.4289092,-0.007022112,2.691802,1.7106014,-3.5769029,3.4927928,0.13189964,1.6854962,0.83933574,-0.016936203,-2.841161,0.1001098,-0.28438473,2.3052335,-1.63296,2.332152,-0.94369435,0.19858012,0.04541054,0.9345054,0.4821752,0.65206546,1.2160579,0.9341187,-1.3514917,-1.3949965,-1.9889611,0.75461155,calm
-773.9628,69.54775,14.766401,25.346931,6.108048,4.687026,2.77475,0.20582072,4.714933,3.734016,3.453125,6.16871,-2.182931,1.7991159,2.5488975,3.2406669,-3.210799,4.174697,-0.74757016,3.380143,-1.1461136,1.3921672,-4.3236127,1.3551301,-0.75048465,2.9930453,-2.4054449,2.6554677,-0.08044481,-0.13998593,-1.5730815,0.97136945,-1.7622815,0.14128663,-0.045319594,1.7261461,-1.9994141,-1.629313,-2.1865902,1.4721131,calm
-747.1589,71.51419,13.281766,20.926575,4.2257733,5.0209208,0.2773625,-2.9737003,-0.48456344,6.272964,3.859562,3.5259335,-0.46601126,1.0248471,1.6184822,0.5078287,-2.9789557,3.298239,0.02543444,1.1836212,-0.86654234,1.265913,-4.1951475,1.0652224,-1.4124204,2.5795844,-2.0982502,1.8899196,-0.1674589,-0.71662074,0.058673427,1.3773198,-0.77843606,1.8535545,0.009221146,1.3794659,-1.6841993,-2.5359218,-1.5313934,1.0059414,calm
-710.3511,66.41768,13.519736,15.207065,1.5543497,4.6306124,-2.0806737,-2.975962,-1.1490536,4.7653947,4.103083,1.2741798,-0.8513602,-0.79589295,1.3948365,1.7337534,-3.3090343,3.4718463,-0.044751607,0.64808524,-1.5986007,1.8931472,-4.542995,1.7168758,-2.3708038,3.8741374,-1.3154962,2.0301025,-0.14500132,0.11341328,-0.8035331,1.1833892,-0.9764653,0.6466398,0.3587694,1.0456258,-2.0582786,-2.3966324,-2.7450182,0.5098114,calm
-728.2159,68.302605,8.8685055,21.326395,6.684216,3.9150279,-0.17241152,1.2478184,2.4974985,4.4833527,5.46235,4.299602,-1.6944047,2.6997452,0.45346215,2.123864,-1.7675984,2.9652052,0.17728978,2.443174,-1.891202,2.9976149,-5.199776,1.1145698,-0.9281735,0.8399003,-2.0688288,3.7188323,-0.9421826,-1.1824561,0.07537396,1.3097789,-0.10757737,0.3578723,0.65552056,1.5667082,-3.0812166,-2.346683,-3.0720327,-0.7392272,calm
-788.4148,61.05521,16.276304,22.374853,8.56693,5.714801,0.9183318,-0.13286182,4.517874,7.5325694,6.360081,4.519873,0.14376193,3.0276482,1.4009128,2.0455089,-0.47235116,3.5915835,0.49811476,1.4889749,-0.32322496,3.682368,-3.7589633,1.4409678,0.33459213,1.5070046,-1.4200191,3.0462298,1.6739571,-0.6541649,0.39365724,0.4576873,-0.7556868,0.74479043,0.37029684,1.7029897,-0.916083,-1.746009,-2.1427362,0.40119445,calm
-758.1042,64.264,17.975967,23.658867,3.8145378,1.9258776,1.1887463,-1.0535554,1.8170172,8.370338,2.8774753,4.718699,-2.853634,-1.5711373,3.6968434,0.38119075,-3.2363575,5.1278586,-2.5801296,1.0790247,-0.38583103,-0.052546363,-3.0070796,1.9453981,-3.223085,2.414136,-2.2472427,3.1424577,-1.1482961,-0.8882298,-2.0851922,1.3313788,-2.4161592,1.8726691,-0.012150847,0.7922793,-2.865399,-1.0390779,-2.9726818,0.6737191,calm
-779.51715,62.9809,20.787813,25.956495,8.524118,4.763363,1.6989222,-3.2781785,3.2695615,9.374279,3.624204,5.2965198,-1.6630045,1.3061818,3.125987,2.4374533,-2.7858415,3.8994696,-0.6191513,1.2162642,-0.23200642,2.6902611,-3.5441172,2.091802,-1.4306471,1.6662427,-2.8373878,4.0959835,-0.49393266,-1.3978828,-1.8823813,2.8293083,-1.7716069,0.4881898,-0.6727219,0.83848524,-3.2004287,-1.7019745,-1.9434216,-0.008355828,calm
-675.9472,65.55761,4.3977504,15.4905615,9.071381,1.6905048,-0.54678625,-1.0787313,-10.267439,-3.2622576,6.100595,-2.4363997,-1.7463971,2.278468,-0.9551846,1.4206485,-2.64904,-0.16739218,-0.31005725,-0.074276745,-2.2072196,1.3062568,-2.35946,0.3528796,-2.0069838,1.6972017,-2.6823857,3.2144578,-1.1371781,2.0387228,-1.1420038,-0.92103136,-1.459089,-0.6043079,1.5117522,1.8903146,0.35268345,2.1280205,0.20290247,2.918648,happy
-655.9602,62.273277,-0.59660965,14.280579,10.207513,0.4006304,-0.36432418,0.46730134,-5.1735454,0.3538085,4.0530562,-1.1980872,-1.6482732,1.4625305,-2.0164356,2.0383418,-2.0089111,-1.4090384,1.8347697,0.27827394,-2.9963427,1.0910879,-3.1441984,-1.7894996,-0.5177624,1.510241,-2.1953025,2.633236,-2.003432,1.6449593,-1.0576319,-0.8394166,-0.7186963,1.2229097,0.16611175,2.0678875,-0.45074463,-1.6657349,0.82387733,0.6394343,happy
-681.50244,53.67715,7.8891654,15.003612,7.496662,0.60752565,0.40647674,-3.784906,-3.164779,0.1472853,2.2793972,-1.1397793,-1.4636343,-0.26168922,-1.2902395,2.6676476,-2.5893073,-0.24347958,2.5933485,1.8992109,-1.8257346,1.4005309,-1.9437234,0.8777188,-2.0194664,3.5592844,-1.5526417,1.4333885,-0.55882627,1.6770146,-0.75051904,0.26042724,0.120378464,0.17797846,0.83425254,0.8321858,-0.6734783,-1.9294143,-1.5248777,-0.284516,happy
-612.02905,68.37137,0.24628875,11.889709,2.9513838,-2.587056,-3.4354706,-5.571573,-8.305637,-0.8914383,2.6468208,-3.349977,-1.12028,-0.45816362,-1.9681915,0.29564077,-4.8247585,-0.90321386,1.0273697,-2.6537716,-3.5355868,-0.4795021,-5.310803,-0.8518194,-2.4833302,0.6832649,-3.069772,1.3400637,-3.1782691,0.5083162,-2.6875632,-1.3100775,-0.8834868,-0.22456634,0.18645398,1.6649357,0.016837137,0.38296065,0.62491655,3.7028308,happy
-616.6896,52.44195,3.3628879,7.6039577,-2.6698925,-1.670191,-5.894977,-4.3877892,-9.923696,-7.196024,2.2555797,-5.3309193,-4.4536304,1.6403686,-0.7266491,-1.3992068,-4.9797606,-2.1145818,-2.9563231,0.40876907,-3.9431643,0.025746096,-0.6110341,2.644887,2.7627795,6.7925024,2.3967578,6.9757442,3.1733024,6.1094084,5.182218,4.725584,2.5165992,4.3364224,3.8238976,4.116555,2.77105,2.4798257,-0.14102033,1.6251961,happy
-548.12854,58.015133,-11.591911,2.871154,2.0050538,-3.0106845,-9.0034075,-2.9245555,-11.904448,-6.3139687,5.1597805,-6.071684,-2.4158807,3.6045046,-3.3008752,-0.43420008,-4.1313024,-2.2671888,-3.8005598,-1.0226623,-4.698689,1.9900292,-0.032383684,2.453002,3.7042797,5.3166423,1.4782925,7.956451,3.995142,7.100394,5.8716006,4.0871596,1.1627848,5.9073625,6.094134,4.829547,1.0671337,-1.356152,-0.0007227509,1.7587756,happy
-562.88074,59.837933,-2.837688,8.135035,4.0089793,-2.282989,-7.623981,-7.147433,-16.505234,-4.8847246,3.1197536,-6.729406,-4.807905,1.0240779,-3.8576796,-0.070559844,-4.7509804,-4.3091593,-2.1886213,-1.9785699,-6.4228206,-0.804904,-5.231415,-3.485775,-2.1822681,2.5384557,-1.8332058,4.8409543,0.66201305,4.5463634,1.7231421,1.1074587,2.4144206,5.015893,6.3914495,3.9328935,1.751875,-0.6677972,-0.6302007,2.7951615,happy
-563.365,43.991817,-0.28653172,5.5650635,0.9160989,-0.77064025,-5.660745,-4.3311734,-9.8182335,-8.509374,2.0153704,-5.190903,-4.9647484,0.5693628,-2.4165318,-0.8524545,-4.022531,-3.9146206,-1.9560636,-0.3191438,-7.1093693,-1.0277369,-4.561125,-1.9927119,-0.47039732,4.089546,1.5562016,7.0880046,4.630871,8.061859,5.0898933,4.890579,3.3924303,3.404832,2.5396872,1.3426523,1.3436201,1.254493,0.8747301,2.4133592,happy
-777.59674,74.773994,16.916864,21.83179,12.460757,4.5115323,3.7802973,-4.4799433,2.1247938,4.4722114,1.2850416,5.976845,-0.36585972,0.9231455,2.902094,2.6958103,0.37321863,3.5776033,0.7752601,3.4890137,-3.1842625,1.6268041,-1.4251655,2.4462256,-2.4351819,5.0630455,-1.7325435,3.6213224,0.10848074,1.30778,0.49075735,2.224974,-0.62545705,3.1163085,0.4216184,1.4415904,-1.010608,-0.06782916,-2.8124337,2.0543947,sad
-752.4602,75.41076,8.608349,22.109093,10.721552,2.3472934,1.0529567,-4.0762005,-0.35493287,6.6348844,1.8237786,2.5988574,-2.652099,0.26888007,1.5610884,3.7037735,-0.8096011,1.951999,0.96630687,3.0268672,-3.4919744,1.7897677,-5.537561,1.3037204,-1.4602199,6.4982233,0.28626144,0.6231741,0.8244862,1.5089629,0.11929248,1.9020866,-2.4468412,2.9479744,0.24714807,2.3894413,-3.0590863,-0.84469724,-3.6028702,1.6848283,sad
-776.24286,65.79871,14.874017,18.302795,12.032691,5.5936284,2.0665555,-4.644863,-2.896289,6.472925,3.1345165,1.0254148,-2.378268,2.0659332,2.2369199,4.915048,-1.7866191,3.3939369,1.9695803,2.4920223,-3.1744366,2.6053143,-2.6222043,3.626371,-1.6900581,4.1263347,-0.6593527,1.4641619,1.0005885,2.4188993,1.938687,2.0789413,-1.0592214,1.2411094,-1.7099667,3.1273239,0.0787107,1.7397534,-4.1449943,1.6448573,sad
-745.7621,75.93883,17.748379,21.577127,10.450661,2.7912774,3.1924102,-5.0591207,-0.30111605,7.2569885,3.6705413,2.958894,-1.5769169,1.7160705,1.352057,2.8292682,-2.5091107,4.1975765,0.225313,2.5658343,-3.3282151,1.5631635,-4.779863,2.253822,-3.6344566,3.8970902,-1.3915141,0.9791751,0.8162201,1.1350076,0.805068,-0.01044966,-1.098701,1.2535152,0.18800394,1.3357369,-2.2833683,-0.085019395,-3.321566,1.375157,sad
-744.00616,71.92843,13.545238,21.100004,9.078999,2.0774865,-0.5501989,-1.5731436,-0.37176913,0.94681275,1.2274368,0.7844954,-2.225965,3.530015,0.6835048,4.757623,-2.478881,2.5284088,-0.01872752,0.3666773,-2.497514,-1.0398785,-2.4219644,2.082305,-1.3448797,4.0925927,-2.2873638,0.48861036,2.0093393,1.0463573,0.44390404,0.42403093,1.3636931,2.1492271,2.1660938,3.5137844,0.98195297,1.9606143,-1.8499196,3.4725726,sad
-758.10394,72.20432,5.9516835,24.846874,13.796191,4.6416683,-4.2957487,-1.4608277,-0.6657695,1.1883726,2.165728,0.29180795,-1.6728886,2.2233546,-0.5320529,3.6983929,-0.3249007,0.5697256,1.8281646,0.26285893,-1.7676271,-2.0274951,-2.597649,1.9021059,-2.4347475,4.51412,-1.3855934,0.20423537,1.4212229,3.035129,1.6302279,-0.6441985,-0.3415715,2.0630407,1.9415807,3.4077122,-0.23790698,-0.47841665,0.21941024,4.64374,sad
-718.7961,57.302082,7.230609,20.15908,6.0422606,0.99578404,-1.6510485,-3.701744,-0.46868506,0.65294373,2.2405438,-0.445494,-2.5470264,1.6511412,1.7778662,6.2761593,-1.4383094,1.4218158,1.7093539,2.8002138,-0.41712388,0.20136082,-1.4171455,1.4817975,-1.9285456,2.7837029,-1.005079,0.06664298,1.809567,1.534147,1.3243719,0.0146102365,0.8665619,0.929456,2.4594738,1.8962413,0.29379785,1.485489,1.1399688,3.0327997,sad
-748.1096,67.098816,4.5237203,17.891768,11.065869,2.8260741,-0.60551006,-2.1759782,-3.9314826,1.5262468,4.3472834,0.73753107,-2.6220825,1.1959035,1.2597641,6.833723,-2.1226683,-1.9274272,0.48210227,4.0955367,-0.72304296,-0.59715134,-4.4340687,2.7344134,-0.89672595,4.631044,-0.87969595,-0.0806851,2.9289496,3.3105524,1.945926,-1.2144213,0.6932477,1.275291,3.8763356,1.8490123,-1.4590764,-0.5965462,1.5461305,4.660712,sad
-530.7511,57.402336,-12.861928,6.974574,5.557503,-13.368005,-4.748325,-3.1927059,-7.3058176,-4.772196,1.4820015,-3.012778,-2.5086634,0.06538035,-5.5550385,2.3458405,-5.253578,-2.4275415,-2.4856985,-0.67992944,-4.4886694,-0.67019296,-5.217304,-1.0926461,-0.8169954,1.9101263,0.9715758,2.540252,1.4560093,2.5988743,1.0065987,1.4913031,-0.5534551,0.90288997,-0.266365,2.9831645,-0.11675644,-0.34844592,-2.2349975,0.63324124,angry
-548.7486,53.61569,-3.3639624,14.486692,7.0473976,-9.573701,-3.5817797,0.4844212,-3.1737957,-2.1677034,2.0280643,-0.65570223,-0.9145621,2.2546568,-2.268557,1.8476725,-2.698892,-1.1142026,-0.6592072,-0.1638415,-3.0743556,0.06230694,-3.1893053,0.39519677,-2.1206148,0.9813415,-1.0384715,1.8187953,-0.042423155,2.6547694,0.36403954,0.97262853,2.095178,3.3026357,2.2871034,4.0628314,1.277897,1.337971,-0.50284296,2.3127117,angry
-617.4165,75.535324,6.918883,9.33725,8.847602,-7.2987423,-0.068878606,-6.8464847,-6.0127745,1.3507576,2.3913128,0.7271795,3.0961456,-1.7649002,-2.499527,1.8667125,-5.012341,-0.39641494,-0.5980806,-0.3040794,-4.6512203,0.18006602,-3.3315904,0.44465426,-1.4779046,2.5561905,-2.5995054,1.4343245,-1.5987334,2.4520168,-1.5946323,0.348961,0.04788108,0.88152033,0.52152497,1.4188418,-1.8447429,-1.5602516,-3.2326097,0.19557814,angry
-580.82275,68.2817,-0.2344438,13.09045,4.1463223,-9.643879,0.54440534,-6.699572,-5.598043,-1.494265,0.6873675,1.5369962,-3.6222162,2.0236554,-2.682389,-0.15179774,-5.354469,-1.1146094,-1.4869394,-0.9262081,-5.665919,2.6880832,-5.1408014,-1.2369363,-0.9162355,0.111886516,-0.62956905,1.2862006,-1.2737176,2.5298972,-1.2470648,-0.1618684,0.12170832,-0.38485357,0.7298619,1.9340714,-0.73455006,-2.155032,-1.3349825,-0.73468465,angry
-384.0643,34.256428,-17.813843,1.6445553,-1.4034634,-10.599476,-11.906975,-2.3656275,-9.861035,-5.0225196,0.30586293,-3.8414161,-3.687164,-1.0800024,-6.967491,-2.9929368,-4.489381,-4.580424,0.10176626,-1.3782558,-0.80596364,3.9958088,2.4608295,2.29553,1.8016578,3.7039027,-0.45614353,2.5337758,0.2533853,3.739922,0.13685857,2.770794,0.51010025,2.2995036,0.8187627,2.5100956,-0.38249177,-0.94595754,-1.1168354,-0.13901876,angry
-415.5648,38.486977,-9.673044,5.3552246,-0.7874865,-9.335597,-9.317086,-3.5473106,-6.957916,-5.2747674,0.824742,-3.5363483,-2.7486584,-0.5509883,-5.8210087,0.3639118,-2.8008294,-4.2483273,2.2276664,0.79120666,0.99502635,5.1710243,0.12209821,3.459794,0.9495474,6.06807,2.724476,3.4204483,2.443347,3.391307,2.812706,3.3369627,1.5082506,3.3373113,2.0893443,3.1704657,0.16297036,1.413618,0.5479225,3.0003645,angry
-350.02188,30.031206,-10.444896,-3.1150224,0.19722423,-9.963837,-14.113779,-2.31856,-10.919786,-7.2998095,4.090269,-1.4101477,-4.5077157,-1.2481196,-4.078967,-3.7165682,-3.9845297,-1.3912921,1.3365003,3.9839349,-0.001076182,1.4761362,0.3627986,-0.74082404,-0.16658983,4.128031,0.1780953,1.2179656,-1.7648914,2.500287,1.3957179,4.254736,0.68459123,0.9345816,0.6225114,2.4310904,2.3999512,0.74641967,1.4693931,1.7330819,angry
-343.56802,30.301905,-15.451941,-4.369333,-2.1417978,-9.978175,-12.471821,-0.41930127,-13.28294,-9.884019,4.1306806,-2.8131769,-3.861856,-0.41871545,-3.0747375,-5.752115,-2.3741536,0.9294048,1.0619392,4.52715,-0.75735146,-0.28139165,0.97447634,1.433993,1.4690855,6.185931,-0.6715333,1.7373525,0.53531027,1.5835762,1.8575927,0.98069686,-1.2608737,1.1231517,1.6937197,1.9891555,1.3302063,1.8488245,0.819376,0.3068683,angry
-662.5266,54.09209,3.1520503,10.8401,3.3614094,-5.168105,-4.502857,-1.4114486,-0.65726626,-1.023144,-0.8773802,0.64696157,-3.6756268,-0.4544578,-0.13220024,-0.80839556,0.36739588,3.5488172,-1.4171612,3.1115015,-4.80178,-1.7227482,-1.3895838,0.847497,-2.6773357,1.6369123,-1.2352937,0.8251263,0.24014215,2.3323255,0.6033529,1.8354932,1.1289812,3.8508785,3.571728,1.7097354,-0.11865638,1.094959,1.0892518,2.994345,fearful
-657.15094,50.462704,3.6729527,12.293158,6.0008144,-4.0090985,-2.9878192,-3.309136,-2.5337129,-0.77483505,-0.77053875,0.401526,-3.8038287,-1.291005,-1.0235136,0.060836323,-2.1375825,2.8715682,-1.7500366,0.7826402,-2.7381687,-1.4775666,-2.1713276,-1.0082608,-2.8716733,2.9699454,-2.4206138,1.2160327,-0.4915161,1.0863484,-0.6369701,-0.0009459665,-0.63748825,1.4205688,2.1309855,2.3039694,1.9393488,2.175474,1.9075875,4.210037,fearful
-713.924,61.634018,7.8993826,16.909286,7.991396,0.05099061,-0.34736556,-2.1838055,-1.2478335,2.9752407,2.3594925,2.044387,-1.6755615,-0.5980778,2.2688448,4.170414,-1.6489949,3.0235226,0.24626407,3.146261,-2.6770802,0.008780199,-1.5663766,1.5246298,-1.336943,3.9716232,-1.1452547,2.4188483,1.0772347,1.936173,-1.1043487,-0.20480382,1.0565048,2.6103094,0.8203677,-0.8195968,-1.7776835,-0.27610043,0.07142339,1.7473658,fearful
-616.3586,53.23849,0.57082605,10.068679,2.8886933,-6.518523,-4.004351,-4.163701,-4.641317,-2.8542094,-0.81788576,-0.9072121,-2.817745,-1.1454046,-1.9434931,1.084987,-2.9654748,1.3116376,-1.339526,0.46146476,-3.2278574,-3.2152956,-1.5814621,-0.22254007,-2.3782215,2.4682791,-2.4282558,0.5684388,-1.2710476,0.85457444,-0.98771906,-0.4036319,-0.97150326,-0.086692065,0.82634234,-0.6627899,-1.4168662,0.41498297,0.77260494,3.9810488,fearful
-471.0275,33.861633,-15.337207,-1.8570201,-3.0362053,-7.434627,-12.857092,-8.509115,-7.4595146,-7.4227166,-0.7817862,-2.8888838,-5.648056,-1.3302549,-4.4288707,0.6540764,-3.4298947,1.2242218,2.6763341,4.8632183,2.3081377,3.9565697,3.143269,5.556163,2.621275,7.853945,3.36585,4.498981,3.6550007,5.0944877,4.9139395,4.043612,2.702672,4.3079505,3.0513427,2.416985,1.9631271,1.6775553,1.3916284,2.8803358,fearful
-450.13965,44.73647,-20.347181,2.263704,-4.6356754,-7.946278,-16.357342,-13.356622,-10.222763,-8.800164,1.3598036,-5.6383224,-6.4320154,-0.7732255,-7.1698046,0.4102395,-4.688785,-4.4313293,-0.5891033,-0.36966318,-2.9188426,-0.70685756,0.34747696,5.0208163,4.6317606,12.202033,5.99056,9.825715,7.2296033,4.601034,3.5979292,4.726115,2.1129894,5.0683475,3.2893858,1.706996,1.0961577,2.298851,3.8716042,6.6600485,fearful
-488.75458,32.81452,-9.54359,4.3279357,-0.4066996,-8.066127,-9.619813,-4.9463735,-12.629442,-8.612478,-0.33967605,-4.6356463,-6.759178,-1.7820516,-6.2908397,-1.8598412,-5.3050175,-5.607181,-1.4982203,-2.2151222,-4.4923244,-1.2561308,0.8687488,4.202986,2.0139463,9.998521,4.863032,6.505739,5.24342,3.5898044,2.6507874,1.6375278,3.546423,5.1740136,3.4664032,1.6434267,0.69810104,2.9944172,3.6085331,5.3074856,fearful
-472.2308,43.44461,-14.952086,2.0362535,-3.567226,-6.5545955,-14.047052,-12.088763,-9.804027,-12.164197,-0.72190005,-6.4855695,-8.327797,-2.3669999,-7.434816,-4.5522532,-7.748324,-6.8694963,-3.7899415,2.2065506,1.6575483,7.9839015,10.525148,10.408279,6.923022,7.1241813,3.0649197,1.0683026,1.09302,3.9049282,2.4496315,3.8473165,1.6934274,2.2765205,1.3304446,1.189583,-2.3321748,-1.1028144,-0.8261957,4.930069,fearful
-727.1078,55.84191,11.068944,19.208323,5.8182898,0.39816007,1.9675097,-0.49851602,1.75727,3.9008653,7.26851,3.445917,0.5199957,3.4886591,3.7977836,2.991664,-0.8497047,3.371645,0.07739057,1.7597934,-0.7012481,1.0976741,-2.745365,1.4863585,-1.1225625,3.854017,-2.1738288,2.5205562,0.22349255,0.9771339,1.4340855,1.1767519,0.2852623,2.0206432,1.0523165,1.2524022,-0.7526395,-1.3064065,-1.6119101,1.9397172,disgust
-662.40186,45.26849,7.3941174,14.994179,2.149397,-3.5114405,-0.22264905,1.7752476,1.41872,3.2805324,6.5792866,3.5661979,0.23060375,1.9508388,2.8096657,0.39941502,-0.6330424,1.799051,-0.5384697,2.9300127,-2.1664615,-0.065703906,-2.0111163,1.2534711,-2.3613575,2.574452,-2.9893894,0.8743493,2.6145647,0.89874184,1.0109024,0.5809413,-0.26227447,2.118403,1.0697063,0.6605705,-1.5494095,-1.0035595,-2.475572,1.2022613,disgust
-711.8761,55.858917,13.1045475,12.977491,5.183434,0.58477694,4.6441875,-4.648085,-1.5815699,2.3232172,8.444808,3.4775546,0.28385985,3.0495093,2.3178527,2.6065714,-2.072015,1.6476419,1.4482759,2.3597097,-3.488578,2.4959056,-3.4641585,0.3654046,-1.8450748,5.4410386,-3.5257647,2.087965,1.4928807,1.71838,0.7740975,1.0135096,-1.2167109,1.5726726,1.1015636,1.7336837,-1.7231073,-0.31117406,-1.5007625,2.8937638,disgust
-662.7597,48.831715,11.084879,11.569359,2.1431713,-0.3711474,1.7620173,-5.2868757,-2.5022635,0.72579116,3.885442,0.7380534,-0.52172947,-0.4654396,1.6763229,0.96520686,-1.7358508,0.5265122,-0.77403593,2.3815932,-2.333749,-0.39107707,-2.7017984,-0.6604038,-2.8129506,4.498642,-2.1130478,1.2087598,1.2071762,1.795679,-0.34895685,0.3849056,-0.18081787,0.62680715,0.05468904,0.71974194,-1.4338983,-1.6365944,-2.1515632,1.47351,disgust
-670.2239,60.2315,7.3857737,17.79608,-0.8597413,-6.015917,-1.2759825,-3.819134,-0.030299222,-3.0212913,1.6554759,3.501111,-3.602731,2.1807792,5.6427145,-1.2407506,-2.0135782,-0.28831327,-1.6008276,1.4848926,-2.1454904,-0.66516715,-1.0635678,-1.3534915,-0.53844094,2.325909,-4.0041313,3.2677495,-1.217425,1.2793996,-0.7557818,2.522115,-0.7856133,3.1367226,2.0349817,3.7729304,1.7503383,3.3620021,0.78582525,2.6204736,disgust
-587.7437,48.639202,2.419252,12.627031,-2.2152581,-9.256489,-4.349899,-3.9374516,-3.501536,-4.777454,-2.990017,1.3187537,-4.4078283,0.58247304,0.7449418,-2.233176,-2.510668,-2.7972229,-1.785005,2.7180696,-3.8746698,-0.11855095,-2.451918,-1.9230607,-1.6587595,1.2780207,-2.3563106,0.019567907,-0.8890867,0.35882455,-0.41672593,2.0459077,0.765515,2.1540174,2.316926,1.0705104,0.92307657,1.2062042,0.15805066,3.273651,disgust
-583.20056,53.184452,5.3181205,5.544195,-1.4292165,-6.6437035,-9.051151,-10.883603,-5.7998857,-4.7457104,-3.1362422,-0.93226266,-1.255281,-0.24195945,-1.694711,-0.40151042,-1.9371262,-2.8761823,-1.2169803,-0.4224254,-2.5044744,0.3524525,-2.9509895,-1.7836041,-4.8390884,3.588217,-6.3339453,3.634877,-3.0934303,0.7443806,-2.095914,0.06131456,0.05996878,4.2961016,3.467546,4.092133,1.6307979,0.24362154,0.9558018,3.4711776,disgust
-620.6744,82.283226,11.684595,12.78741,-6.2633605,-7.881867,-3.7111046,-3.8093514,-2.227016,-3.2258396,-3.597399,4.5633364,-0.39809886,-1.9189693,1.3925501,0.9026199,-4.7345877,-4.908931,-1.1374751,-0.08339987,-3.4615896,0.5772044,-3.6079054,-1.6664292,-1.6309521,4.1273804,-3.989893,2.3113375,-1.2011473,0.9442718,-0.7976793,0.33816075,-1.1924137,2.9127522,-0.5459122,0.5640714,-1.9251598,0.32298008,-0.15905324,2.2935667,disgust
-635.0853,56.02686,4.419184,11.626022,4.162893,-3.817116,-3.4184031,-2.3580189,-3.2773888,-2.533552,0.5281949,-1.8654734,-2.051579,1.1686683,-2.2575924,0.4608604,-4.3471794,-0.06276281,-0.5991132,-1.0864302,-1.6626134,0.029865572,-3.8753314,1.2606943,0.31762654,4.5725746,-0.79359084,1.8197044,-0.76733774,1.4891503,1.2055651,3.0579932,1.7384332,3.6475837,1.896423,2.2463052,-0.34173703,0.98718715,0.14331439,3.1535976,surprised
-617.443,58.951935,-2.9919174,9.029224,2.2322028,-10.378318,-3.9435244,-3.641772,-6.472557,-4.548944,-1.0918692,-3.4018905,-1.9715308,-0.03351761,-3.210676,1.2233487,-4.246007,-1.9734296,-0.4729802,-1.9714563,-3.2735157,-0.31910044,-3.7833655,0.36831033,-0.58546484,2.2584116,-1.1261389,2.3894835,0.27015838,3.835933,1.8208499,2.888375,0.48936784,2.9601548,0.8793033,2.2887228,-0.25674754,1.7331228,0.9096694,4.831695,surprised
-655.3209,56.072914,-6.150687,8.53707,4.2211366,-9.381891,-0.51811546,-6.2792907,-8.261438,-1.8149698,-1.7847811,-1.5915313,-0.2172489,-0.587654,-1.6282629,2.112008,-4.629513,-1.5657892,-0.45211643,0.16277221,-1.8386617,-0.257911,-3.9565458,0.48736107,-2.1151702,2.312186,-1.0079567,2.2531674,-1.2751077,2.8044548,0.9317936,3.6577256,2.5664518,3.6994545,2.839552,2.7555978,-0.19036788,1.1562637,0.7844288,3.547015,surprised
-614.5782,59.530006,5.0313525,12.225225,4.5023007,-2.9535573,-3.7873192,-8.036038,-6.497083,-3.3329701,-1.4819348,-4.372841,-4.5242834,-2.6442494,-1.6282444,-0.8262335,-5.114222,-3.0082006,-3.0839932,-2.2980955,-3.8881352,-1.8514001,-4.324422,-1.6774056,-1.8633115,2.6696007,0.98574626,4.459876,3.831817,6.0681353,1.3969514,2.551475,0.7830219,1.4193761,1.6557257,2.8621242,-0.5368214,1.4355903,0.054186154,3.6620228,surprised
-603.65424,39.90025,8.936424,10.640966,-1.5934677,-2.584786,-2.7399275,-6.2672787,-3.7925026,-4.484878,1.6268315,-2.4953125,-5.8495994,-0.19572985,-2.8857749,-2.619268,-2.8989797,-2.4510233,-2.029813,0.3153915,-2.3400645,4.7820272,-0.6422685,1.8447506,2.204116,2.735659,1.7244873,4.2419605,1.3616527,4.182832,0.5620353,2.510791,0.734479,3.7269595,3.2534971,4.431278,1.2414408,1.5293463,1.70001,2.6680217,surprised
-572.9952,51.11543,3.419715,5.735491,-4.7603154,-5.581883,-4.2945766,-3.3319345,-7.037662,-5.8749614,2.8924453,-4.1093345,-4.952768,0.1230892,-2.6760428,-3.7754672,-2.9202023,0.73836726,0.39423522,5.133679,-0.4520061,3.065689,-1.8470123,0.5186686,1.4544919,3.238748,0.58676857,4.7250485,1.29629,4.2268395,-0.27002275,1.3143916,1.200148,5.617755,5.8936663,7.564347,3.7924821,2.752794,1.561618,3.7813368,surprised
-574.37366,44.215668,-2.3618038,4.267144,-2.5085666,-5.8653407,-6.6196456,-7.517724,-8.779401,-5.3002996,2.4373071,-4.0625925,-3.9627755,-1.2507087,-3.2118988,-1.9173732,-5.9136834,-2.2376413,-0.16348313,-1.1758355,-4.7479134,-0.12405585,-3.8803642,0.08713764,0.032903418,3.8304954,1.7765824,3.7002804,0.6815525,3.5543911,1.35026,5.4681706,4.2242117,4.2959538,3.6504776,4.8675847,3.4421098,2.3867056,2.5384235,3.1663818,surprised
-597.11334,54.368362,4.117723,6.218391,-0.19508761,-5.6859202,-3.2197607,-7.2334337,-9.052013,-7.152269,-0.21763048,-5.5701747,-6.3661923,-1.6986706,-2.7825048,-1.9593332,-5.106643,-5.198534,-2.0215986,-1.6441127,-6.277284,1.0482646,-4.8525844,-0.5588875,0.66301215,2.555108,2.3622239,6.2636905,2.6270814,6.9500427,0.4465235,2.2187665,0.3717627,2.0775056,1.7651094,4.2541213,0.4416833,2.2405443,1.1983076,3.226369,surprised
-736.0868,50.89171,-18.46466,8.632231,0.63062966,-10.233562,-8.63306,-9.96855,-7.245039,0.26921886,-6.277717,-3.4392776,-7.3254495,-4.660887,-7.288162,-2.962847,-4.769698,-3.9359217,-5.365305,-7.7502365,-1.065118,1.5660402,0.49913788,2.1636279,-0.7539095,1.1598663,-1.2029195,2.0200064,3.3020773,6.9594097,3.8489575,6.681609,3.463116,6.120331,3.57838,4.446178,0.81304646,0.19676368,0.9814789,3.9929657,neutral
-697.0333,52.721966,-18.394602,13.298955,-0.07996503,-12.791263,-9.582619,-9.804232,-3.583849,1.7724863,-5.0536466,-0.6990579,-6.3102365,-1.7726208,-5.949279,-3.2684789,-5.0853605,-4.9034386,-4.814695,-5.9243536,-1.1173836,0.5216258,-2.6447818,2.7895648,-2.5968938,2.05095,0.8735411,6.419066,4.948199,8.601369,3.1830225,7.0001745,4.4501123,9.284035,7.3054895,8.331841,2.128809,0.81843483,2.2849905,7.6835012,neutral
-704.21606,50.68633,-11.04975,9.263933,0.47050425,-8.964567,-10.850554,-9.529205,-5.836635,1.5158616,-6.585201,-1.3031585,-3.9353359,-4.2863054,-4.4519467,-3.197231,-3.0182471,-3.7298925,-3.6552532,-4.317103,-0.31034228,-2.5248632,-3.3006954,1.8051618,-0.26752457,2.968429,4.319586,7.1205473,4.040432,5.2556534,1.8171006,7.852967,8.611028,10.393399,6.4086323,6.161631,0.77097106,2.3120415,3.6207857,6.5656676,neutral
-710.57117,53.05127,-14.801417,8.403964,-0.16601449,-10.802906,-11.535567,-10.901441,-6.12013,0.14787759,-8.3742285,-2.5629933,-5.523454,-4.261971,-4.936761,-4.1680517,-2.681927,-4.2574077,-4.996965,-4.868285,-1.0192882,-1.6492271,-3.772386,0.22445597,-2.6512055,1.6840885,1.8222132,7.4288354,5.7038493,8.724299,2.9386637,6.8647738,5.923295,9.140817,6.073258,7.6757913,3.8990443,3.1170995,2.0660245,5.3287683,neutral
-727.5514,46.937637,-3.4761481,9.773693,4.917169,-9.099193,-16.531698,-8.444363,-2.7294116,-0.73227465,-6.269356,-5.909163,-6.6858873,-1.0612025,-4.92707,-1.2660972,-6.636215,-3.4247942,-4.7373567,-6.4582405,-1.9519482,-3.2941136,-6.439808,-2.0425951,-4.6081395,-0.41563582,-1.4885405,2.8099444,0.62580115,5.0730467,0.7544057,5.791073,4.506765,9.525354,8.062427,9.67466,6.0858464,7.0570116,6.2568965,7.01008,calm
-722.12714,54.29466,-5.969026,9.02107,6.297482,-8.623025,-17.869728,-12.482069,-1.6699965,1.1028699,-6.4406056,-6.8317018,-5.6841655,-0.9877171,-4.710747,-1.8413554,-7.0021853,-3.520915,-2.7566338,-7.21627,-1.9138584,-1.2887201,-6.6155324,-0.6534428,-5.9930067,2.7683876,-1.4917622,3.2472456,-0.79971725,4.8461595,-1.6205384,5.8509154,6.2684436,13.717196,10.483132,11.818582,5.0929627,6.0916367,5.539804,6.7468777,calm
-699.43115,64.44927,-4.0125074,5.07022,4.282751,-6.839472,-19.00791,-12.2518425,-3.1222434,4.519031,-6.2535954,-5.2687864,-5.20411,-2.7283087,-5.846698,0.27995434,-3.0403159,-2.845388,-2.9367387,-5.6559052,-1.3099775,-0.5064787,-4.9322047,-0.11231152,-6.1008224,-0.73560494,-3.9622374,2.010743,-0.2299716,7.955152,3.3391435,11.448252,7.759994,12.144269,8.246518,12.600813,8.31518,11.091671,5.668163,6.572635,calm
-679.65686,62.071774,-8.461225,2.5809357,4.202794,-11.273902,-22.043978,-11.232704,-0.3783689,1.8081423,-10.190519,-3.7769558,-3.3125088,-6.1913548,-4.3634424,-1.5960113,-5.4432645,-2.6172154,-5.5972233,-4.9868283,-1.6579226,-1.0556048,-2.5389068,-2.6224883,-4.5663085,-2.080561,-1.3493494,2.8512318,2.827443,7.9330363,3.1169162,7.1207156,3.923174,9.960282,5.623382,9.360931,4.24365,4.6340003,5.6610384,8.463696,calm
-698.5696,52.51681,-9.7409935,11.873466,4.2723536,-11.441927,-14.926325,-9.880668,-0.0941542,-1.6417104,-5.088742,-3.0375328,-6.408349,-1.9309863,-4.007391,-2.5874798,-8.0333185,-4.4517884,-3.3030355,-7.021591,-3.186852,-3.3389616,-5.07754,0.6991201,-3.8776207,2.7140913,1.0604855,5.188862,-0.7993798,4.2088213,-0.74183184,6.8250356,5.2066474,10.648289,7.0415688,7.793924,5.5759397,7.859823,7.618404,6.986484,calm
-708.6624,52.639084,-5.3044457,9.089781,1.9176799,-9.41009,-13.6781435,-9.7122135,-0.07851273,-1.2277017,-5.2075043,-6.14859,-5.5092726,-0.24740015,-5.1652837,-2.996831,-7.4501314,-3.2551374,-3.5572314,-5.9941564,-1.2270505,-4.5087786,-5.7744126,-0.84819907,-6.0950975,-0.39279512,-1.1845508,3.5083458,0.032829285,6.1739016,-0.19753617,6.387472,2.8259995,10.081833,7.655714,9.7232,5.036516,5.480807,5.833856,9.847289,calm
-707.62787,55.94562,1.2488135,0.698561,0.6405372,-9.203818,-18.465294,-15.622073,-4.464423,-1.134105,-9.300658,-7.2909713,-8.039702,-5.5318847,-7.6877465,-4.750658,-6.373358,-5.0600924,-7.9815273,-8.487638,-2.8732226,-4.001275,-5.9555454,-2.3084233,-7.0201616,-2.242245,-2.0363317,3.211341,0.84965897,7.7752595,1.1650358,9.117213,4.649433,9.261039,8.482355,10.823778,5.5800085,5.412854,3.6787314,6.87777,calm
-729.11633,62.318695,0.21002108,2.4254901,0.912832,-6.571174,-13.285454,-10.275111,-5.339099,0.94665414,-3.0344448,-6.375654,-8.305276,-0.050670393,-5.476976,-3.630544,-6.170347,-1.0816287,-3.2328842,-6.357089,-3.7478466,-0.78980935,-6.6689205,0.78645754,-4.3129034,-1.4360186,-2.985617,2.3661156,-1.3245038,6.141939,3.1387625,8.562285,5.647158,10.701911,6.645246,11.621716,9.425272,12.744278,11.508167,10.374756,calm
-614.2468,61.17363,-40.498077,15.648338,1.4935443,-23.826868,-16.221949,-13.577771,-4.0955443,0.41511565,-13.927419,-3.7257187,-2.6977546,-4.674081,-1.8896315,-7.2655506,-6.839081,-1.8789575,-5.470009,-4.8156343,3.1464732,-0.3730383,-1.3343877,1.7108288,-2.148815,2.0192513,1.5368016,5.778893,5.0830173,9.328418,6.6083193,10.281541,4.018061,7.3855944,5.838937,5.283248,1.5542847,4.527441,5.366996,5.8114047,happy
-573.9299,41.64295,-50.23238,7.4082456,-2.847581,-24.291725,-15.487392,-16.604847,-10.643719,5.5172343,-17.061314,-3.278309,-5.373378,-9.37566,-2.8880358,-9.464942,-6.788158,-1.2020595,-2.8188896,-5.201838,1.3370819,-1.3212854,-1.1059308,1.1733948,0.12465296,4.425107,6.2443705,10.142639,5.9757257,5.2135596,0.81291354,6.172686,2.2821538,9.146272,3.6703944,5.3205714,0.56879246,1.945566,1.0813825,3.4003875,happy
-646.7023,44.627403,-31.921171,7.44985,-4.359053,-18.03013,-13.933757,-16.59844,-6.4042554,0.65238804,-14.55373,-2.6133535,-5.129987,-8.921807,-4.639917,-6.1833196,-8.890143,-1.6894633,-7.526792,-5.956535,1.3649714,-3.094716,1.3027645,5.0210533,1.5804937,6.8120756,2.5765507,5.6380706,1.0663928,3.4816422,3.3879502,11.155026,6.2502623,9.002489,2.736606,3.9354088,4.1117015,5.7712092,4.686534,4.0801377,happy
-614.3838,41.683403,-29.96724,7.4777093,0.20265679,-19.117033,-10.926556,-15.603345,-6.8371477,3.458844,-11.01752,-3.9077258,-2.4843009,-7.281306,-4.1657586,-4.7198067,-5.8828564,-0.9712748,-7.1601195,-8.056114,2.2684407,0.10686662,0.49218094,6.4510436,3.0128038,4.2003484,2.0423388,2.5784514,2.5320911,4.5988493,3.894292,8.748958,2.8338203,3.8434968,1.4162139,2.1809263,2.6453395,1.485498,-0.7259345,1.4673882,happy
-427.75732,15.810411,-52.225025,-4.7078924,-3.9109013,-18.926863,-24.123535,-9.719073,-15.200921,11.464633,0.27211878,14.480454,18.660755,3.306954,-0.7529388,-8.5555,1.9290966,4.7398744,-2.6203394,-5.4189625,4.432523,8.534076,4.2069073,3.2529085,-2.0806434,1.899501,0.120805554,-0.60218465,-0.60754234,4.828731,1.0235084,4.4483886,2.4403481,6.217336,4.292225,3.4485264,3.2691908,4.486334,3.2180402,6.110578,happy
-459.32068,13.444442,-49.441086,-5.7993727,-7.7323895,-18.312616,-18.151405,-11.156026,-17.534197,2.9471266,-10.917784,4.1851597,15.275693,12.624164,10.459995,-6.4839005,-3.7167318,2.8104615,2.1533895,-1.7229805,-2.8290741,-4.103912,2.0053487,6.3185687,0.9870637,1.3255284,2.8405821,2.9954371,-6.1317797,1.131047,1.9934747,5.043965,0.031970467,6.323247,3.0328484,4.4038434,1.4621615,3.712848,1.1645402,3.01035,happy
-455.86865,9.776975,-50.191082,-5.8436046,-7.6837363,-23.714895,-17.726625,-14.577716,-12.85008,3.2743855,-10.85206,6.953041,15.088048,17.281368,9.818878,-3.6937275,-4.5643597,-0.7176565,-0.8797996,0.59063005,3.66835,-1.3031309,-0.29291084,6.054341,4.940182,1.512388,-0.81549,6.17982,-1.4452084,0.068032205,-2.6053047,5.913284,4.3292418,4.9805584,2.3686965,5.005253,-0.90142196,4.5773554,6.6707177,3.0430975,happy
-441.9271,20.755121,-47.170673,-3.9952812,-4.2969356,-25.527172,-18.921124,-12.2335205,-10.756468,3.7313972,-11.2838745,4.7141366,13.839013,15.630992,9.538091,-4.1828055,-4.0762124,-1.1981152,-3.3273797,-1.011336,3.9636552,0.6018384,2.7015767,8.068954,5.684709,2.657948,-0.12311477,2.9128401,-2.160207,2.78174,-1.1563361,6.1055064,4.404644,6.5461583,3.0764508,5.940756,0.8181905,2.0215225,3.6266496,3.95943,happy
-748.2751,52.651924,-1.3787141,11.587991,3.941803,-4.4294443,-11.34843,-8.3197565,-3.8007758,0.7020114,-2.9753425,-3.005181,-3.722975,-2.519946,-4.960876,-0.62913233,-8.408386,-0.22169842,-4.102681,-4.2148943,-1.8051686,-1.0714653,-4.1404095,2.4892328,-1.9484905,2.482687,1.3489118,3.8016644,1.585416,7.7460556,5.969482,14.516738,9.8261795,10.394106,3.6343384,1.2811345,0.6489308,2.8108785,3.4082317,4.10838,sad
-727.0622,55.815666,-10.316251,15.540366,4.362055,-10.232832,-12.886127,-10.294195,-2.2895534,0.4342895,-7.1445436,-4.9117246,-2.1864595,-1.904696,-6.5556607,-2.936462,-8.293314,-2.806894,-4.888957,-7.377493,-1.64457,-0.9233817,-2.4994864,2.355063,-2.0119972,3.1113172,3.6883497,7.8097425,3.8197553,7.182351,3.0200965,12.84925,9.04917,10.097324,4.9226446,2.7667463,-0.07006466,1.8134583,0.99633896,4.360011,sad
-714.11346,49.508083,-4.2954383,1.1246501,-1.2677296,-10.522165,-12.54099,-13.639496,-6.9160547,-2.0840187,-7.0241113,-3.2841475,-5.4988885,-7.403942,-3.5894763,-5.8716884,-7.6831484,-2.6401596,-7.193448,-7.4924235,-3.215069,-3.5728476,-5.169804,-0.009287313,0.33503234,3.865179,2.2061713,5.79193,-0.1259666,3.5807846,1.6606233,9.244205,7.4864626,8.831479,2.6575885,1.2114527,-0.0993453,1.6773397,1.7279049,1.4814568,sad
-743.1232,53.72402,-2.6473985,2.6727574,1.9372091,-8.898521,-13.272688,-11.373472,-5.6751842,-0.24744338,-6.4513865,-3.0061584,-4.756922,-5.4116573,-3.6055708,-4.749244,-8.562764,-2.008671,-5.954908,-5.300692,-2.9946625,-2.5842154,-6.0222297,-1.2939171,-4.192797,0.48366082,2.0558305,9.6345215,6.6942024,9.919909,5.2922287,9.781672,6.6806803,9.460742,6.342049,3.5297909,0.52691823,1.5875119,3.2055943,6.2599893,sad
-507.7749,14.442532,-37.946045,4.3505516,-2.1588025,-20.19325,-3.3520048,-12.817089,-8.309454,6.7694077,-11.516565,2.6811311,5.768933,2.6703756,12.527513,7.982892,10.937184,9.617349,-2.8765929,-9.963973,-6.992181,1.8294104,4.4452505,-0.6383183,-10.035763,-3.0141213,-1.209685,2.4122345,-6.1233835,1.5881846,6.9438577,13.243312,3.6216416,4.3118944,1.6742381,3.4901364,-3.0239472,1.0409389,3.1185715,1.9357036,sad
-696.2595,35.222626,-15.295753,4.2527204,-4.782965,-15.927985,-9.556319,-14.188618,-5.714737,5.333011,-6.501,-0.23208593,0.9242072,1.5867727,4.3295746,3.139992,1.4712844,6.5342875,-2.169574,-2.7918153,0.15657684,1.2151941,1.5487971,2.1234698,-2.5279427,2.0843322,0.8785009,3.3340569,-0.56077886,3.6296926,1.1046994,6.183886,3.0839057,7.4672494,3.1630707,5.0685425,0.6243097,1.2740502,1.8572298,4.3186626,sad
-514.46185,27.29788,-20.663517,-2.780614,-8.103602,-16.992455,-7.1249876,-13.565977,-7.092171,0.29886478,-13.811729,-5.5656734,2.603139,6.003034,10.342918,8.706334,7.9004955,5.5037374,-4.7096944,-2.9251335,-0.3501019,-0.70960253,-2.9289067,-0.8682747,-5.7987275,0.13526316,-2.0049627,0.58946896,-2.490453,3.6780815,-0.20171739,3.464436,0.23679298,5.086549,0.672324,3.64281,-0.20945443,1.340198,0.6941761,3.3317993,sad
-559.1688,26.109644,-33.181774,2.9051642,-6.33019,-26.764631,-15.503421,-19.772926,-11.748395,8.572304,-16.754896,-2.2517083,-0.8022768,-9.0802355,0.91616064,-12.386656,-2.0281262,3.6362374,-0.57471335,3.4795132,9.4958315,7.282395,6.0068603,8.302928,0.04181785,-0.73232377,-3.0206573,0.7583788,-1.7775068,0.05968081,-3.4284346,0.59951353,0.26689798,5.539872,0.39503032,4.46535,-0.79114807,1.1617877,-2.1587243,3.3125112,sad
-620.1191,40.45414,-18.601866,7.9257417,-3.8432543,-11.310839,-9.179121,-10.090404,-5.7088704,-0.40437868,-7.405224,-3.9531586,-3.351888,-6.4675713,-4.6850977,-4.587623,-6.767649,-4.928438,-4.081143,-3.9399567,1.8841034,-0.3436092,-1.1490102,0.19438311,-4.6337156,1.3261366,0.70905054,5.7244163,4.936252,7.18784,4.4511046,8.347707,3.0247335,5.010424,1.6882545,2.9343963,-0.07558614,-0.050958645,0.9996474,3.7138388,angry
-613.15173,53.818966,-9.01834,14.973305,-1.4467224,-9.699908,-7.2909064,-9.399538,-5.9128356,2.2141197,-3.7553651,-1.444512,-4.1356792,-2.6626081,-1.6277285,-2.7669446,-4.2366924,-2.926069,-2.1245372,-0.36246845,3.7986763,1.5973784,1.8354026,3.322044,0.03802304,5.802955,2.1121259,6.9652467,4.004724,9.152878,6.3662186,8.494531,2.956888,4.0070295,2.440183,4.485283,2.1507595,1.1426702,1.2443316,4.2514973,angry
-578.7339,40.61901,-20.754139,3.0516405,-8.271965,-19.116571,-9.644247,-15.119929,-8.276416,0.9033613,-7.93471,-3.8601081,-6.731193,-5.0121098,-5.126704,-5.5043116,-5.41608,-6.286625,-4.2667127,-6.1140943,-0.4110858,-0.4452285,-0.13958976,4.186735,2.831944,6.635912,3.8503196,8.664379,4.315807,7.056906,-0.7120912,5.3395977,2.114372,6.1239147,1.7864132,2.6725297,-1.8256159,0.09603647,0.47227395,2.8599172,angry
-541.3498,32.225895,-14.752877,2.2268872,-6.7324963,-14.901286,-8.139104,-9.95165,-9.554412,0.89807624,-6.5194354,-3.8885071,-4.9986386,-4.2111125,-3.7417457,-7.084384,-3.5061872,-5.157309,-7.090412,-6.936608,-2.3697698,-2.7430723,-0.27745825,3.7064376,5.4388213,8.15849,5.912521,9.54059,1.9352823,3.8880684,-2.2194624,3.4719489,-0.99174565,3.178417,0.4991946,2.4632115,-2.5826032,-1.9458282,-1.4054961,1.8495288,angry
-351.48755,23.282288,-43.678757,-9.904856,-13.16667,-19.746656,-8.774983,-12.824528,-8.449242,4.6925006,-1.187111,10.387511,10.245673,5.840156,-0.9316213,-4.3502617,-1.4241217,1.5863189,1.2852573,-2.7091727,0.11816855,3.0018928,5.4040623,3.4986284,2.710511,1.2924033,0.44396326,1.5918803,-3.2890532,3.4612057,-1.4152293,2.1782548,1.2193412,4.4850483,1.6846058,5.695698,1.2599696,1.8042529,-0.8744772,1.5309947,angry
-364.66458,21.625107,-41.659554,-7.072665,-12.0742655,-18.580112,-9.20385,-10.314624,-8.039838,1.8346355,-1.5252872,9.233312,9.73805,6.901083,1.339209,-2.2805026,-3.1048682,0.59941673,0.72147715,-3.2124982,-0.45017636,1.1845196,3.8110926,3.373567,2.0259573,1.6337639,1.1623151,2.406633,-2.3555338,2.0588892,-0.46186048,2.0571878,0.53665274,6.2307377,3.2016354,5.4863896,0.21049283,1.5118995,0.8130524,3.111466,angry
-370.0635,20.48599,-34.419662,-11.536446,-12.79721,-21.496017,-6.08782,-12.96151,-10.379995,1.7029608,-9.984506,-1.2272644,1.6437954,5.3206587,9.818382,7.1618953,3.8796027,-1.1071624,-2.1002905,-5.4291115,2.2372293,1.8088473,-0.63796,-2.4433713,0.17981212,0.96316546,-0.5141251,3.3813171,0.9544684,6.11809,-0.22336929,1.698306,-1.3156492,3.311491,0.08312408,3.0287616,-0.004033327,0.69399804,-1.291818,2.5864246,angry
-379.7553,19.31459,-36.0883,-6.2428174,-11.7538805,-18.160236,-3.8496966,-13.729938,-11.142834,0.019437168,-10.446549,-0.60339725,7.2613378,14.444626,13.438256,6.6107125,-1.5205117,-7.2816877,-1.7716781,1.3975854,4.091016,-4.3434496,-6.0751424,1.0234265,5.3021917,3.348281,0.87407404,6.6001534,2.1180289,-0.5044812,-3.2744555,5.3620386,1.4879445,1.8542976,-0.4116609,3.4365563,-0.8955305,3.6774144,3.5898147,1.52173,angry
-677.82074,46.53548,-11.327108,3.4127245,3.169052,-9.58525,-8.924841,-9.855503,-3.445017,0.90500814,-7.7689342,-4.175272,-5.242921,-2.7272766,-4.5051346,-4.509408,-7.388984,-4.484774,-7.0991583,-4.6531005,0.9288686,2.5797195,4.6620336,9.323396,5.9635243,7.4982305,2.733002,6.419241,3.7567472,7.4410954,2.4512582,7.086645,4.5633407,7.1766505,3.1401196,3.316014,-0.39574933,0.43558246,0.6956556,3.8255756,fearful
-652.2811,49.771885,-22.734545,10.348046,3.9551585,-12.011138,-9.543407,-14.920105,-3.1872108,4.6055546,-9.837167,-6.96556,-0.28589645,-0.9540411,-6.9926496,-3.6125848,-7.150743,-1.7347195,-5.116215,-4.8577256,3.127277,3.6223977,1.8371245,8.335831,3.3045087,7.2146387,2.2316656,4.878477,2.3775237,6.1496773,2.0824397,7.6998873,3.9189944,6.378962,4.630121,6.164206,0.8244327,1.7380474,1.1617138,4.5144334,fearful
-645.6575,47.710827,-17.030172,0.0078031863,-1.6296829,-18.35951,-14.062272,-17.951763,-7.752053,0.24635139,-12.008512,-5.6096416,-7.3993425,-4.6294494,-4.1543665,-7.5389657,-9.030919,-4.2874026,-7.7020993,-8.3494425,-0.2113804,3.732143,6.787436,14.085497,11.328038,11.4496765,5.308724,6.4478188,1.8252361,6.222742,1.9846873,7.147327,2.4726844,5.0794425,2.5878003,2.203755,-1.3602816,0.89288914,1.2241601,3.0099928,fearful
-653.56165,43.752323,-9.844876,4.8593664,4.134324,-12.52491,-12.1888275,-11.209746,-4.37147,0.49920028,-8.905047,-5.6650763,-6.4481626,-5.679125,-8.063914,-6.657127,-7.639801,-3.7432537,-5.674583,-7.7866883,-1.4521533,-0.9749751,2.2611768,8.729266,6.523868,10.196098,5.537622,6.6673093,1.1932452,4.027663,1.3804107,7.5480576,4.723794,5.771651,2.0494843,3.137314,1.3483723,2.427253,1.9053382,4.270819,fearful
-375.76205,10.333244,-55.78422,-11.231372,-15.705115,-18.73719,-25.929207,-9.953245,-6.811569,17.336304,6.977475,12.280225,15.012845,-5.7754426,-9.427168,-8.517955,1.0861552,6.4948134,-7.186532,-4.233555,13.987899,3.662513,-2.2825963,-0.7148331,-3.3475218,0.24706215,-2.9523234,2.944873,0.75046575,3.3498874,2.6077251,5.558504,1.9600196,5.136575,2.1055555,3.8767052,-0.26963776,2.2401085,1.7084342,4.983013,fearful
-376.2241,5.668152,-49.888977,-12.137798,-16.2629,-22.261309,-18.829643,-3.7612352,-4.0016885,20.488117,11.18381,6.0422535,1.8064847,-7.6966286,-9.7748785,0.84445894,2.2397048,1.6709427,-2.877666,3.3189025,8.819557,-3.1297045,-6.6021695,0.21168038,-2.1119642,-0.13039233,2.8393502,4.985286,-1.6064447,4.8101816,2.2546551,1.3394237,2.3413346,6.792446,1.5943311,5.174568,0.77707416,1.5902051,1.7126144,2.490995,fearful
-394.1578,8.82012,-45.107494,-12.447441,-13.336456,-24.763163,-22.584335,-11.09939,-10.843486,13.573784,0.32866445,6.8428197,13.275075,2.1541665,-5.630906,-5.033472,-0.49454725,2.5447552,-9.441963,-5.644271,8.9384,3.1748724,-1.5622987,-0.1487805,-4.4274426,1.7539415,-2.774128,1.6888797,0.21056992,5.2195683,2.908452,4.2051444,1.7503401,5.1875772,1.961395,4.543366,1.1769038,3.585367,0.5029901,1.9596552,fearful
-334.81918,10.201431,-48.192646,-20.430021,-12.76998,-20.476168,-17.76642,-0.37109196,-0.29349607,24.083012,6.1107807,-2.676867,5.962263,-7.436576,-3.7810469,-0.7084166,-0.77687085,4.025236,-1.9639256,2.9070828,11.573298,-1.6400867,-5.6533113,1.301082,-3.1605372,0.6513742,2.9160614,3.8376567,-3.0805156,6.5493155,4.521513,-2.8204122,-1.9043026,5.0305343,1.8661991,6.6375,1.2693727,2.2353508,3.3451042,2.9793568,fearful
-683.0766,57.1953,-6.289339,4.351694,-4.7204523,-8.998034,-15.196865,-11.978427,-6.732116,-2.7802494,-5.8042173,-4.6868176,-9.094306,-4.5606585,-3.0474436,-5.1898575,-9.145368,-1.8267422,-8.609729,-5.152515,-5.612099,-1.6415179,-4.7175536,1.0033501,-2.5055373,-1.0611018,-3.1094458,3.0546992,0.50269645,7.9312396,5.441758,10.349291,4.5675187,6.889507,1.0889549,2.2461736,-0.56489843,4.530174,1.2292606,1.8514566,disgust
-714.337,45.342445,-3.3032207,11.051667,-2.1978211,-3.3736463,-10.406924,-8.678525,-2.62098,2.3993409,-6.4439855,-1.8327469,-3.3744738,-2.4800606,-0.4073163,-6.0894203,-5.1668205,0.38814905,-6.8185325,-4.6677604,-0.84954107,-1.1506275,-2.5404344,0.6644402,-0.3502942,1.2763937,-0.9605001,4.542637,0.6039243,5.087684,3.6121223,7.704245,4.9631963,9.162065,2.8614662,5.238599,2.73162,3.9187756,3.337729,5.117508,disgust
-760.7073,43.23903,7.3998485,-2.150902,-2.9714212,-2.1468844,-16.688158,-7.573629,-4.619661,-1.7917427,-6.448236,-1.510368,-5.9092245,-4.9042935,0.43557882,-4.1159134,-4.2766833,-1.60958,-7.6666813,-5.928853,-4.683667,-2.4859607,-4.009552,-2.5859652,0.033374667,2.0615244,2.082015,7.5737395,3.7538974,6.0481462,4.2911572,7.3885064,6.3527846,7.5450373,2.2665105,2.91154,-0.36710376,3.8639235,1.3769106,3.0611095,disgust
-723.3554,42.344654,0.5067986,-1.9785968,-0.20297348,-7.216157,-17.553534,-10.01415,-2.8476114,-4.103618,-10.0384245,-0.99445945,-5.883447,-4.4611855,-3.1751752,-5.6475015,-4.9455056,-2.95916,-8.261028,-3.493008,-5.017682,-2.1622615,-6.1235037,-3.0174296,-2.7123163,-3.3411498,-2.9826198,2.2368796,-1.8096037,3.4680524,3.1735165,7.391096,8.070372,12.068376,6.4009104,6.863659,-0.2928887,3.646732,1.2577428,6.131955,disgust
-557.968,28.73958,-19.281618,2.69919,-11.6604185,-18.244488,-11.898899,-8.231113,-8.804025,-1.2721536,-7.936022,-6.7967496,-8.188657,-2.6341755,-3.939182,-3.4725997,6.0673537,4.926048,10.711862,7.0468683,2.9338012,2.4804337,-1.4192936,3.0131516,-1.7350643,-0.8318407,-3.4847531,-0.40763417,-4.0311117,2.5835354,-0.2800055,3.0868533,1.4781324,5.626176,2.438991,4.009921,1.8716648,4.7363853,1.1026233,0.84457314,disgust
-656.6925,41.39602,-22.571152,0.5874077,-11.324266,-15.276663,-12.021709,-9.284982,-6.619112,-1.6740938,-7.480577,-1.4004424,-9.11685,-2.9592457,-3.2516055,-8.248246,-4.7293115,-7.389782,-6.007505,-4.234215,-2.3329537,-0.5562428,2.153424,3.9570382,4.2862296,8.64186,7.207961,10.923794,4.3735895,5.029233,1.6595477,3.5179403,2.1401973,5.428433,-1.426515,-0.34623966,0.077312425,2.9117625,1.3359296,0.071719065,disgust
-606.1093,49.37549,-14.71998,1.4098036,-2.982719,-14.225356,-15.782128,-6.491744,-5.2139487,-2.1775255,-10.718266,-0.45512313,-6.7726197,-5.8808317,-3.3027396,-9.711855,-3.2592306,-3.632633,-4.6341224,-1.8410995,1.5787001,4.3307314,2.1742377,4.732006,3.6296506,5.2942004,2.1458707,5.0545692,-0.31423688,3.543826,1.1161405,4.8024664,3.3892019,4.7659497,2.2438612,1.9519556,2.0035944,3.543651,2.8296928,4.039832,disgust
-646.13,49.39429,2.1531963,3.359453,-1.6527967,-6.2004423,-7.691568,-0.9645858,-1.621579,3.0812697,0.24373546,4.6002965,0.16949128,1.0489056,1.6005474,-0.8147677,-0.11027323,-1.52639,-3.9826682,-4.83373,-0.043508753,2.0757797,4.6065,11.09371,12.999669,12.717384,9.192626,7.632967,1.6492946,5.670911,4.777446,7.2513385,3.504491,4.4541564,0.86910844,2.8777723,1.6831895,4.1614094,1.5207555,0.8045876,disgust
-732.39526,54.986607,-10.176512,3.2443967,-1.1978989,-8.032018,-9.451846,-9.335159,-3.9941406,-0.37779072,-6.69576,-2.9512954,-5.981295,-5.5438147,-3.4021869,-6.741069,-6.98154,-2.9105332,-8.13706,-4.850732,-2.6873343,-1.989338,-0.38123998,0.16616407,1.3879989,1.8603053,1.1010685,6.941606,5.0440097,6.5892124,3.0967677,4.9616604,1.7274698,5.464745,0.7362624,2.547128,-0.16209802,1.9503187,2.0801566,1.489357,surprised
-706.4529,48.765984,-13.521225,0.9787978,-3.0387876,-11.408022,-9.769102,-13.9277115,-5.204069,-1.6517862,-9.948383,-2.8925734,-6.7896767,-7.101068,-4.5488605,-6.695887,-6.4287033,-4.837734,-7.3096075,-5.104984,-3.1358888,-4.3071127,-2.1375825,-0.21858281,1.2821068,2.9218602,0.8950156,3.867963,-1.1427802,2.3158288,2.1762657,5.2165275,4.531153,5.019314,-0.968429,1.0401337,0.68391746,2.292542,2.988966,2.0515194,surprised
-685.8698,45.7263,-9.697616,-2.562844,-3.4744186,-12.541761,-12.430642,-12.734321,-4.105191,-0.9599753,-9.583192,-3.02702,-7.542217,-8.784755,-3.086015,-6.6342316,-5.632149,-1.5429626,-6.5035734,-4.161896,1.2734947,0.3063362,1.9447606,3.756327,2.9981792,3.057445,0.7308201,4.455785,0.5024989,3.9235442,2.4279377,4.9348125,4.4934554,6.3480854,2.4518888,3.5290425,0.20791058,3.184227,4.554659,4.619618,surprised
-679.55316,56.328686,-4.6923122,5.2509866,2.024384,-13.309534,-14.036065,-11.633524,-0.39403984,1.5602882,-7.808323,-3.0974855,-2.3545551,-5.2716494,-0.8612849,-3.1987777,-3.2985795,2.3224397,-3.2866993,0.08226216,4.803821,3.1592784,4.7940383,5.835454,3.219094,1.7250522,1.0274497,6.261692,5.455682,8.65487,6.4414725,8.561342,5.244999,5.8033266,2.5837817,6.903765,2.712353,4.327875,3.5145888,4.846826,surprised
-685.1561,58.81702,-14.848517,9.240657,-0.76014686,-15.956421,-12.699201,-11.794307,0.7118597,-1.8172214,-9.429703,-4.685001,-6.3985543,-8.673614,-5.8268504,-6.8063893,-8.750962,-1.6687269,-6.686873,-3.5696008,2.1720629,0.69129336,0.6206948,3.9622898,-0.62442994,-0.57217693,-2.8438098,3.1470306,1.7863802,5.8779583,2.476905,6.3509293,4.151899,5.5033855,0.7666286,4.9003625,1.9552954,4.6259546,4.641611,4.419746,surprised
-575.6946,34.1147,-29.312386,-5.3724422,-10.295927,-16.176697,-10.862704,-14.728642,-7.9254837,0.18577147,-8.294898,-3.6197743,-3.5448492,-3.949842,-0.9755565,-1.6460475,4.4155416,6.6654825,1.4211615,2.5504634,5.494802,3.9493258,3.547926,-0.6919776,-0.9747006,0.7071842,-2.041657,3.2120953,-1.1691552,2.3327167,2.7638676,6.282971,3.5400724,4.4871097,0.6238905,4.1437745,1.1059378,3.7345874,3.490446,2.3706317,surprised
-591.6237,32.502544,-23.604517,-1.3301793,-4.109738,-17.185587,-13.511533,-17.001337,-5.2235227,0.021318555,-11.6576185,-2.3003805,-3.9318633,-3.3560362,-0.7458496,0.36161909,2.1100483,6.683253,5.0912538,5.643745,5.5372376,0.5131399,-0.8226438,2.6610909,0.11115324,2.6723154,-0.07423192,1.9829345,-2.3966167,3.9128132,3.2046974,5.8634853,4.1542892,5.246385,1.4950067,5.2497907,-0.35232395,3.2217376,3.3466327,3.5372481,surprised
-578.7569,34.27308,-22.334126,-8.805018,-4.3636837,-17.305048,-11.619075,-18.277882,-6.7500772,1.9375823,-11.027572,-7.6978345,-3.639272,-2.909764,-2.9368942,0.54310995,3.9824378,6.0325274,2.650314,0.37104124,4.1770473,0.969335,0.8545276,2.220162,-2.9759376,-1.6601934,-2.2252696,1.4269702,-1.9638749,3.294766,0.6031639,6.2564335,3.9553,3.9502916,0.40562335,1.9333162,-0.628107,0.2708145,0.20762585,2.1336637,surprised
-650.27673,71.56552,6.6284614,17.708052,10.26493,-2.4720685,-5.9334826,-7.738141,2.2934804,-4.2967253,-3.3096173,-1.1172874,2.4990199,-5.311853,-0.07268848,0.8041168,-6.493285,0.80042696,-3.1718168,-1.3207437,-6.458072,-0.033943087,-3.5942624,-3.001359,-2.7748377,0.21596198,-2.9156926,0.8470577,-4.1367216,-0.81306356,-4.8976407,0.24106589,-2.3362823,-0.7173907,-2.974575,-2.5180988,-5.905755,-2.7826498,-2.3699408,0.31112787,neutral
-647.45294,74.718925,7.604442,18.76212,10.770361,-2.1660206,-5.998836,-8.206124,3.7424397,-3.1040277,-2.5165563,1.2952241,4.5285964,-5.744194,2.0505843,1.209318,-4.210569,4.4621606,-1.8993639,-0.6293022,-4.7218347,-0.36331797,-3.4163759,-2.123821,-3.058398,2.8959117,-3.093744,3.5158932,-3.2830527,-0.13063449,-3.5632079,1.7455693,-0.48198503,0.49016428,-2.085731,-2.6031144,-5.2666097,-2.4641943,-1.4322308,1.2298881,neutral
-648.194,64.6553,7.708081,12.35713,10.69377,-2.3673685,-8.878729,-11.402903,-1.416418,-5.5561256,-5.2749014,-2.9594555,0.70402145,-6.563697,-3.292918,-0.24708316,-7.596137,-0.3120576,-3.6553125,-4.6326685,-5.893304,-1.9109155,-5.3800097,-3.517613,-4.928667,1.1621648,-4.472246,0.5574702,-6.319835,-2.6750023,-5.603317,-1.5435283,-2.4686098,-1.2477533,-3.928863,-3.483426,-3.8300574,-3.1148047,-1.4205599,-0.43420398,neutral
-647.5503,72.78343,12.891841,16.450842,8.96496,-0.87523675,-6.944928,-7.296275,4.6732974,-5.8999705,-1.5077089,1.1568071,2.081265,-4.1671286,1.9336798,0.47913408,-4.5923553,3.8016684,-2.830054,-0.39559022,-5.3217173,1.3168125,-3.0403845,-3.3648496,-1.4430451,2.154248,-3.2994611,1.9140041,-4.335981,-0.9888063,-4.4954505,0.24559018,-1.715767,0.7192774,-3.4124687,-2.246258,-5.5530257,-2.4406905,-1.5551927,1.1611247,neutral
-692.48737,77.656525,7.499141,12.848807,14.525524,-2.3226485,-4.504285,-6.7670045,3.3824642,-2.1162531,-2.821018,2.5469751,2.9055285,-4.4188395,1.1635269,0.34881452,-4.0031734,2.8222017,-0.7221474,0.11014577,-5.4580374,-0.07853166,-2.8239229,-2.6250622,-2.3145125,2.5251753,-2.360287,2.7472255,-4.329274,-0.10034108,-4.160677,1.349863,-0.07447912,0.64536273,-3.2713223,-3.1087484,-3.7429037,-1.5857246,-1.8747872,-0.2825757,calm
-702.64557,81.39135,2.5189908,11.2551565,12.166301,-2.3540668,-4.8724027,-7.655569,3.1762347,-2.2764616,-2.9039838,0.92352873,3.4796264,-4.955525,0.3017967,-0.050226983,-6.230723,1.8513663,-1.7787828,-2.1741636,-4.021635,-1.0391984,-2.9050012,-2.5643482,-2.7789314,1.6443459,-4.1287003,1.8508201,-5.4321685,-0.414773,-5.459139,0.7052573,-0.95778275,1.0584933,-3.4768736,-2.9143682,-4.698108,-1.8930914,-1.5678335,-0.101858646,calm
-684.672,83.23517,14.276167,18.36835,17.42526,8.392051,-0.6316309,-4.6025743,3.889127,1.9737546,0.68169516,2.8391807,6.664458,0.07219067,-0.636508,5.8128915,-2.0511024,3.0012293,1.7538574,0.51019436,-2.5516984,3.4829028,-3.005678,2.1915057,-3.6342006,6.0881705,1.2819113,3.5819638,-1.0698903,1.2322012,-1.1539347,1.5609254,1.2229455,1.7556185,0.2264472,-0.76705444,-2.7991858,1.2823434,-0.9731128,1.4947138,calm
-683.99646,79.22825,2.3684003,13.047003,12.349645,1.4710783,-4.062866,-10.716002,0.18872638,-1.5904208,-4.9322553,0.006930083,3.6491437,-5.7791243,-0.66652524,2.5621836,-6.066374,2.275408,-0.852918,-3.1100795,-5.0868883,0.14873561,-3.8473635,-1.4220613,-5.2300763,4.1324477,-3.3931427,2.1254528,-3.7074935,-2.0583117,-3.9159222,1.4367658,0.7587731,0.70640534,-1.2985506,-3.35709,-3.4076817,-2.7172568,-1.902548,0.7903617,calm
-627.77454,65.62896,2.1947322,22.399149,17.403778,-4.005923,-13.416574,-7.9359407,7.1460385,-4.2180753,1.594327,0.62709814,2.622564,-3.0492377,-1.6799142,1.8597975,-2.6087093,3.9162676,-1.3807399,-0.72485024,-4.919397,4.8526793,-3.6622088,1.3339398,-1.6961759,4.0139127,-3.0219183,4.375662,-4.9530525,-1.0765796,-3.7876742,0.19245608,-0.46529683,0.06795828,-6.191297,-3.5935457,-4.4437304,0.07882399,1.0416727,1.8812757,calm
-651.6989,65.71329,1.6688064,20.023048,8.239936,-1.4996045,-7.5002813,-16.107794,-0.7469026,-3.2699895,-4.395131,-1.1538968,1.9217895,-5.2212563,-6.191712,1.6367158,-6.0796885,-0.49471807,-1.5010372,-3.704501,-7.040976,-0.6685589,-5.1710644,0.9067229,-4.862749,5.7285666,-4.0452895,4.979011,-4.6648636,-0.88574094,-3.7095816,2.2665467,-1.057338,1.2696639,-5.5660033,-3.2087188,-4.5409727,-1.7935191,-1.8226095,-0.048293177,calm
-638.9017,69.73913,9.074792,18.022196,12.298825,-0.95237696,-8.341359,-10.686603,-1.7231399,-4.1836724,-2.9586039,-2.3932557,0.9252697,-3.8459074,-6.4788094,1.1870309,-7.1231127,-2.1956375,-4.5957804,-3.7684553,-6.2432528,0.9481789,-8.561671,0.5849072,-5.034639,2.9803894,-4.0828533,0.29988927,-6.139606,-4.6763706,-2.1033714,-2.3922555,-1.8286647,-3.350469,-4.7474227,-3.606046,-4.612525,0.27361587,-0.9727287,0.91522914,calm
-665.0966,89.0828,6.313965,16.856203,12.340229,-3.6007314,-8.971121,-12.714769,4.2979045,-0.8495337,0.8511942,-0.62516034,6.2979646,-0.4676506,-0.95698357,3.4312873,-8.834705,0.7459313,-0.4384582,-3.8892994,-4.804581,0.30330408,-5.0176682,0.064501144,-5.2171025,4.7840123,-6.3026805,4.2752886,-6.115393,-2.6185913,-4.50364,-1.322016,-1.7023519,-0.94723207,-3.1708264,-5.1383305,-6.8980513,-2.2557309,-3.0136504,-0.8860597,calm
-651.31946,73.87559,-4.2752295,21.810318,12.825294,1.9610177,-2.8536716,-7.2183022,2.1406214,4.1174436,-0.9834154,3.0579412,5.589634,-4.595394,1.2667934,6.5478377,-4.0095787,4.8230553,0.88886607,-2.10316,-2.7889853,0.27521268,-1.156213,0.96142226,-4.4473643,5.7452917,-3.4520915,3.5427053,-4.0491757,-0.8376101,-1.4988649,3.7807584,0.20730399,0.17363502,-1.5020407,-2.8978388,-2.7430182,0.37762874,0.9184237,0.039944984,happy
-636.4077,77.046036,-5.493263,14.967543,8.586665,-6.111676,-7.806066,-8.928538,1.5642301,-1.0575176,-5.0992055,1.8876499,2.319913,-3.5239563,0.4448985,-0.6595436,-5.722595,0.9177855,-5.2508397,-2.1832113,-6.4966784,-1.3034749,-1.8135899,-1.423502,-2.0738099,1.3218013,-2.5202982,1.2966678,-5.0235367,-3.0654695,-2.9296596,1.5730841,-0.8459469,-0.78327996,-2.096444,-2.6221766,-3.6210139,-0.6784134,1.7601217,3.9578874,happy
-613.04474,72.07157,-8.338318,14.75273,7.8853393,-2.3400486,-10.324595,-10.825144,-0.21125223,0.8604248,-6.8369937,1.2841063,4.6142144,-6.3059225,0.66956043,1.7421855,-7.376064,1.4803321,-4.0157137,-3.5156324,-4.690452,-0.57859707,-1.4524223,-0.4957535,-3.7694461,3.6310496,-3.3718867,2.6947238,-2.8238423,-1.5038415,-1.1687232,1.9203013,-0.16585177,1.4535182,0.938232,1.7908795,2.7810955,6.0964937,7.1740956,4.611461,happy
-613.04474,72.07157,-8.338318,14.75273,7.8853393,-2.3400486,-10.324595,-10.825144,-0.21125223,0.8604248,-6.8369937,1.2841063,4.6142144,-6.3059225,0.66956043,1.7421855,-7.376064,1.4803321,-4.0157137,-3.5156324,-4.690452,-0.57859707,-1.4524223,-0.4957535,-3.7694461,3.6310496,-3.3718867,2.6947238,-2.8238423,-1.5038415,-1.1687232,1.9203013,-0.16585177,1.4535182,0.938232,1.7908795,2.7810955,6.0964937,7.1740956,4.611461,happy
-480.7328,64.912476,-11.367149,7.572599,7.9090405,-13.907801,-13.029341,-8.926921,-9.962191,1.3678825,-4.4543056,0.08726907,5.7695665,-2.4532156,0.03449969,2.497062,-5.5060425,2.5896986,-0.7410348,-0.6898665,-4.1162386,-0.79797155,-0.5078324,0.23758228,2.6029823,5.5907526,2.055046,7.2591105,3.2400258,6.1297317,6.372217,8.60103,5.642873,9.919637,7.3983274,6.9870424,2.6107454,2.9025693,4.755204,7.015112,happy
-434.43942,48.289837,-12.470585,13.043017,3.930115,-12.64649,-14.257565,-6.722171,-7.491051,-0.9383266,-5.8704305,-2.0011513,0.9657635,-4.754984,0.59841436,-0.20386308,-5.8093944,1.271129,-3.1669059,-0.3859945,-5.6800733,-0.89672035,-1.1795702,1.4914778,2.0012403,7.9724197,3.223723,9.113258,5.7010813,6.774692,4.9643598,7.842307,3.3677838,5.8190765,2.5857763,3.4991133,-0.86627054,2.1986926,0.28701857,2.8124309,happy
-489.06802,64.012665,-18.394396,9.183151,7.069768,-17.78734,-10.4369755,-11.667599,-11.177217,2.5710354,-9.503173,-1.5959684,0.8247962,-4.319996,-5.09853,-1.5513179,-9.404019,-0.7232288,-2.799495,-5.505741,-5.6586623,-2.1602843,-1.8340938,-2.0841162,0.1670911,3.215708,-1.2665099,3.4493737,1.545185,3.819548,4.8527827,10.475136,8.930137,10.008422,5.499408,2.4545608,1.3933674,4.4006605,5.8386316,5.12548,happy
-451.84018,48.623047,-11.483981,5.8618364,8.803365,-10.313653,-16.78572,-3.5848482,-7.820215,0.055020437,-4.1835027,-3.263661,2.868708,-3.8790283,-0.13371846,1.0032529,-9.958517,1.2648771,-3.2465284,-2.1645532,-4.8728347,-1.416408,-0.07118648,0.32869214,6.7703238,11.521718,11.503493,14.671143,6.488768,7.926738,3.1508567,5.4111366,1.4376961,6.3035345,4.257914,2.4148896,0.71130395,1.9017686,1.3721035,2.3707864,happy
-721.97406,71.64146,2.2744606,10.949551,7.7313514,-2.3157432,-4.327162,-10.995676,-5.955909,-2.2326045,-5.077754,-5.9224524,-0.8381276,-2.9802446,-2.4183743,-0.20008732,-6.721117,-1.4904904,-0.64133567,-2.9866784,-5.1794667,-1.9040378,-6.7559934,-0.8217226,-5.2820816,1.7009698,-4.5747094,0.6992613,-3.034108,-2.720683,-3.4554348,-1.2557575,-0.7362405,-1.0395283,-1.1098887,-1.8755697,-3.570914,-0.80886096,-1.0628396,2.8793166,sad
-694.7864,80.92776,7.776191,17.321959,14.979085,-1.1099133,0.55913144,-9.924978,-3.5302265,0.9500603,-3.302401,-0.14873295,4.229737,-1.5449631,0.35012046,4.0079947,-6.8527865,1.1275035,1.0144259,-1.2001982,-3.2248096,-1.4489579,-3.0480578,-1.6775503,-3.5637844,3.2302833,-2.459738,3.2901518,-1.115401,-0.092807375,-2.3969095,0.26312903,-0.36906865,0.47171637,0.8943979,-1.530114,-3.2302148,-2.3344488,-2.4553087,0.4174517,sad
-706.748,75.68725,10.462436,9.995411,7.7961817,-0.81414306,-3.8673682,-12.025189,-5.3983874,-1.6866535,-5.773629,-4.6060467,1.3564942,-5.5616636,-1.4813329,2.450517,-8.789736,-0.35567844,-2.0166295,-2.7994857,-3.5256243,-1.9137164,-4.8993115,-3.3333724,-5.242442,1.9853749,-5.201975,1.5106195,-2.9099164,-2.3694,-3.1283333,-1.8022712,-1.6796016,-0.4151019,-1.1016114,-3.0918431,-2.710694,-2.5130317,-2.0667353,1.8203291,sad
-623.4519,74.17573,-2.198366,14.116749,7.7194505,-9.593445,-5.9547315,-13.528625,-9.130252,-1.4461368,-7.5461545,-0.27717918,0.69225955,-8.209085,-2.5841324,0.11955216,-11.298593,0.16112518,-2.1211274,-3.1936002,-6.4518766,-4.5493608,-4.887191,-3.3892043,-5.183789,1.9590417,-5.4421563,1.9752942,-4.1754346,-2.6403477,-3.7231905,-0.8939326,-1.3707957,-0.28696272,-0.79901826,-2.659223,-4.9681373,-2.8496325,-1.5626317,0.01700085,sad
-595.3763,73.63094,-8.95311,14.37116,13.750571,-11.537727,-16.592735,-8.307069,-17.779594,-9.041086,-12.127895,-7.3498206,-2.775771,-7.8168154,-5.4239264,-1.8853341,-6.549463,-1.1442548,-4.8005652,-0.9135992,-10.318661,-2.4631832,-3.102429,-6.274989,-1.9547726,0.43390414,-2.2634623,1.7904446,1.5075725,-0.26737824,0.1643447,3.2893093,1.8408813,4.1108756,2.486451,-0.5630682,-0.02927843,1.4966607,3.3283637,3.7462633,sad
-600.78754,60.50648,1.6679432,12.631041,10.283224,-10.620158,-9.325543,-4.6715345,-10.275342,-1.9739681,-6.629715,-6.846423,-0.12802528,-3.8176792,-3.9733105,0.02898839,-5.3059187,1.5198716,0.22893584,0.74168366,-2.4956365,-0.5780975,0.5241162,-2.933644,3.607955,1.5209951,1.2088671,5.0943847,3.7498486,4.0601764,2.6719654,5.4394574,4.390651,5.555128,3.881922,3.4954662,4.0021067,6.099969,6.365697,7.7581544,sad
-566.94086,55.19985,2.6939864,10.326442,8.52831,-2.5360353,-14.198379,-8.47,-10.112607,-6.475812,-8.498518,-6.310804,1.2865134,-5.1665807,-2.9553497,1.0238222,-8.346045,-0.07887083,0.9445482,-1.7715299,-4.3571033,-1.6135534,0.41162518,-4.70715,-1.9769595,3.0131052,-1.8354397,4.7350035,2.1307511,2.4412184,1.0012671,6.1193748,5.1461883,7.7899923,6.8720875,5.5248265,4.8848557,5.471608,6.262944,6.223815,sad
-596.57965,55.796394,1.6499792,11.262543,11.893611,-9.540278,-14.219032,-6.450938,-16.124762,-5.0785604,-7.2870674,-7.937906,-2.1286302,-6.009578,-8.616917,-0.46045542,-9.527018,-0.880766,-0.27579057,-3.1160822,-5.073741,-2.929568,-2.1770337,-5.842043,-1.4197601,1.2498796,-2.6771383,1.8289177,-0.6304059,-0.43721908,-0.18615961,2.3762085,2.450496,3.682555,1.7580934,-0.9439287,-0.15579517,-0.3314356,2.8497105,4.2511106,sad
-514.1966,49.5024,-8.296544,14.323765,6.6898766,-7.830781,0.6107287,-10.374091,-4.7427053,4.1673007,-1.0342565,-3.3966594,7.795166,-3.0321198,-3.0865881,5.259497,-7.7837734,0.80349857,-1.5937886,-2.279033,-3.2445946,0.5697196,-3.746668,1.5509949,-2.3886647,3.1484022,-1.6838824,3.3425107,-0.0746473,-0.40683258,1.1030679,0.7734241,0.18745267,4.9310036,6.5331693,8.221326,3.3785152,3.923367,1.3931582,5.3088303,angry
-428.15683,39.477787,-10.19383,10.718497,4.505499,-13.663072,-1.5924317,-6.1257024,-4.6416187,1.7590122,-2.4308288,-2.5606954,3.2542703,-4.35162,-1.8015779,2.2923706,-7.084592,0.7233421,-0.7199814,-0.13844055,-2.7910497,1.5496488,0.08855491,2.252175,1.8173962,8.036319,5.13047,14.149121,9.47645,9.177612,4.537765,3.7595155,2.872805,5.613217,4.3221374,4.4574003,1.0693129,2.5292244,1.2787,2.3094602,angry
-588.7124,56.840233,5.946857,16.410358,7.3068676,-4.1812663,-1.9918602,-9.588318,-5.645373,0.27694994,-4.4116163,-2.3489387,5.057839,-4.852712,-3.156198,3.2298715,-8.393236,1.4664793,-0.6056248,-3.7735016,-5.3638697,-0.7661378,-7.5908647,-2.641228,-5.9016066,0.7081476,-4.399373,-0.6257477,-1.5260525,-2.3069103,-3.514414,-2.180778,-2.5581367,-0.8447363,-1.381126,-2.458492,-4.320726,-3.6343904,-4.4358444,-1.1432215,angry
-508.83832,48.361454,-1.220239,13.228263,0.69116914,-10.207876,-4.5368576,-10.628401,-4.0334926,-0.9029381,-4.7465677,-0.32724655,0.73722565,-5.076597,-2.6899912,-0.14332536,-10.039978,0.13829795,-3.3209388,-1.1100068,-7.098414,-1.5452064,-4.511245,-4.8172483,-3.0428128,-0.021205869,-4.96816,0.16565347,-2.4612033,-0.6695868,-0.6773375,1.7722595,-0.06725199,2.7026057,1.1160809,1.21294,-1.5087191,-1.1978914,-1.4383177,0.7708623,angry
-430.61908,43.367046,-4.6606236,14.156895,9.494504,-10.049196,-4.943351,-1.1130356,-5.437209,4.275728,-0.47791985,1.7620087,5.7402782,0.97757274,1.2090675,5.7782264,-4.0197973,2.0064209,0.14962241,0.2720605,-0.89180934,0.11407994,1.7651066,1.1106403,1.4432193,8.33392,1.4552658,8.968098,5.37264,4.779836,4.992516,5.3001547,3.0281596,6.4362035,5.8769016,6.1006064,3.2866461,3.4862843,3.7074945,4.8535953,angry
-363.42252,33.200634,-12.125655,11.891399,5.642279,-14.986983,-4.2209444,0.35562494,-6.5518017,2.9054368,-2.4058466,-1.088655,2.665019,-1.749773,-0.03652068,3.7748213,-4.0144944,1.136628,0.5045893,0.6267149,-1.4341962,2.2402349,2.2269378,2.0002627,2.0659616,6.618199,3.5458126,10.141586,6.4455395,5.9169097,6.7768273,6.8419647,4.3781185,6.39092,5.402926,4.4310036,2.7868202,1.9874554,1.5191404,3.0245798,angry
-351.63287,21.150246,-21.423985,2.4456074,-0.37487087,-17.182234,-5.720127,-9.985717,-13.259282,2.1933959,-5.6408205,-4.104843,-0.094995864,-2.9271865,-0.6546379,1.9831495,-0.8224491,2.6544218,0.6004576,1.9120317,1.6178966,4.9558063,4.1066513,4.167265,-0.69730276,4.304526,1.5923102,4.0223947,0.7316455,3.1408825,2.91631,5.2501698,1.96024,2.0812824,1.86036,3.7904494,2.1113553,2.387626,-1.2338014,1.8348556,angry
-366.46887,27.860258,-17.687838,7.012032,3.7941737,-14.186117,-4.950357,-7.084774,-13.993525,3.9273555,-3.4952903,-5.8830853,0.36907262,-0.35800523,-5.920124,0.644144,-6.767346,-1.7984127,1.5748528,1.8872002,1.608811,5.4297647,1.2575552,8.1951275,4.692375,10.120275,8.502633,9.625949,4.132987,6.5833445,4.1799383,4.3193517,0.64625025,2.8037558,2.568706,5.0162144,1.7239438,3.6565907,1.1588852,2.8099673,angry
-648.84393,57.47994,-1.1098145,13.015429,7.874677,-5.371751,-7.460408,-13.254996,-7.9411955,0.5151813,-3.3049958,-3.374312,4.265488,0.55382264,-1.9668399,1.6873118,-5.594582,-1.3608863,0.056807984,-3.1888604,-6.23249,-2.26478,-2.4778328,0.33183286,-3.3236985,3.5949814,-1.7173691,4.5480137,0.9347442,-0.3857707,0.21926706,4.142972,3.4364748,5.519505,7.1649294,7.194726,7.36676,9.595437,7.072091,9.548085,fearful
-632.5396,54.31383,-7.098261,7.887506,5.3967795,-10.248752,-13.12009,-12.84389,-10.576142,-1.1163844,-6.0853643,-5.7372327,0.87053674,-8.441202,-1.3255433,-0.17862317,-7.8422303,0.15761691,-5.9095473,-3.4750047,-7.058752,-2.3920748,-2.7909315,-3.4935734,-2.1613605,2.9521863,-1.7708415,2.9843705,0.052646358,0.6173478,2.369532,7.731216,6.079141,9.33931,9.923301,6.6811237,5.355706,5.080322,7.008021,8.020827,fearful
-650.8201,48.950523,0.45158285,10.640434,6.339901,-7.3021855,-11.986554,-9.244442,-8.156208,-4.651697,-2.9337888,-2.2302916,0.36481866,-5.120538,-0.52159244,-0.857502,-6.8418665,1.0691162,-2.5316453,-1.3193356,-7.636938,-2.5154648,-2.7196944,-3.170206,-1.7335154,-0.38721102,-0.507558,0.22974955,-0.6461319,-1.089834,-3.5138025,0.6194198,-0.78116685,3.8581092,4.8134837,6.3327227,4.597716,5.8054824,6.548217,9.320114,fearful
-641.8527,43.289642,1.7896099,5.8378863,2.0314205,-9.491836,-13.072909,-14.39013,-8.416284,-7.0812435,-8.637221,-3.1306152,-3.383004,-4.856083,-4.119037,-4.25639,-6.8797655,-3.1061025,-6.3787804,-4.637124,-10.9787855,-3.906831,-4.576438,-5.989324,-5.3184094,-2.449402,-5.1569433,-2.6875057,-3.5173595,-3.7663236,-3.667638,1.5735458,-0.48924637,3.2236094,3.4194767,4.2221465,2.1096559,4.677,5.309762,6.503209,fearful
-473.7268,33.1737,-17.3857,-0.07524469,-1.2830887,-17.61497,-13.46059,-13.664288,-11.909424,-8.961267,-9.073079,-4.141933,-2.454467,-3.7183137,-1.0270056,-1.4849514,-4.19984,2.127923,-2.8815827,4.055888,3.4861062,9.497478,10.481154,6.009884,0.40551633,3.841943,0.47212228,5.9498205,4.9303894,2.2402754,-0.37481153,4.8959284,1.6218975,4.983519,2.2683988,0.89690596,-1.8558038,1.2314557,4.212089,5.8132677,fearful
-520.04315,31.62373,-11.594007,2.5805988,-3.0210829,-18.587263,-10.290366,-5.427504,-10.4243145,-7.8268905,-4.3340535,-8.302429,-3.9654875,0.41381073,-3.5709033,0.49536255,-3.3047383,0.6038538,4.1571946,2.671526,1.159113,2.902318,1.9478052,4.6339903,6.5226526,14.442676,7.883322,9.604517,2.1222782,1.8039514,3.0663269,4.106156,1.0012999,1.8025153,1.8144776,3.2755566,1.7769277,3.1927052,4.7263093,4.9208694,fearful
-434.7252,22.32923,-16.367832,0.113444425,-0.54991007,-19.678627,-15.121635,-15.0372305,-11.515545,-7.316684,-9.33152,-3.8137958,-5.549604,-5.017818,-4.3334,-1.1125523,-4.071094,4.851873,0.4894538,6.1170564,2.1596584,7.001615,1.3490793,-1.7154176,0.42183557,4.672086,1.9490699,2.5696285,-0.20102759,-0.24116932,0.22841598,3.4004776,-0.87353444,0.97806066,0.22663744,2.1025286,-0.37952894,3.1938894,4.359708,4.9500084,fearful
-453.80267,23.709328,-15.452321,-2.5374975,-4.8054194,-17.741163,-11.553602,-14.983117,-9.891552,-5.2485766,-7.269604,-1.689813,-3.8070621,-3.3949432,-0.8611107,-2.4991126,-2.6678665,6.7162004,4.7608147,10.052391,6.3144765,5.9066057,0.6035735,0.139875,0.8033411,7.3856564,0.51727456,2.1552002,0.19052668,3.7763958,2.4471467,3.1618872,0.16259167,1.6892447,3.9712636,4.5801187,0.13641125,2.6618977,4.792449,4.0151043,fearful
-686.0836,50.24728,7.8531957,13.398187,4.2547903,-8.367795,-6.451942,-3.5102143,-1.3203635,-3.6914263,-1.4087642,-1.7648064,-1.9086466,-1.435,0.941098,-3.8814898,-5.209474,-0.21818745,-4.1117077,-0.6713688,-7.7649803,-0.21089524,-5.300659,-4.419069,-2.8479853,-0.068533935,-3.0307088,-1.1681079,-2.3817987,-3.7930279,-3.4739666,-0.8336109,-3.0510578,-1.1778338,-2.6491718,-2.9994102,-3.7433453,-1.0155957,-1.9099631,0.24415658,disgust
-656.2848,60.49723,3.556772,14.105927,4.286674,-10.349011,-7.996713,-4.0311756,-0.7009846,-3.6903298,-1.226044,-2.1571646,0.49282363,-4.6734595,1.8675072,-3.187779,-5.277372,-0.13571784,-4.4754605,-1.5197693,-7.8716903,-1.3865374,-3.8268852,-3.1066537,-2.0280197,-1.5129333,-3.7094483,0.021379761,-4.702181,-3.263841,-3.7026408,-0.9347231,-1.9278855,-0.39841795,-1.1688119,-2.7566056,-3.2985227,0.37344936,-0.22638556,1.9373003,disgust
-719.8946,65.27997,15.967641,13.939168,11.110053,1.0393783,-6.039924,-2.477087,2.9267876,0.20515795,0.10598019,1.0961295,2.710024,-0.4843161,3.2191582,1.6987042,-3.7674015,-0.17462073,-0.24223353,0.18221569,-5.3138657,-3.2197404,-2.6758037,-3.789541,-1.4471884,1.3585923,-2.9518363,0.44890815,-2.6967146,-1.6962003,-3.9148748,0.43465295,-2.1102738,1.0205834,-3.3663735,-1.847379,-4.7802835,-1.540643,-0.99372137,1.7215137,disgust
-670.7348,52.50115,11.012454,14.246876,6.3150024,-10.523741,-5.1550593,-2.621672,-3.309078,-6.4102817,-1.1778044,-3.4948723,-1.541638,-1.5973758,-2.922086,-0.4714876,-5.6314,-3.2492182,-1.8890433,-2.1499214,-8.08803,-0.8803272,-6.1133747,-2.485885,-4.2784505,0.1335243,-4.2241936,0.3312122,-3.7832506,-1.5659363,-4.276347,-0.5192793,-0.58694464,-1.4199554,-1.8113527,-2.6882212,-3.0367048,-0.7941375,-1.7309275,-1.0466886,disgust
-535.6063,47.671432,4.280868,17.18747,0.055173393,-15.27357,-1.04879,-0.24277645,-8.968086,-4.2871633,-0.8381215,-3.9166615,-1.793279,-0.75592875,-4.805496,2.3008387,-6.6044097,-0.4758038,-1.7798312,-3.3260744,-6.098712,-0.9363542,-5.4449697,-2.796011,-1.3216547,-0.11030634,-1.130643,3.0088637,-1.2439224,0.04082958,-2.3044326,1.8885658,2.1873882,3.5977776,3.4504757,2.6026945,0.35257342,3.6814811,2.5829673,3.693154,disgust
-576.60394,54.063774,11.296181,20.705832,6.048329,-9.645399,-3.9227548,2.2701643,-4.4210744,-3.281112,3.9691951,-1.8321788,-0.14251807,2.7141554,-1.6802461,2.8921795,-2.7499683,-0.20484096,0.031853646,-1.586459,-4.70164,-0.4022163,-2.6170464,-1.6214889,-1.6474817,1.6243567,-3.2132206,2.0749917,-0.29073375,-1.2349492,-0.49494842,1.1807673,-0.2546752,0.5805667,0.25392616,-0.6994941,-1.6770797,-0.20657164,0.38827515,2.6170444,disgust
-581.76074,59.00954,17.096273,21.253439,6.5160217,-8.890974,-4.89927,0.29523817,-3.911014,-6.7271667,2.1571693,-1.4920238,-2.6535416,2.1079948,-1.8267492,2.4852777,-3.3196578,0.66424197,-2.181211,-1.5367752,-5.116894,-0.23100364,-3.7754326,-3.1988301,-2.9452484,0.6432064,-4.3369985,2.508307,-2.9114442,-0.45809639,-1.2342255,1.2197982,1.1906644,1.6589185,-0.031427138,-0.5161399,-2.7952178,-0.22185768,1.427607,1.1377921,disgust
-584.5026,51.02321,18.779339,15.634164,4.2063565,-11.045533,-4.655751,-0.60769415,-8.109948,-7.612223,-1.0459355,-4.99,-3.2861452,-1.6281104,-5.799077,0.7502639,-7.520086,-1.3398805,-3.4583666,-6.409087,-6.717777,-1.8721632,-6.9259915,-3.7700303,-4.022525,-0.76800394,-4.5145683,1.2183573,-3.819293,-1.2708154,-2.4555357,1.2738372,1.6072991,1.710167,0.22069056,-0.7691183,-1.9979004,-0.44518888,0.48703247,1.2694273,disgust
-636.30176,65.80612,6.5092373,12.24987,6.876527,-8.013875,-4.943942,-9.711287,-1.3166362,-2.7536213,-6.232674,-1.4256808,-2.5779774,-5.634482,-0.3704377,-1.7591895,-6.5020604,1.9710746,-4.9080124,-2.219558,-4.651388,-1.9087231,-3.282361,-4.5853677,-3.2243452,1.3792992,-3.9648006,1.6769159,-2.4715216,-0.51137906,-2.479587,2.4465637,1.1498594,1.9213136,1.0800543,0.67405224,-1.6447883,-0.004203695,0.4540378,2.4942093,surprised
-614.6455,59.40789,9.861067,13.462201,4.9499574,-9.663009,-5.5047693,-5.14089,-1.405718,-4.361668,-4.422939,-1.7794764,-2.6858368,-3.2780902,0.34166297,-3.6039903,-4.9053016,1.6279925,-5.904007,0.13169631,-7.3784094,-0.106400184,-6.019018,-4.217693,-3.7525434,-0.25516304,-4.3705354,0.06948099,-2.4116154,-2.892285,-2.008546,0.5219316,-0.18124668,1.1677694,0.40289453,0.022808399,-3.0741668,0.34505728,-1.0435263,1.571975,surprised
-633.84174,66.64099,13.403842,13.374284,7.1276,-7.1679993,-3.9518256,-6.619847,0.15224564,-3.2242155,-4.4053884,1.2972046,0.10014464,-4.8571177,-0.3814643,-0.6904044,-6.546956,3.0871377,-4.4086585,-1.1991289,-5.347594,-2.3559148,-3.988153,-5.5477824,-2.3090038,0.61275864,-3.4371207,0.75144756,-2.9513376,-1.616654,-3.8226793,0.7152308,-2.5950818,1.1903548,-0.24362613,-1.0682371,-3.5962758,-0.89641637,-1.5272065,1.4788612,surprised
-623.5042,63.976326,10.04571,15.080755,8.768374,-8.761827,-2.3443525,-8.56723,-1.1982454,-3.79293,-5.966588,0.3576321,-0.35676616,-4.868416,0.33482355,-0.91442543,-4.992276,3.6010766,-3.6934757,0.40812278,-5.7382345,-1.541284,-3.2671053,-4.8855433,-2.714493,0.13488434,-2.8973346,-0.07329229,-2.3039238,-1.1554993,-4.0433555,0.51615906,-2.0845187,-0.124480434,-0.5440462,-1.560076,-3.9307463,-1.3247855,-1.8523,0.458713,surprised
-494.78152,50.93467,1.8069034,9.666546,0.1370506,-9.197772,-10.612983,-8.787089,-7.7384434,-3.6977978,-5.311741,-2.724682,-2.335418,-6.243678,-4.5678854,-0.47699165,-4.6631083,0.85121495,-3.8123333,-3.8098288,-2.8106685,2.0366662,-0.07798765,5.534654,2.5653005,5.2242155,3.0586126,6.9035506,2.4015539,3.8832707,4.3269563,4.1471286,4.005249,6.4960704,3.9049032,2.9719405,-0.5928602,1.329538,2.612672,5.3429785,surprised
-587.6065,48.644344,8.312826,13.077208,6.1178937,-10.250266,-6.869985,-6.6280627,-4.479072,-5.078595,-6.28764,-3.0450397,-3.6921024,-4.7381916,-2.9037092,-3.5977137,-5.288273,1.2002041,-6.066281,-0.67559797,-6.2238708,0.54829764,-3.5321555,-3.436637,-2.1365912,0.69221574,-3.0213792,1.5462701,0.102064386,-0.4387097,-0.46847272,2.4918287,-0.4528169,2.0827167,-0.30414736,-1.6053183,-2.6117315,0.5662714,0.6244782,2.506027,surprised
-525.3845,44.213985,1.1774437,8.841893,2.0408652,-10.518717,-11.621033,-11.430615,-5.877292,-5.1195016,-8.303648,-1.752788,-3.7489989,-5.3688655,-1.2782679,-4.782471,-5.782813,1.837166,-5.0509048,1.4534079,-1.9506791,0.15152787,-0.11262451,-0.39494047,0.8450491,5.285754,2.9675953,6.3370614,2.0191007,2.039218,0.6555737,3.223657,-0.24679798,2.5764866,2.7223897,1.5420907,-0.3427684,2.0547082,2.4078166,3.7665246,surprised
-579.27075,47.31958,6.8087316,11.002594,3.030485,-9.848826,-7.4324465,-7.2785563,-3.9382515,-4.008504,-7.676205,-1.0197171,-2.7527044,-6.251991,-2.1586504,-2.5344653,-7.449486,1.3868243,-5.204812,-1.1293206,-8.234057,-1.5951831,-3.4973845,-3.9585593,-1.981713,1.3241526,-3.3150024,0.42939052,-0.046664964,-1.4722004,-0.08663422,2.7112753,1.0291069,3.1411197,1.8657424,1.708563,-0.8725287,2.0578551,1.4560121,2.728221,surprised
-688.74756,63.24865,8.932159,21.843258,7.304754,2.1434186,5.8973794,-9.047281,2.743243,-1.7892537,2.2842968,-3.9707367,0.7397758,2.9956381,-1.5914359,0.4232308,-0.032439124,2.9251363,0.3142937,2.8331852,-1.4761462,2.9811077,-1.3476466,2.7086546,0.5784801,2.3919303,3.0739894,2.8241293,2.7923765,2.1760113,1.2218062,1.8704287,2.6214411,6.029178,5.476873,5.6205206,3.6545823,6.1031947,4.3638277,4.804832,neutral
-681.00244,67.64851,7.725306,21.931631,6.9586296,0.80194217,5.9756575,-7.586681,1.3758191,-1.8393389,1.2272732,-2.2131736,0.0073241214,1.8383453,-2.377125,-1.5163332,-0.7282835,3.4991682,1.1012563,1.817736,0.24677877,0.021296313,-1.000326,2.0720923,-0.7146242,0.7121658,0.83247083,2.0685837,3.5825016,4.0983353,3.1551404,2.416962,2.4131942,4.7298393,4.933399,7.542244,4.975922,6.373235,2.3532398,5.42302,neutral
-683.53705,63.510326,11.81303,20.22077,6.914349,2.2967231,3.1121442,-9.120956,-0.986892,-2.9859967,0.16973418,-3.3464363,0.8352177,-0.22568537,-3.0983424,-0.36323604,-0.94610554,3.8225472,0.16863506,0.54171586,-0.8337153,0.6577312,-1.4185706,3.4568286,-1.4078739,0.65060025,-0.44778222,0.08390469,-0.33954048,2.4560463,3.498691,6.9741497,6.2614913,8.018555,5.4979606,5.0189605,1.6017288,3.8311448,2.8388755,5.770152,neutral
-674.5231,64.75183,9.010928,20.544434,5.876039,3.8808322,3.6793115,-7.319493,-1.1293486,-0.3363312,2.1020336,-2.0881355,1.9995234,0.40413767,-2.696268,-0.27228066,-0.7672485,4.3339753,0.42898136,2.7127962,0.016147083,0.63632035,-0.6897139,3.4164,-0.17275493,0.73072475,-0.90361035,0.25055882,0.14278689,1.8205291,1.0041416,3.6324563,4.234703,6.4995584,5.644157,5.206701,3.5592024,5.713494,3.0916343,6.2502403,neutral
-706.92096,71.82814,13.182999,21.664398,9.262007,3.4476933,5.841771,-7.0406017,-0.33274645,-1.6865027,1.5555145,-5.310212,0.22430527,-1.3183957,0.024766775,-0.8430962,-1.7111343,2.4131036,0.9138942,3.3790822,0.70123506,2.0797246,-0.7927303,3.258352,-2.218648,2.608131,0.33243218,2.6430528,1.8236045,3.710042,-0.48689535,2.251061,1.4209998,6.2174854,7.4503884,9.012082,4.6590686,5.07997,2.9156368,4.5153275,calm
-720.9213,67.62824,14.390372,22.395424,7.5972342,6.725303,3.429019,-5.2171597,-0.7878191,-0.6223551,0.4841487,-6.620171,0.84397304,0.8824931,-1.0321305,-0.26326498,-1.664233,2.8652074,1.2641261,3.6337733,-0.016228482,0.42431444,-1.4997135,2.9986095,-2.3682694,1.7503523,0.08117821,2.0967877,2.2859285,3.8533072,2.025736,5.2163486,5.52508,7.8197527,8.359451,8.730485,4.94764,4.05322,2.676309,4.108053,calm
-708.5634,66.587616,21.86151,21.603155,9.848386,7.626519,5.3627205,-7.0741673,0.47613475,0.0046833293,0.54791033,-4.3964753,2.170655,-0.3119226,-1.9726163,-0.8416421,-0.9719292,3.7418864,1.3187569,2.972528,0.27279174,0.12937108,-0.8907718,2.8793511,-2.1822999,0.7891442,-1.1894909,-0.7938179,-0.10346415,3.286788,2.2706296,5.8564243,4.3697796,5.5844655,4.5370636,6.076432,4.2125196,5.917416,3.9771545,4.6659026,calm
-722.2658,68.87424,14.269193,23.237642,11.449408,5.668572,5.635004,-7.588266,-0.5107348,-1.6178939,1.1399064,-5.526321,1.7526242,0.671485,-1.4754049,0.5863517,-0.5123182,3.5765789,0.8898543,2.9464388,-0.85552245,1.2284226,-1.1359317,4.4473915,-1.7605686,1.2877339,-1.2803612,0.9736056,0.1713029,5.5521755,3.92564,8.567402,7.286384,11.460816,7.395487,7.777118,3.2537065,4.8599424,2.665732,3.2923744,calm
-711.2978,67.526596,12.455446,23.878843,8.070922,4.472209,7.3044677,-3.9895642,-1.4063427,-1.4670546,1.6986402,-6.839279,0.87853646,-0.5991298,-0.10175581,-2.19594,-0.8649896,4.0182195,2.7005568,2.311555,-0.5541847,2.011044,-0.18785426,2.62853,-2.0418227,2.2700338,-1.5597988,2.585268,1.5478386,4.4122763,0.40390325,2.4984243,2.253267,5.8454375,5.6742425,8.352705,6.176054,5.0138044,2.0815895,4.5072074,calm
-714.776,67.14337,13.9283285,20.664627,7.367694,5.5779757,7.963109,-4.8271394,0.00129785,-1.5889239,0.011002156,-7.440936,-0.7872525,-2.3080184,0.1497665,-3.6685874,-2.5154285,3.1255283,1.4796475,2.3147693,-1.8674648,1.9581708,-0.26882172,0.43409,-3.152543,1.6221272,-1.6209887,0.68201584,0.053917546,3.661727,0.030565534,3.6377485,4.9031954,8.873034,8.458176,9.832789,6.5321956,5.9874945,3.6461554,3.6609952,calm
-714.2014,64.01109,17.862206,20.1854,8.561494,8.227396,6.643293,-4.1777973,-2.027484,-1.2583518,-0.14881158,-6.1977654,-0.82269347,-1.082851,-3.047419,-2.9209225,-0.8374675,2.3234327,1.7178955,2.0772102,-1.0777819,0.26451394,-0.6459626,2.0814176,-2.904569,1.1850393,-0.948798,2.3719103,0.91393256,5.641718,2.0541148,5.7629495,5.023921,9.687722,6.799616,8.020754,4.9370894,4.739249,2.6232517,3.506132,calm
-713.5719,65.5684,14.442066,21.61549,7.007823,6.2128305,3.9634786,-6.2608414,1.380401,-1.9201621,-0.45357382,-7.94287,-0.9518466,-0.8378236,-1.11342,-2.550847,-2.1360164,2.497536,2.7123806,2.9812338,-0.32166967,0.33917674,-1.8781768,2.2149382,-3.0940182,-0.0471705,-1.797563,-0.018067801,-0.22535063,3.924609,1.3735076,5.2470245,6.6224604,9.82822,7.93724,10.07674,7.20776,6.013584,4.3359175,3.6501431,calm
-647.2015,62.15176,-6.9382257,18.696146,7.2755013,0.7033087,1.501264,-7.248975,2.031841,-2.1586394,0.32893473,-3.0824447,-0.54507595,0.76022875,-1.7850627,-1.9732925,-2.5056522,1.9718668,-0.04012204,2.8645835,-0.3835115,2.4328876,0.9148147,4.2880177,1.9276018,3.6005785,1.2358927,2.8596735,1.845531,3.3727324,2.04449,4.376363,3.8113594,5.73187,3.223482,2.9359353,2.6583893,4.968207,3.9572747,5.0377192,happy
-639.61835,55.00042,-7.7077856,21.59233,6.0045295,-2.4040432,1.70036,-5.8812757,0.6941273,-0.6263413,0.05440424,-3.2494833,-0.27127147,0.77471614,-0.22276111,-2.513921,-2.1218524,2.2009249,-1.1014421,1.8701811,-0.101394705,1.0162636,0.08070855,3.6341946,-0.6470414,1.3474381,-0.81289756,2.4620776,0.82562214,2.578021,0.20944716,3.0894246,3.103394,4.938449,3.3127053,2.9524264,0.965684,3.3429139,5.2889338,7.460817,happy
-657.29095,58.617462,0.9372658,18.939009,9.581891,-1.2384713,1.5025834,-7.45251,0.8871649,-1.8683711,-1.3919568,-2.4920306,-2.0525725,1.966473,-1.1256421,-3.255546,-3.0455606,2.1723917,-3.0804207,2.2749982,-0.4193692,0.38398495,-0.4670968,2.3223882,-2.4179769,0.33285502,-0.6470268,4.0395594,3.5095208,7.5318165,3.8255281,5.2605085,2.5493617,4.4014187,4.9584107,5.6327667,4.0462966,2.8692122,1.5485492,4.5355606,happy
-628.22565,51.617058,-7.3570433,14.238406,8.79481,-3.952214,-2.7286258,-9.708152,-0.565301,-2.9481306,-1.8146633,-1.7840908,-1.6240793,1.7545522,-0.96702003,-2.361836,-1.759646,2.3332615,-0.8859531,3.0333536,0.0981005,0.21545728,-1.3131701,1.712421,-1.359323,0.5915908,0.710312,5.2083144,3.6861794,5.3680487,0.13380043,3.563104,3.6092975,6.825472,5.077044,3.9132771,1.9147474,3.4474306,4.3912697,5.4138255,happy
-538.9624,49.61706,-21.386724,8.59884,2.718637,-9.611735,-0.21214458,-11.348081,-1.3408445,-2.9270647,-6.714441,-4.459789,-1.9994797,1.7483078,-1.596496,-2.5286539,-1.9172056,2.4453866,0.068449005,5.2854986,4.4722743,5.0022025,6.989797,11.380557,4.242923,4.4732366,2.1884797,5.196832,5.6046553,6.018473,1.8807633,2.7121975,4.015439,8.484721,6.5031676,4.859194,2.3184144,3.0190644,3.534447,5.157173,happy
-549.22577,46.97468,-20.78857,15.634529,2.782102,-6.6534357,2.9284086,-5.4709077,-0.13389488,-2.1791604,-4.6479363,-2.5290017,-1.9027342,2.4772284,-0.9320345,-2.4396029,-0.8905436,0.96419674,-0.09419639,3.5404334,2.4996707,2.5712373,3.137121,7.9958324,4.142692,4.861459,3.2362852,6.102448,2.6117237,5.457626,3.1109333,5.9936104,5.2845864,6.5699515,4.4307213,3.968023,3.3230038,5.03266,4.915066,6.384499,happy
-520.5138,42.83813,-21.192091,10.795836,3.5025365,-10.808698,-3.0215654,-12.516262,-3.5439298,-4.850187,-9.035115,-3.6025758,-4.5786543,-0.5570362,-2.7443476,-4.9824867,-2.697485,1.440589,-1.7566328,2.1362863,1.2131695,1.301142,2.8802423,10.385358,10.234875,12.424875,10.192171,8.39027,4.081767,6.2235613,4.6208715,7.0545597,4.8345723,5.575909,3.4111269,3.7680128,3.237681,2.7953763,1.3913316,3.3544426,happy
-542.6259,49.68073,-22.96277,9.118456,1.5387183,-11.664794,-3.759559,-13.144971,-4.376732,-2.8395302,-9.663784,-5.5426106,-5.65984,0.2163357,-1.8692262,-3.1945121,-1.3488641,0.6914929,-1.3515977,3.9963672,2.9350095,1.9557581,4.3813586,9.800094,7.453656,8.380113,5.08329,5.3167763,2.964493,5.5164847,2.150156,5.961359,4.057358,5.733178,3.7430327,2.1918068,1.6181744,2.2079756,0.89500165,2.9398673,happy
-724.1231,61.615753,16.32777,18.997255,14.188376,6.534617,3.955596,-4.2592044,-0.13890085,-1.0910395,0.8750983,-7.1221695,2.665907,0.18788873,1.6423514,-0.6165157,-1.2451606,3.8750563,1.8887111,4.2926397,1.7864265,1.1101044,-0.062385138,4.1585255,1.5498405,2.9951413,0.04641686,4.1603975,2.5560403,7.112145,4.848595,8.407576,8.920482,8.715204,6.859273,4.7563677,1.9249787,2.4381444,1.6901295,3.602083,sad
-732.97144,70.690636,12.370751,23.337008,8.536958,4.2145505,5.381937,-4.337357,1.6690928,-2.7231848,0.8138347,-2.6697466,1.8576572,0.47310963,1.0252724,-0.37297407,-0.027304826,2.5312934,1.3112773,3.9852927,-1.1968485,2.7694645,-1.7271252,2.39743,-1.661048,-0.13639818,-0.47480038,1.7076595,1.1853182,3.6256177,-1.3637743,2.7242544,2.5939257,7.1644125,8.823671,11.003519,6.8971252,4.4673443,2.755777,2.7587938,sad
-728.816,60.276264,16.257631,18.891878,11.993579,6.8478956,4.2477217,-8.179352,-1.8014891,1.1305112,0.41244653,-2.233188,-0.148976,1.7180983,0.84544325,-0.483249,0.6780271,3.6438959,0.3119938,3.6163077,0.05988795,2.6304562,-1.8229523,5.5382113,-0.38588044,1.9710879,-0.4947492,1.8907998,2.4094214,6.7602158,4.8593574,9.343113,7.6453404,8.747513,3.7273955,3.924141,1.1383762,1.7998202,1.4293838,3.6585722,sad
-726.46796,71.1644,14.980065,19.136404,12.125373,7.0475607,0.29581463,-8.83623,-2.5661685,1.8502319,3.1254365,-7.390642,1.9144361,1.8811072,1.4348978,0.3794712,0.34573206,6.8376293,5.63823,5.1945443,1.2419218,3.56464,-2.8487878,5.4407716,0.2751417,1.7027183,-1.8514535,0.68259615,0.6439198,4.6050363,0.80893856,7.177739,7.573967,11.459023,9.042914,7.78094,2.4349704,2.62783,0.33209082,3.9283552,sad
-634.7532,61.119343,-8.01882,16.063856,10.380355,-4.260996,-4.964819,-17.89735,-1.9438615,3.0691907,-7.4302096,-4.757814,-0.31620622,0.4027212,-0.4742001,-1.870798,-1.3987747,6.9234447,6.7691345,8.638485,7.0347705,5.139297,1.4843726,7.1937017,3.7539678,8.288754,5.9156833,8.267739,6.8727775,3.593872,2.7209034,3.836443,3.7524762,4.2653494,2.3764284,2.8784578,0.5013108,0.053639635,0.20938152,2.2648478,sad
-631.4387,57.50897,-4.2908716,16.429258,8.86519,-2.9710853,-2.0718474,-16.997396,-5.970225,2.6494167,-4.5699368,-3.3310475,0.7925087,1.2086354,0.78294766,-0.5700502,-2.3958192,6.10083,4.11327,6.7610726,5.711165,6.3568616,4.920051,10.688562,6.952776,7.7188263,3.4574363,7.25193,5.362576,4.5144253,2.6987731,1.9440218,0.6512872,2.781463,1.3983467,2.1365745,0.3343216,0.96846753,-1.4080354,-0.6119967,sad
-664.99304,59.323875,-1.1742516,15.879746,9.956026,-0.61311483,1.1434777,-11.942703,-3.5732472,5.290234,-7.269204,-1.5600096,-0.020122504,2.1080701,-0.3139089,-1.2817423,-1.3636373,4.186954,1.0080936,4.2752366,6.1564274,6.7167945,4.1040616,8.950902,6.096502,9.663996,7.076042,7.727248,5.624786,3.939308,1.9277108,3.6306698,1.8081911,3.0884268,-0.24198851,1.7704241,1.4634446,1.4048618,-1.3953041,-0.99366885,sad
-634.45404,67.647675,-2.2503827,16.50537,9.835844,0.6854548,-3.0895748,-21.957302,-6.570021,7.7663026,-7.6364913,-4.9931006,0.35191512,3.8578568,2.1853476,-0.5474184,-3.9445374,6.971736,3.273151,6.3262396,6.4691634,6.7588806,5.7130938,10.89108,6.649095,9.401267,3.8538864,6.462297,3.9641526,2.582889,2.0210438,3.0260153,2.7431693,4.014397,2.2481084,2.0149064,1.9917107,1.1753006,-2.106284,1.285924,sad
-564.77216,52.483612,-5.83536,11.021634,-0.6602351,-2.3122363,5.958791,-7.853401,-1.6240349,-2.58104,-2.24307,-3.875007,-1.9347721,2.5525706,-0.5231997,-0.6917925,1.399267,-0.08634901,0.7382655,3.413131,-0.7300302,2.9520583,1.9522651,5.341651,3.244125,4.327838,3.2175262,5.706872,5.1594787,8.4919815,5.9745035,7.8404503,5.5222793,5.6440725,2.8171554,2.5329368,1.306637,3.9219337,2.5683842,2.8425887,angry
-539.91254,46.299046,-0.2552052,12.372509,-6.6713943,-3.348407,7.26141,-4.7181067,-3.349743,-4.319611,-0.94784975,-2.2409618,-0.9229977,1.1572497,-2.22672,-0.013062012,0.40413535,0.16925555,-0.02646011,1.8886508,0.009156056,2.6497629,1.654264,2.496033,0.55549926,2.1833072,3.5856738,6.4496055,4.8337917,5.432082,1.1499076,2.4726994,4.42714,8.835832,7.2499247,6.1509743,2.508623,3.52622,1.9321084,3.8874097,angry
-600.3098,46.620052,8.670778,11.184936,-0.25506544,-0.07118993,7.7700777,-6.232246,-3.7074115,-3.2773309,-1.4970163,-1.7484103,-0.7225971,0.7457814,-0.8132561,1.0576174,0.9047835,0.3544885,0.0368157,3.309478,-0.44435266,0.8423665,-1.4686266,0.2872095,-0.8688156,-0.29782358,0.29737055,3.3987439,3.8965893,5.6913586,2.2544377,2.386436,0.7982988,4.705633,5.7118664,7.071542,4.8663487,4.946281,1.6591537,2.9028156,angry
-587.09485,45.588444,8.846893,11.511247,-0.85139436,-2.678215,6.7477274,-6.3693213,-5.092101,-3.7030854,-3.2149098,-3.534085,-2.28528,0.68710095,-3.338058,0.5056902,-0.23005691,-0.7044735,-0.10729963,2.0839205,-2.296622,0.058240075,-1.2426091,1.2550426,1.056003,3.0509822,1.9599026,3.8694077,3.7827811,4.9715157,2.9001553,6.0687313,4.543039,7.358402,4.111386,5.2099943,3.0514529,3.081362,1.8908384,3.451413,angry
-471.00104,46.070408,-14.330334,3.5532632,-12.781026,-7.5924826,7.5636578,-9.318292,-6.3205376,-2.7234612,-1.6259351,-1.6526997,-2.6557078,-1.6192254,-1.8298666,-0.44451585,-1.3042476,0.44992504,1.5811361,6.616782,7.129193,8.904535,5.0499864,6.813424,4.319398,6.6469307,4.47084,6.363104,4.655687,5.976471,2.678187,3.735216,3.683275,5.7294207,3.092859,4.6916037,1.6723146,3.4866128,1.8369398,2.6846669,angry
-378.92734,28.565544,-19.60376,5.293265,-11.753315,-9.839314,5.232433,-6.434094,-5.067862,-3.4087477,-3.957411,-3.4845786,-5.258451,-2.9751408,-4.330958,-0.11118405,3.2575243,3.109085,3.8821332,8.186571,5.973429,8.29054,6.955157,6.1179585,2.2550297,2.7490604,1.0165795,5.343375,1.8794972,2.0887554,1.1740248,2.94953,2.1880827,3.0832846,1.6677939,3.2821538,1.9672215,1.2604069,-0.47009805,2.7409801,angry
-491.68784,30.020063,-4.5919585,2.378462,-8.495287,-6.713246,5.89489,-11.74456,-4.040739,-5.0566244,-2.9487903,-2.4691966,-2.8058112,-0.10716692,-4.5273333,-3.3925488,-2.4004924,-0.8428075,-1.3779502,4.8401184,1.9414569,6.666228,6.085821,7.533495,4.2876797,5.787647,6.8333426,9.216032,7.75437,5.167879,-0.6761926,1.2650485,1.7548404,4.62972,2.5060987,2.5263886,-0.19673541,0.41489035,1.3439621,3.3492088,angry
-474.42636,34.59176,-7.4438243,6.143703,-8.397313,-8.857314,6.8482065,-11.99603,-5.2887726,-5.9530125,-4.036294,-3.0560203,-2.6933255,-1.909648,-3.0490296,-2.0235116,0.21366678,0.87716734,2.1381614,7.249154,4.341904,6.655026,5.0364876,7.0818367,3.36105,3.9615626,3.1334715,4.2230916,3.6640244,3.210527,0.4861768,2.4955359,1.8739204,4.4567847,3.4143949,2.1530693,0.8986211,2.708313,2.122072,2.9615731,angry
-532.724,45.157578,-22.207266,6.548306,1.3575125,-8.294934,-1.9152792,-17.845953,-3.9103386,-4.162808,-7.9907823,-7.333286,-3.0371654,0.28557396,0.10922534,0.46319026,-4.585904,3.8055284,6.2703404,9.4358835,5.8114123,6.5728555,5.6426744,9.903939,5.503664,5.273653,0.75450474,3.3958347,3.9194577,4.345344,1.4888581,3.1713364,1.9545876,5.368302,3.638053,5.1374335,2.415998,2.3157973,0.46126473,2.893458,fearful
-548.3757,58.353615,-14.332643,11.300484,4.599408,-1.3779124,5.3409963,-12.42835,-2.394716,1.9606217,-3.214015,-5.848265,1.1516377,3.4267144,1.5305558,2.0497792,-2.3044555,5.2296906,7.223731,11.139019,7.852014,5.0858054,2.7370234,6.17254,3.5734959,6.61684,7.014023,9.360117,5.750125,3.8201997,1.2409861,4.9623394,4.6025777,5.8443713,3.2983875,4.563039,2.7807577,3.128591,2.1096814,2.7709408,fearful
-529.3427,54.106487,-17.317263,0.11464433,3.1434221,-5.492413,-4.3548417,-21.533915,-3.6902723,1.026511,-7.792311,-6.5045767,-3.1346526,1.7921985,1.0216517,0.30611622,-4.2319465,4.6567683,5.320189,7.242778,4.4163494,4.8604503,4.222917,9.122545,6.1455364,6.94866,6.6297755,6.609413,3.9854264,4.7352366,1.4207823,4.173026,2.9952912,4.104296,3.240254,3.9950793,2.2458508,2.7911303,0.84360623,1.51162,fearful
-573.11676,45.579876,-7.847674,5.7146683,4.96458,-4.498845,3.5303614,-15.04197,-3.7200441,-0.029788611,-8.739075,-2.8710344,-3.3553512,1.9659553,-1.9620851,-2.5082877,-5.212971,1.303849,2.4192407,5.021512,4.0904245,3.654196,5.3889074,7.165487,7.44902,8.364356,7.644798,8.801118,3.6923194,4.1703653,0.143452,4.4262843,2.2993069,3.1404543,1.291646,2.9301188,1.0116341,1.1970556,-0.31591937,-0.17682058,fearful
-436.11075,21.274633,-19.265514,7.2966847,-4.8807983,-7.4644704,0.24345678,-10.680866,-3.7917843,-0.51699793,-3.096009,-1.9080236,-2.0956616,0.16957186,-1.8413788,1.44369,4.3129168,13.422942,13.96603,16.175001,9.945944,4.410513,0.4855888,3.4205368,0.2741939,0.44204056,-1.512005,0.24991266,-0.7753647,1.9821827,-1.3195304,2.0776515,1.9349947,5.3119817,4.2474537,3.552552,3.688925,3.4669566,2.6128836,2.7766614,fearful
-453.49353,22.48714,-22.800457,6.9664907,-5.8459387,-10.839302,0.99209845,-14.236735,-2.1949441,1.8442585,-4.294573,-2.9436204,-2.2168522,1.2714468,0.6747437,5.56179,8.936695,17.033653,16.050114,13.539015,6.8354216,3.3771467,-1.7077051,4.1661787,0.35028383,-0.7903227,-2.1764386,0.042654105,0.99769247,3.44738,0.6975165,5.9864445,3.1325285,4.878306,3.331033,5.078188,4.4823856,2.8647008,1.8711733,3.2415285,fearful
-465.8665,24.876696,-16.959995,-2.0052402,-7.1564035,-7.661453,-0.8298382,-13.563598,-8.598361,-1.9535632,-4.9375916,-1.8185548,-0.45146126,6.6764627,3.307526,6.196758,7.8593545,15.168345,13.796354,12.98427,7.010479,1.4980904,-2.0920732,1.8223288,1.1373963,1.8915106,0.7714968,1.3470172,1.2532009,2.0486512,-0.49089497,2.1920483,2.8249016,4.71948,3.7802966,4.753843,4.2091565,3.907302,3.7252545,3.4175642,fearful
-449.78687,22.528927,-16.186636,2.8675308,-4.9624243,-8.193515,3.6673257,-14.851761,-4.6546555,1.0787371,-4.2966037,-0.85818213,-2.1588254,4.296165,0.08965014,2.8437638,5.2013254,13.992326,17.52702,21.608227,14.691418,7.705427,1.9625987,3.76034,2.254254,3.3155205,-0.3575347,1.6614405,0.6866491,4.3121023,-1.0649856,0.46476,0.8582524,4.591868,4.502281,3.9831672,3.9858809,5.710449,3.8425007,2.4309256,fearful
-678.87915,63.435246,12.022701,16.185839,6.917182,4.902784,4.0748105,-5.5981097,-0.92522967,2.6199727,1.2893739,-2.5287821,0.4918527,1.625347,-0.75300723,-0.24138132,-1.5883434,1.5166422,0.6568595,0.9482422,-0.12263976,1.6808674,-1.4450874,2.8061767,-1.7112689,1.1236243,0.16689378,3.2552855,4.519055,4.32546,2.711429,4.036516,3.0333107,4.719416,4.253339,5.1892266,2.7934198,2.1653574,0.26555625,3.7076466,disgust
-686.74255,75.62344,8.773573,16.017714,3.8868647,4.073656,-0.62361366,-7.8812284,-3.1705368,1.5828338,-1.94068,-2.236241,-1.0605375,1.8094271,-0.50614077,-0.52139956,-2.272688,1.6772753,0.49980146,1.7920142,1.997517,2.4640212,-1.9357839,2.1824749,-1.2787844,1.0008278,-0.448601,1.5859535,-0.033014935,3.8512301,1.3141719,4.851839,4.6565156,6.034546,3.2253582,2.7090816,2.1028497,3.5329666,3.708863,5.5203743,disgust
-670.4571,61.211525,17.016481,13.151336,7.30024,2.7492733,-1.6517873,-9.591499,-3.2634013,2.8366354,-4.0601,-0.44769907,-2.5667326,0.9005467,-2.1171455,-0.25929818,-2.1963205,0.5564349,-2.2108698,2.605522,1.2816844,0.83776665,-1.017125,0.5083984,-1.2142514,0.91634107,-1.4063784,1.4624257,0.551167,3.6985438,1.5740701,5.124192,5.8262897,9.057785,7.8328223,6.604564,4.7259674,4.6739407,2.5339713,5.0512924,disgust
-688.6667,55.18444,16.20608,13.996451,9.766482,1.7994405,2.8688524,-6.567539,-3.09769,2.4578815,-0.4843409,2.2785366,-1.4785757,3.901618,-0.62031907,0.08035495,-0.39593562,1.2121158,-1.495052,0.5238602,0.11404079,0.17012648,-2.3079402,1.1100311,-0.8284893,0.8600449,0.34740362,-0.33128092,1.1467935,2.2117832,1.849156,5.539971,5.2268,7.999047,6.3790417,7.6184134,4.654047,5.0701647,2.4067411,4.041994,disgust
-605.901,51.23104,4.720355,12.248282,2.8497121,-0.35282516,-2.1470969,-14.420917,-2.5357308,1.6793132,-0.76194364,3.042431,1.1434364,1.9396862,-1.8753222,-2.9118612,-0.44309327,2.5315478,-0.8417402,1.0266836,-0.100307055,1.8822395,-0.74598485,0.44582966,0.59111786,1.5784606,1.417364,4.029771,1.6581161,4.5873337,3.2345235,5.377733,5.1428585,7.5601335,4.314122,5.3267336,2.009944,4.8462725,2.3709042,4.7124314,disgust
-646.56995,73.4607,4.7921786,15.5126295,4.2009306,-5.2653313,-6.2124333,-6.4566703,-1.3430333,-2.1746762,-2.4798183,1.0448549,-2.9184484,-0.61281383,-1.5460211,-4.7431493,-1.6899141,-0.5171438,-1.2591215,0.38464725,-3.2339873,2.3896275,-1.3106927,0.8074849,-1.2220898,1.894021,2.5058203,3.285946,2.446132,5.430518,2.7925115,5.693676,3.513069,5.493966,4.2889495,5.2811794,4.110037,5.1605005,3.865708,5.0589437,disgust
-656.734,54.82424,13.394763,14.272485,6.532801,-1.7580152,-2.6833086,-8.367075,-2.6932936,-3.394695,-5.485165,3.768748,-3.7640798,0.7701191,-1.6606005,-3.1830966,-1.957061,1.822953,-1.1894605,0.8652924,-1.0122359,0.37564266,-0.78340447,-0.6407314,-0.6259947,-1.4816477,-0.9201408,1.2208076,-0.9976053,2.3439667,1.9029869,7.5410466,6.8126874,9.110065,5.644632,5.2285337,1.6640837,5.150064,3.453307,6.839791,disgust
-628.3875,47.702232,11.173061,12.239256,4.3383546,-4.2949176,-4.6790648,-6.93133,-1.5081735,-0.56475127,-4.150142,4.714321,-3.8040574,-0.9576178,-2.2942908,-1.5423954,-0.73649234,1.3173718,-0.7434488,1.0101477,-2.287697,-1.0395545,-0.68085825,0.42637584,0.50989336,0.15732232,-0.18677543,2.5367765,3.132464,5.291036,5.154106,6.921893,5.9957123,8.132696,5.776813,5.6307826,2.3608458,4.457314,2.688696,4.653296,disgust
-614.439,49.78985,1.6896665,10.976288,5.492177,3.1345332,1.5656757,-12.791473,0.92735654,2.046452,-1.0531113,-4.54634,1.5782506,2.1112158,-0.25525275,0.069051936,0.4847746,1.264266,1.6293933,4.563157,1.3544276,3.7031662,0.22179432,5.8242874,2.883103,3.5203736,1.9592378,4.687194,4.104011,4.8085775,1.6602123,3.7249885,3.8428597,5.830344,3.72398,4.060703,1.3910345,2.3049932,1.6949028,3.4163845,surprised
-612.85724,50.717537,-0.4094764,9.130423,1.3443319,0.9647575,2.2163398,-12.782492,0.14626536,-1.8606315,-2.787849,-6.2075953,-0.6543387,2.3034499,-0.033036813,-2.5357034,0.2954771,0.795955,-0.23010403,3.205216,1.9012895,3.960016,0.7425308,3.812045,1.8881139,2.8546715,2.1861274,3.8265326,2.2153912,4.03633,1.0114769,4.7338214,4.20075,6.0012245,2.7500818,3.3656437,0.8524795,1.9354583,1.3194795,4.332778,surprised
-587.2151,44.827526,2.074005,7.1293173,4.0326324,0.64889294,0.967538,-12.488896,-0.3520784,-0.9613566,-3.373509,-4.9400454,-3.1461668,2.937348,0.39497414,-2.3480513,1.3295617,2.5336046,2.855619,5.661219,2.3332472,3.9264934,1.691975,5.805014,2.1445613,3.3488324,3.7033687,5.3779364,4.235725,4.5977635,2.5130994,5.9418054,4.580585,6.7197766,2.0064564,2.809999,1.1905223,3.2950664,2.112536,3.2181988,surprised
-625.64185,51.851006,8.459842,11.891867,3.4923735,-0.49105227,3.909808,-10.505783,-1.9543715,-1.7941715,-2.0190668,-5.9957337,-2.7320368,1.2397385,-0.41610768,-1.6375058,0.026023267,-0.53926057,-0.6165176,2.3010733,0.9520519,2.59513,0.025075477,3.9644787,1.369082,1.8991024,2.1725955,4.8282585,4.0849624,7.0169964,2.8491905,5.1150565,3.3377376,6.47121,5.2855663,5.1257086,1.7679716,1.3155688,0.37873018,3.4382935,surprised
-553.0784,47.79044,-8.243609,7.8722076,-0.24946888,-0.66156054,-0.024637476,-15.0958,-2.6353338,1.3237267,-4.0866146,-6.0971856,-0.59512097,2.065268,0.05784359,1.449496,1.7133867,4.229579,3.953328,6.4599566,1.6390136,5.3213215,2.4451542,5.4804215,2.566077,5.2307973,3.248774,3.8082173,1.9228766,3.1891053,0.84024745,3.5277417,2.7468185,3.358227,2.741658,3.9656122,2.4996128,4.2111015,3.047992,3.7877822,surprised
-552.36725,49.291687,-4.5664253,6.2597766,-1.4917271,-1.6722691,1.8266445,-15.208136,-2.1378632,-0.36700058,-3.8519387,-5.7178316,-1.8953491,2.940453,-1.5198504,-1.3998957,1.8302103,3.2501373,3.0320606,7.2740645,3.3292034,5.10892,2.018051,5.9672647,3.0501506,5.3634048,3.9607346,4.0695505,3.0597272,5.0096807,0.9045367,3.1277692,4.0427623,5.0493402,4.3470173,4.018828,1.7601649,3.4461625,1.71219,1.774132,surprised
-574.4497,44.27155,-2.4598038,1.9899764,-3.5078218,-2.124886,4.1538033,-12.103495,-3.743255,-2.8954723,-0.5186643,-4.924257,-2.781954,0.9898853,-2.179297,-2.112016,3.2653425,5.068747,4.0174417,7.1073685,3.3103538,4.200795,1.9375845,4.572526,2.2354796,3.1496332,1.3382114,5.1808395,3.2901862,5.8496137,1.6731061,3.974519,3.9097235,4.057578,2.247599,3.677432,2.2744446,2.3573923,1.3438693,2.9566846,surprised
-565.2974,41.74179,1.2321113,3.988075,-0.35428295,-0.2092943,1.5510647,-15.275852,-4.7219977,-3.6312494,-3.069667,-7.322046,-3.9997482,2.217979,0.43286845,-1.4646122,2.1535554,3.4506445,2.829422,4.87791,2.579402,5.2017126,0.99136615,3.1148522,1.4665937,2.6041906,2.294137,5.8945775,5.6100597,7.0188437,2.86709,3.774065,1.8282168,4.9124904,3.3626313,4.36533,1.4567305,1.4394231,0.117813386,2.3900049,surprised
-736.1229,92.02211,21.974056,31.902094,22.148634,9.448863,5.3015537,5.607601,6.9287586,6.6251783,-0.13331723,8.49071,6.1544657,3.345151,5.056842,3.1882288,4.832153,5.276023,-0.9336447,7.900013,2.116345,2.4019177,-2.2482593,3.086686,-0.030914415,3.5087738,0.832067,1.293962,1.1735731,1.8222682,0.3789856,3.0485582,0.00903883,1.0705875,0.921659,1.9329935,-1.2760543,-0.031281598,-2.730115,0.54793125,neutral
-774.4514,77.8684,14.38087,21.008358,13.392018,4.733255,1.3457328,-1.6802936,5.3074985,2.4862678,-5.6910257,6.451561,2.3873456,-0.9780073,3.0454595,-1.1593939,0.706847,2.1520488,-6.034788,3.8060887,-0.74107265,-1.1522448,-3.1032321,-0.6131151,-2.8035934,-0.88941133,-1.1641335,-1.745261,-2.4059474,-0.73393494,-3.369193,-0.42519966,-2.2908106,-0.8084324,-2.3950424,-0.16726875,-3.0221953,-0.534367,-4.5294557,-1.704381,neutral
-763.7809,66.20733,16.178614,20.421858,13.010476,6.712302,0.08784369,-4.429326,-0.3224289,1.7138629,-5.4619274,2.2052727,0.13145882,-0.5844905,0.6594952,1.2036471,-0.087633476,1.4834529,-3.1773825,3.2141852,-1.2659746,-1.5933759,-4.076727,-0.100694865,-2.9929895,-1.5052106,-2.4414587,-1.386453,-2.2349977,-0.56220806,-3.4735258,-0.4658323,-3.327497,-0.7500231,-1.7032596,0.23275825,-2.2069004,-0.8530961,-3.880238,-0.9089486,neutral
-760.3386,71.225006,13.172239,21.12285,11.821007,4.0136743,1.3334682,-3.637818,0.11413073,1.8248465,-4.9535823,3.3389966,0.38134077,1.2517866,1.4366426,0.58383733,1.3598897,0.1723415,-3.4662871,4.00001,-1.364834,-1.5152535,-4.7581153,0.13380533,-2.0833285,-0.5435723,-2.33882,-1.2936589,-1.4221812,-0.6014581,-2.908755,0.04801588,-1.9852345,-1.0713189,-2.030037,0.19244221,-2.453795,-1.0630703,-2.7919846,-0.565996,neutral
-760.9573,70.84682,14.50941,19.895674,16.550034,6.3764596,-3.302317,-2.084095,3.549229,2.0649688,-3.8670187,4.173435,-0.58105016,-0.57913804,-0.018136343,-0.5511409,1.0299706,0.38112628,-5.699576,4.115936,-0.9554904,-1.7679976,-4.5952463,1.3709136,-3.6462276,0.21239866,-1.7054178,-0.6344079,-1.3651122,-0.36673006,-2.918228,0.0014291605,-1.8055191,-0.038198072,-0.8625404,-0.035329923,-2.6907113,-0.866313,-3.5824916,-0.5738129,calm
-712.0099,64.448746,1.3877729,29.2869,15.122463,0.7200192,-7.4595633,-4.7686954,5.138052,4.04351,-7.1305933,5.2754307,-0.08575037,-1.9617797,1.3026681,-1.5727406,2.104654,0.81536305,-5.6905856,7.618299,-3.725831,-2.3676517,-4.14069,0.88651043,-3.4299705,2.4110117,-2.8678904,-1.0471513,-0.41680378,-0.1872014,-2.3845396,-0.38580623,-2.9047558,0.88887393,-0.8983499,0.47841942,-2.2286718,-0.6487719,-4.5990653,-0.22017029,calm
-675.9515,65.246086,8.900713,21.83042,8.193551,-2.1621358,-3.351277,-2.533796,-0.09903971,2.4159482,-5.1049128,6.0223637,-1.7098132,0.16826159,-2.1124914,-1.9103751,1.5191381,-3.75095,-2.7276893,5.846549,-3.79468,-3.2819703,-2.5282905,-0.06731852,-4.1552134,1.5986532,-3.2574546,-0.4301732,-0.8679065,0.2050367,-2.449378,-0.72659725,-3.0679207,0.9063292,-1.8189355,0.13662337,-3.7094035,-2.229502,-4.759664,-0.7125175,calm
-747.0397,70.07148,17.61269,23.138098,15.820027,10.269398,-0.18146475,-2.9023495,1.5764816,6.6675076,-3.0956657,5.386707,1.2208662,0.7531701,1.8901993,0.7683259,1.7465416,3.6171963,-5.6044483,4.614753,0.034247812,-0.7115652,-5.277348,2.3445399,-1.6269667,1.1481082,-0.70253754,0.07359368,-0.1435693,1.3499131,-1.8785424,0.6555639,-2.6258502,0.34393302,-1.3777579,0.35547405,-1.9386064,-0.4609647,-4.6194773,-0.1084453,calm
-801.6312,63.451565,21.316477,22.81147,15.832622,10.119566,-1.611753,-3.0529974,7.5037875,5.764486,-0.68091244,8.796834,1.6959834,0.9091103,2.0746713,2.0794885,-0.065159716,2.9920797,-3.3144438,5.289869,-1.789992,-0.61034703,-2.0660925,1.6669389,-0.96179456,2.3791156,-1.0403355,-0.057261124,1.1063437,1.1450058,-1.3325056,0.12290936,-3.96413,-0.63682187,-1.1238956,0.5229051,-1.7962477,-1.1182151,-4.333157,-0.22213383,calm
-776.4269,79.11584,25.65453,33.561005,21.067644,13.567872,-1.3866155,-1.5140516,5.87368,2.830634,-2.207593,9.07149,-0.787889,0.7241904,3.2223446,0.3513468,-0.48849806,2.5202124,-2.7721574,6.2248755,-0.9504531,-1.2662876,-1.2518667,3.6255407,-2.5474231,1.0321705,-3.0758066,-2.4317136,-2.0086923,-1.3311329,-4.731587,-0.30578583,-4.301204,0.09699761,-3.5126376,-0.9102519,-4.86983,-3.0195413,-5.599515,-1.1918375,calm
-701.3726,82.08718,15.824508,30.367754,17.616703,5.122884,-2.780741,-4.3114223,2.8930054,5.2873187,-3.2375314,6.9594955,-1.6369028,-0.6608426,1.1876835,-1.1157683,-0.25618586,-0.54889286,-3.7468808,4.9454727,-2.8594213,-3.3548815,-2.9772863,1.9100878,-2.9636345,1.4545164,-2.6179943,0.3980524,-0.93774235,0.3100882,-4.053542,-0.83740985,-3.3217175,-0.11205696,-2.553974,-0.07982896,-3.4295826,-3.369974,-4.9492197,-2.023484,calm
-752.4509,72.9066,16.223255,20.750113,12.443535,9.436656,-2.2646048,-3.6084325,-0.19588952,2.7514043,-7.464745,4.627349,0.5280463,-1.109688,-0.1173986,2.7224166,-0.18799773,1.4511713,-4.699811,2.863651,-0.6856041,-1.844137,-4.7929797,-0.6028059,-2.9773898,0.6459244,-1.7660248,-0.78736556,-1.142137,0.021423291,-3.1939523,0.4606199,-2.6101048,-0.8485911,-1.9853193,0.44085208,-2.390704,-0.85026425,-4.265373,-0.3428171,calm
-698.05286,96.59705,11.39573,18.545223,20.758558,4.8262615,-4.2671103,-5.396046,-10.63376,-1.4014152,-2.1504571,-0.18321525,1.5968089,-0.30654886,-5.3425784,0.36179066,-0.26852268,-3.85949,-3.6134348,-0.5379452,-6.1459703,-2.3963087,-7.2144437,-1.5371672,-5.178832,-0.9416542,-3.0174675,-0.7240007,-2.359934,-0.3877438,-2.328435,0.3163006,-1.4862822,-1.2807488,-3.051343,0.9012074,-2.0675325,0.6420122,-1.1895958,-1.4413841,happy
-664.61725,76.90651,1.4158585,15.875766,19.001732,0.36348104,-4.146672,-4.0842724,-2.49262,3.297564,-2.0252252,-1.6971815,-1.0314847,3.0947497,-1.1026613,0.98458964,0.9773152,0.45876572,-4.410006,3.294672,-2.4936225,-1.4692477,-3.0238848,-0.06281505,-1.9099839,0.49886388,-1.8588207,-0.32501507,-0.24273357,-0.59751153,-1.1928685,0.14307885,-2.1769183,-0.72398216,-2.3344934,-0.8573579,-1.1313639,-0.16792001,-3.050404,-0.82039535,happy
-706.23627,68.20473,5.651468,14.952039,16.743828,4.572454,-4.644879,-4.602479,-3.452192,3.1945798,-6.3470793,0.50394607,-0.49199447,-0.93017644,0.6303788,0.46976385,-0.89217794,0.24928962,-4.3201866,1.6491214,-1.9479562,-1.0011592,-5.3227386,0.32150787,-2.0890772,-1.6059533,-2.1653664,-0.021106586,-1.3053828,-0.42130104,-1.8400177,0.04818523,-1.4984143,-0.72971326,-2.8667111,-0.41982126,-1.4949987,-0.9661688,-2.2296057,-1.1712945,happy
-650.55597,66.44662,-4.6175394,14.589339,13.41149,0.891039,-4.8582187,-11.16537,-7.9815826,3.4555347,-4.8051286,-5.022705,1.385423,0.14310178,-3.8912544,1.9992846,-1.7931268,-1.0627098,-5.76472,-0.24087463,-3.1123857,-3.684618,-4.829153,0.15044133,-3.2982712,-0.7749528,-4.0528607,-0.22968267,-1.4408813,-0.93302023,-2.002983,0.38956127,-1.8211117,-1.3034533,-1.8457167,-0.32777563,-0.8417439,-0.44235983,-2.8921793,-1.7812083,happy
-480.8839,56.8582,-17.446121,2.633608,7.5450373,-12.68466,-15.042937,-7.8162856,-14.532588,-1.800478,-1.363372,-4.458291,-5.008394,2.3022022,-7.022622,1.2460635,-4.065171,-5.313501,-2.7370803,-2.4769142,-5.5265527,-6.844648,-5.9699173,-3.4229736,-4.4280972,3.9780195,4.0276656,9.028262,7.915978,5.831354,5.4525967,4.1615386,1.1102706,3.4383552,2.9772382,4.0912466,2.9022808,3.4085655,0.9483203,1.4976482,happy
-476.48523,79.28908,-18.318945,4.386623,9.305142,-16.612247,-17.430653,-7.1063957,-18.55597,-4.85078,-2.107836,-6.917913,-5.030638,0.97488284,-7.485757,-0.03317282,-4.983307,-8.359121,-5.04392,-1.3379527,-7.5668755,-7.6791425,-5.683659,-3.0286252,-4.8002563,4.213636,4.0999937,9.05618,7.610636,5.661152,3.607314,1.3634815,0.76322395,3.7322373,5.203976,5.3976245,1.7627069,0.46665743,0.67389214,1.5527741,happy
-464.53906,38.816086,-14.363768,5.4215074,7.988402,-6.833977,-10.916377,-5.782842,-14.626412,-0.10943807,-6.377495,-3.1681564,-2.2379427,3.054231,-5.819575,1.0260844,-1.9819621,-6.197668,-4.519615,0.07443951,-6.7595673,-5.2941575,-6.9362397,-0.7819477,-2.2236784,2.4688673,2.397556,9.051672,7.324469,7.7139273,7.7315817,5.540412,2.3310246,2.3402202,1.9394352,3.999899,3.8840938,2.9602559,1.23041,1.2254884,happy
-506.02274,60.682137,-8.945006,6.156165,10.142999,-4.160777,-9.935585,-10.763997,-15.684212,-1.4575968,-4.25217,-3.868325,-0.5577048,2.3457685,-7.0935645,2.6359537,-6.2181716,-6.430923,-1.8303782,-1.1987003,-4.983799,-4.753327,-4.719453,-2.3904855,-5.2547684,-3.5345435,-3.7136896,0.4027835,0.033395246,1.9793832,5.5257864,5.8694167,4.399749,6.3957496,4.377365,3.5281982,1.1265097,2.7432492,1.2933576,1.2398977,happy
-804.2479,74.03578,12.956501,24.366169,19.558754,11.488703,1.0651053,-7.8167233,-1.1958178,4.0783606,0.5834858,1.8997866,3.525867,0.5596888,-1.6304562,3.3751433,-0.22178046,1.0745578,-0.3473416,1.5112413,0.39901105,-0.14826733,-4.5227766,1.2875004,-3.511959,1.0975854,-1.6696408,-0.11996425,-0.46871376,0.43204233,-0.15736273,1.5104202,-2.1743126,0.48422056,-1.8519841,1.0234566,0.078974396,0.8742455,-2.942665,-0.86950624,sad
-822.64264,56.3403,10.158319,18.471369,12.467964,8.534566,-3.7739656,-6.487775,0.062324166,0.6712782,0.012683792,1.1599811,1.9688346,-0.6170786,-1.9765711,0.7991083,0.670282,-2.1626232,0.4548407,1.8761591,-1.9215025,-0.984894,-4.929862,0.47785687,-3.155027,1.3197551,-2.1057608,0.18458094,-1.6234679,0.5758748,-1.4137166,-0.67110324,-1.8002539,-0.33999225,-1.2438183,0.68301094,-1.173084,-0.36440098,-3.3607635,-1.1751038,sad
-793.2345,54.197918,13.412098,18.525732,11.43191,12.058416,0.7700104,-7.2473435,-2.3268049,1.8382983,-1.2233769,-1.398666,3.0541131,-3.218703,-2.3724036,1.5623804,1.0258946,-3.2593691,-0.20712483,-0.1353758,-1.0852185,-0.14188,-6.2961793,-0.009423678,-3.1633759,-0.35885602,-1.56862,-0.2911171,-2.6592686,0.24740092,-1.610146,-0.028325282,-2.0560145,-0.088477895,-1.9438456,0.76146716,-1.2229226,0.16912597,-3.084087,-0.81348854,sad
-818.4442,65.69397,22.811375,25.594542,16.57482,14.811617,3.6288116,-5.507266,0.5155331,7.207807,0.21091539,2.867779,4.398377,-1.7911526,-2.1315887,2.5685256,0.6755063,0.49710628,-0.79711694,0.9217164,-0.19373931,0.32126918,-5.9712725,0.8872448,-4.0545745,0.9641789,-3.5504239,-1.1182795,-3.133977,0.10034347,-2.5942476,-0.87516963,-2.6564128,0.8169293,-2.0656874,1.1923505,-1.8342763,0.45154524,-2.3317628,0.34981707,sad
-708.24316,84.34304,6.3724136,23.965912,18.191727,5.1674547,-8.311118,-8.154003,-8.851384,-2.0212905,-0.28856432,-8.614777,0.12835227,1.6845793,-4.322183,1.2885268,-0.61391115,-1.6222626,-3.0548408,0.6715922,-4.466257,1.2191584,-6.5568776,0.77600753,-5.0412354,0.710731,-4.3658886,0.7810828,-2.275165,0.5737213,-1.552122,0.8990502,-2.5378902,-0.76656044,-1.5344349,0.72628045,-0.5334203,-0.79548675,-3.8877473,-1.7140712,sad
-691.72363,72.82428,1.5823872,23.957737,20.149065,3.8059266,-10.925496,-5.8496532,-5.666183,-1.8640183,-3.050662,-8.811733,-2.9263628,-2.5162766,-1.8757489,0.3272729,-1.4156995,-2.2288487,-3.6625116,1.025464,-2.7965155,-0.5796965,-3.997391,1.0351709,-3.466871,1.6107552,-2.8920138,1.0910615,-2.8263285,1.9810339,-1.6337111,1.8519006,-2.4896169,0.25358415,-0.6399859,2.310072,-0.65917283,-0.6167764,-3.6599247,-1.576817,sad
-708.5314,71.505295,4.0052075,22.02715,16.016226,5.8425756,-9.575227,-8.601708,-8.306001,-0.13405918,-3.705908,-10.606948,-3.6644125,0.73406893,-5.136938,2.3027172,-0.44636774,-4.106804,-4.543582,2.664408,-3.52535,-2.4501843,-4.6455426,-0.53117394,-2.233928,0.20768745,-4.656948,-0.047567572,-2.8992229,0.9813145,-1.2121284,1.2374201,-3.1708028,-0.6463019,-0.68610126,1.2333924,0.69642174,0.13899785,-1.3662568,2.0814266,sad
-700.6417,82.07693,9.28364,28.7637,18.899244,7.049787,-5.4760575,-9.066194,-8.492261,1.060913,-3.3077428,-11.571926,-1.1155965,-0.7142531,-7.227003,0.78532976,-0.56678426,-5.4795785,-5.3877854,1.3577062,-3.1008809,-2.4946318,-5.8981037,-1.1002598,-3.649506,-1.7108954,-4.70706,-0.03213743,-2.585652,-0.33689898,-0.88595235,1.7096181,-1.4315504,-0.6963899,-1.0802767,0.7725524,0.39286342,-1.2881088,-3.1903057,-1.4755486,sad
-712.1885,71.85685,1.3965434,20.188616,20.661777,2.7026238,-2.9616933,-3.5783124,-5.220208,2.1864853,1.006112,-3.0759606,2.5493507,-1.0236598,-1.3416445,0.06074078,0.21037318,-2.030334,-2.305281,2.5919023,-1.8447849,-1.4572515,-5.7687645,1.6502341,-3.0323489,-1.6429644,-2.479853,0.27459973,-3.1338727,-1.0257081,-2.3142438,0.28035235,-2.210607,-0.0068574385,-2.1797292,1.1924422,-1.7138882,0.5908652,-3.4590557,-1.2338085,angry
-674.9629,68.09888,0.98026025,18.68076,20.181646,5.3376956,-2.0390623,-4.205721,-2.8189063,3.002151,-0.21518323,-1.3703895,3.6611502,-0.12035231,-0.32227954,0.5950705,1.2844745,0.31366298,-2.6136992,0.98009896,0.42364696,-1.3300464,-4.5651016,1.8474125,-1.2343367,1.4107271,-2.597083,0.9875167,-0.15948687,0.4004023,-0.12385737,1.4556626,-0.6549211,0.08281241,-0.93921494,1.4197927,-1.1143162,1.5866572,-1.4854434,-1.2561401,angry
-585.8362,58.271313,-8.782108,12.954035,17.98696,-1.5246341,-1.3434945,-6.402169,-11.695984,0.62670416,0.7813692,-4.7499857,1.6323028,3.735647,-3.6803713,-1.581132,3.3219101,0.8739935,-7.1779103,3.858273,-2.4489458,0.53259116,-5.4179473,1.9403841,-1.4917002,-0.05507366,-2.1813192,1.7203999,-2.2235103,0.32595745,-0.3752235,0.726241,-0.25641638,1.6974247,-2.9469872,0.008978743,-0.47572216,0.0019664408,-1.7471302,-1.7324675,angry
-639.24457,64.33489,-2.1492949,16.705063,20.11579,0.52668554,-1.4200554,-5.7207727,-7.8322277,1.9592952,-1.3867819,-5.6571813,2.5884092,1.3638495,-2.766412,0.2974986,3.71861,0.09724541,-4.4355116,2.2222962,-0.72032034,0.36060038,-6.4595423,1.7715801,-2.4331748,0.8399623,-3.6989398,2.2019196,-1.2509514,0.16363482,-0.23564732,-0.23821636,-1.3195919,1.199486,-2.7792406,-0.3358561,-2.0657823,0.7531409,-3.185378,-0.3652842,angry
-361.3976,48.58411,-17.521996,4.2073803,3.4910011,-9.708623,-7.4286156,-3.2914813,-5.6283445,-0.2818791,0.7157561,-0.46756238,0.17258313,-0.9490151,-1.7689704,-0.017753368,-0.42286062,2.740203,2.959239,6.86393,4.132657,4.0728016,4.3566403,3.9908268,0.19982985,4.2140613,0.92640185,2.9301805,1.1713262,2.8053284,3.102656,3.5080202,0.42573333,3.1398494,1.4384587,2.8847423,3.1070728,3.661692,1.142237,2.691004,angry
-372.04776,50.743774,-19.757572,3.054045,2.2442718,-10.231513,-6.56821,-6.5028667,-6.770995,-1.625316,0.3835583,-0.20298365,-2.0468285,-0.12817001,-2.24555,-1.4146227,-1.6935627,-0.91248065,0.59628195,3.925134,-0.9256057,3.016589,2.2940474,4.3650656,2.2186363,4.6242714,1.0657578,2.4935415,1.4072483,4.202266,2.2502427,3.9237049,1.4627967,2.5071836,1.998187,3.5473626,1.7854176,2.853784,0.8463215,2.3656342,angry
-348.84225,44.645103,-16.036463,1.0627898,-0.51327556,-11.053702,-10.632243,-5.5894265,-3.8838983,-4.8841,0.8322535,0.19775389,-0.3167299,-0.07932742,-4.761564,0.7385669,-1.8406126,-1.5474689,2.0920184,6.35841,2.4850223,2.681643,1.2365041,6.106077,0.10612282,3.615797,1.7828885,2.833582,1.323127,2.2509809,0.8907377,2.9215786,1.3611596,3.0613446,1.5742651,3.2778974,1.772649,3.1136475,1.475879,2.0374546,angry
-349.67084,42.818676,-17.762693,-1.4405055,-2.0704548,-8.561678,-5.427125,-7.331299,-1.5551322,-3.2604342,1.9374985,0.18694979,-1.5727237,1.7961117,-5.3712244,2.9083617,-0.43338493,1.9139866,5.8759794,8.434083,3.726521,6.28122,3.3642135,2.9219427,0.48541677,3.6469903,0.45938513,2.3668537,2.0084746,3.7984762,1.7131997,3.5377977,0.85216135,3.5753806,2.278372,2.9868631,2.1080294,4.490032,0.86156887,2.6527696,angry
-803.2566,57.53709,9.824237,19.6487,14.7189245,6.3337255,0.4714619,-1.4685003,3.8797727,2.0546665,-1.6835197,3.9990926,1.409312,-3.1874843,1.9873898,1.4278002,0.3838705,0.63740927,-2.1585026,3.0004022,-0.96007276,-1.4133219,-4.084339,-0.4248367,-3.224791,-0.074854024,-3.8833258,-0.21622889,-4.1531134,1.1599422,-2.9896255,0.09355999,-2.7248068,0.093920775,-3.653651,-0.9259146,-2.9036849,-0.83645165,-2.7267897,-0.9917883,fearful
-767.7654,56.672207,10.499777,22.087452,14.728846,5.87961,-0.6909072,-4.522333,2.943216,3.3547957,0.013736586,2.4980557,0.34799826,0.60220414,3.1665258,0.8596817,2.49088,2.3253646,-3.337221,3.3281617,-2.1028965,0.4283662,-2.5573177,-0.34488282,-3.1158886,1.1315341,-1.9836826,1.2926807,-0.6687448,-0.8000635,-1.186723,0.05360237,-2.2387788,-0.42259383,-4.6066885,-0.7358769,-1.8922632,-0.75860584,-2.6341536,-2.1065342,fearful
-768.16254,60.82281,18.165966,22.787415,16.37056,11.338635,3.1976013,-2.2371604,4.5240307,6.088352,0.20464863,6.4635596,3.188487,-0.8310613,4.1218953,4.2852874,2.0864193,4.8357396,-0.57120353,3.729982,1.170554,1.6344995,-2.8276591,2.106479,-2.2910926,2.227145,-1.9475313,1.4500247,-1.4162416,2.612906,-1.3577663,1.7828139,-3.1311066,0.1385198,-3.3321476,1.3202723,-0.98546445,1.2746489,-2.7514374,0.5495957,fearful
-797.6689,53.278637,15.852631,23.180864,11.181984,6.4737997,1.3126198,-5.541633,-0.45975012,2.5584831,-0.017505674,3.116382,-0.3619579,-1.2242111,0.8178258,1.570714,1.409505,1.6814201,-3.2971768,3.5247912,-2.9202015,-0.9306553,-3.5416012,1.5876398,-2.7852361,0.3710971,-2.776575,0.17281106,-1.9487783,0.17633057,-2.8980143,-0.3221171,-4.183689,-0.441674,-3.418989,-0.28496054,-2.6261787,-0.79357755,-4.7950644,-1.7508211,fearful
-589.099,75.15608,-3.1620142,22.801453,19.725555,-4.970697,-9.8460865,1.6935694,-6.049454,-4.7055445,-1.4050753,-4.884601,-5.6614213,3.7415557,2.9519076,0.22899723,5.684933,-0.7400698,-2.7553883,9.750414,-4.3979893,2.645424,-5.3821673,2.7945716,-2.1032746,1.1760806,-1.862195,0.44304118,1.7549137,-0.5495197,-0.83233094,2.5894394,-0.38734388,-0.8731489,-0.8419192,2.2382698,-0.40926757,-1.3802471,-1.1158555,-0.5412105,fearful
-694.7694,55.743496,3.9667814,23.680119,17.474352,2.2950811,-3.281504,1.6077713,-0.51138014,-1.2884479,-1.0169928,-2.581347,-6.8308163,0.45478302,4.6299753,1.8840231,1.506229,-0.15865509,-3.7505956,8.059955,-1.88513,-0.17067605,-5.2870097,1.0135621,-3.8358722,-1.0057594,-2.92112,-1.4062896,-1.2957958,-0.54274,-2.9208903,1.041963,-2.1280212,-1.4391369,-2.0234659,1.0928464,-1.5958695,-1.4585587,-2.3003943,0.4572888,fearful
-559.7779,49.33011,0.005937195,12.543461,9.293218,-4.829168,-7.9153285,0.43498898,-9.587213,-5.126391,-3.1654727,-8.303905,-4.587471,2.906762,-1.9848628,-0.35445067,0.27349246,-4.4095902,-4.0148697,2.7538064,-4.294946,-3.4051597,-7.829689,0.29384792,-4.153213,-2.8500614,-5.0434203,-2.4570043,0.26698554,-2.32868,-1.1128124,1.1790588,-2.5412953,-0.013151442,1.1815652,4.1380477,3.5583436,0.91128033,0.48225218,1.6200022,fearful
-527.4577,57.259068,-1.1005886,11.988395,11.598546,-4.440002,-8.071712,-1.60038,-10.911636,-3.389294,-1.2096561,-11.50258,-5.050453,3.1218204,-3.152383,1.7279199,2.8056104,-6.911342,-3.0666616,5.784643,-5.071644,-3.2086298,-6.932395,-2.0370731,-2.8104436,-3.6774535,-5.9001036,-1.8138449,-0.4249701,-2.418099,-0.1556778,3.255713,0.75935334,3.3815625,1.9152806,4.1326623,2.2297459,1.4783779,2.7684336,4.9940267,fearful
-723.40643,83.10357,-4.865218,18.083227,12.602725,-0.47872114,-7.168429,-7.325751,1.1405985,-1.4299738,-2.954317,-1.3579038,-0.72476286,1.31368,-0.8886321,-2.6534295,2.126556,-1.1107342,-5.0526824,1.1753478,-3.9606032,-1.862723,-5.3034477,-2.0465624,-0.7259358,-0.32391843,-3.2059326,0.9039263,-0.34164926,-1.643612,-1.8800012,1.1222458,-1.9803106,0.2965074,-1.0422401,0.726309,-1.1293523,-0.8975332,-2.3005052,-0.38099325,disgust
-730.17676,77.21654,-6.2090626,19.956032,13.543462,-3.9027617,-7.1913786,-7.1077523,-0.101062626,0.19190353,-2.660053,-1.7468221,-0.7433451,-0.10303189,-2.351115,-2.0129313,1.0479702,-3.5499697,-3.4960957,0.14192447,-6.386368,-0.9834629,-5.046829,-0.7746524,-2.249543,0.6443769,-4.6703115,1.4024175,-0.5061158,-0.71811575,-1.7710289,-0.57421595,-1.6061898,0.6677557,-1.224345,1.174704,-2.53834,-1.2526736,-2.7277865,0.18017913,disgust
-760.26575,68.53182,7.1226325,23.896944,11.982924,3.060479,-0.5122812,-3.1806135,-2.4330587,-2.6426294,0.29594314,-3.0723019,1.9998474,1.9974056,-2.9685798,0.13790675,3.1123934,-1.512276,-3.2592382,-0.14570077,-2.5358467,0.82775825,-6.515642,-0.6198427,-2.6615021,0.845886,-4.841053,1.2440708,-2.0222855,-0.20551547,-2.0185518,0.26426756,-1.8973852,0.3469208,-1.0897671,0.41264662,-1.6520267,-0.9356541,-2.863526,0.1369928,disgust
-679.42804,71.56426,-1.2502517,27.961924,12.567528,1.3154101,-7.7639594,-13.081204,3.455933,-1.0308256,-2.742611,-0.21598479,0.7358513,-0.15248866,0.7325756,-1.5226866,2.048265,-1.5624218,-4.1321144,2.2398775,-5.4512773,-1.379154,-4.69656,-1.4610968,-2.1052558,0.27416635,-3.559283,2.3086038,-1.5027214,-0.1122232,-0.4766183,-0.20107481,-2.573493,0.929809,-2.0070436,0.23514406,-1.657419,-1.9034781,-4.560532,-1.9403392,disgust
-700.4368,73.7612,1.5598934,17.243437,10.3710375,-4.9570765,-0.9161886,-2.3250704,-1.489497,-6.0957212,-4.985415,-3.9980457,1.6110076,-4.407836,-5.029733,1.8436329,-1.2580961,-1.338927,-1.257799,-1.8457663,-2.4780867,0.04733596,-4.3758097,-2.5026903,-1.4654151,-0.8919843,-3.2001035,-0.37746385,-3.3243968,-1.085551,-2.63575,-0.06857057,-1.562544,-0.6394855,-2.5357034,0.41312894,-1.8857354,-1.6120551,-2.2197666,-0.95177174,disgust
-660.5469,74.531815,-0.118715376,21.378948,11.625083,-4.646708,-2.1156256,0.51375806,-3.9358194,-3.973721,-3.5109324,-3.9011824,1.2604818,-1.8067484,-5.1596766,1.4148996,-0.6917988,-1.9776632,-2.6728632,0.10617345,-3.0474646,-1.6280252,-4.3485494,-1.2905087,-1.4741921,-1.228301,-3.625871,0.22654776,-2.135155,-0.58166754,-2.7625318,0.9891781,-2.4935234,0.8741883,-2.302585,0.6766773,-1.9574888,-0.99845356,-3.5462494,-0.9901624,disgust
-653.6477,74.02552,-3.947168,21.78348,11.605718,-2.0698557,0.36317188,-4.340038,-3.9287467,-3.5583305,-2.863134,-4.7973957,-1.219016,-2.3717413,-4.235217,0.025528796,2.400025,-3.2479424,-5.6574845,-0.28646374,-5.44477,-1.5964504,-5.6082416,-2.2428205,-3.6399655,-2.4420881,-5.642934,-0.103036754,-2.693689,-2.1217735,-2.3822627,0.1792609,-3.077498,-0.3313896,-3.3005896,-0.43362698,-2.6767795,-2.4395401,-3.7997549,-1.0446771,disgust
-639.74066,86.213905,-7.4242086,16.427103,13.267608,-5.665537,-1.3517307,-2.9703128,-6.1562963,-1.1269788,-0.8836638,-6.684292,-1.6034125,1.0846518,-1.8491747,-1.5233618,2.3195717,-3.4113262,-4.061305,-3.3292155,-2.6100252,-1.847006,-6.156991,-1.0002683,-2.0630774,-1.1616158,-4.1679354,-0.04766924,-3.379372,-1.3995042,-2.914065,-0.5041076,-2.0158029,-0.7904881,-2.7572682,-0.62466294,-2.061891,-2.498117,-3.4425871,-2.356216,disgust
-762.66125,78.36314,16.64151,22.067528,18.315628,8.710409,2.8984885,1.9532108,4.4592056,3.7710025,-0.81791514,5.742423,2.4349637,3.4852717,3.7312734,2.418284,2.9483857,1.5485147,-0.7253635,5.7256284,-0.794887,2.1867318,-2.7798316,1.6695894,-1.5556797,2.9802,-1.7081622,0.1876309,0.032847498,-0.31745413,0.09866752,0.51980156,-0.6092986,0.6110303,-0.22397137,2.3309104,-1.0787525,0.58155835,-1.8866764,0.48399594,surprised
-762.8508,71.74367,7.8898096,18.871786,14.91997,-0.75332475,-1.0064632,-2.8688896,3.000588,-1.1394191,-3.7743971,1.1829445,-1.0596204,0.34092638,-0.85735387,-1.3369701,-0.17437325,-1.5791326,-2.6758862,2.9095776,-3.80847,-1.0870064,-3.556249,-0.07559623,-3.621661,0.3376403,-3.7683623,-0.6243102,-2.3197308,-0.4089639,-0.91477084,-0.625976,-1.4081243,0.101338826,-1.4353852,0.18812874,-1.7170787,-0.29177392,-3.0394158,-0.47956166,surprised
-728.3048,79.30536,14.43284,25.58211,17.956478,5.9682064,3.2523565,-0.6795891,4.222053,2.1640925,-3.0966005,4.2637897,1.4383891,2.0858278,2.384015,2.1829066,2.8721771,0.07527191,-1.088739,4.9311624,-1.3142354,0.27996907,-2.6889386,1.4961536,-0.11236823,0.7216747,-1.5628036,1.2551266,-1.2978796,1.3436042,0.5056485,1.2692301,-0.7685323,1.2869296,-1.7686411,2.0986073,-1.5051012,0.9543331,-1.7377285,0.11097835,surprised
-748.5712,72.617714,7.1059456,17.944342,12.53586,0.31413218,-2.231417,-5.2972574,-3.543955,-1.1460669,-5.0762925,-0.63585615,-0.8705944,1.8761542,-3.299269,-0.63783807,0.8848901,-1.5726233,-5.2855415,3.407323,-3.303262,-1.2233505,-4.983547,-1.1060736,-3.56449,-1.6315645,-4.022719,-2.0030148,-3.1314042,-1.09969,-1.8933814,-0.848436,-2.4023867,-0.3862264,-2.0782957,0.3561887,-1.7649696,-1.3277942,-3.6724758,-1.4604888,surprised
-635.0711,52.684208,3.6204894,13.895631,8.084745,-4.2043743,-2.8321435,-2.9080842,-1.7699361,-3.279589,-4.713462,-1.4730991,-2.89166,-2.603502,-1.9159409,-1.7355353,0.08815669,-2.506454,-2.707539,1.5824299,-5.148362,-1.8991162,-4.531926,-2.2978776,-4.601531,-0.37173724,-3.6250281,-1.7815206,-2.6816628,-1.1650017,-1.4043835,-1.0959364,-3.2075107,-1.0335851,-1.4288366,1.0509381,-0.88118315,-0.06399408,-1.7790903,-0.011185199,surprised
-702.41614,76.88889,14.526176,24.579586,18.013536,1.145207,-0.61717564,-0.8021578,4.7863946,0.019175861,-0.43269834,3.4558105,0.5393388,3.4048567,-0.15494175,0.06461102,2.4270015,-1.5752733,-1.9511737,2.7547078,-3.7958925,0.1321185,-2.8527632,-1.215058,-2.8148882,1.2335331,-2.9405031,0.7561449,-2.1143126,-0.3377578,0.18169749,0.84617704,-2.041875,-0.41458568,-2.5344594,0.93191314,-2.0985513,-0.6067505,-2.6246352,0.058448035,surprised
-727.1127,66.059135,13.472496,19.291088,11.279463,4.0854154,-1.5344098,-1.9304065,-1.1815914,-4.6174846,-3.9721248,-0.92568046,-3.2159448,0.011725497,-2.7831364,-1.7189493,1.9370478,-3.553343,-3.3642683,2.769031,-4.256096,-1.012074,-4.620646,-0.43577793,-3.7353134,-0.17640571,-4.1775565,0.31033757,-2.2060916,-0.57755804,-0.6796714,0.56783515,-0.8735588,0.7266158,-1.4254817,0.7288404,-1.5904797,-0.24497363,-2.232287,-0.9822591,surprised
-714.13275,66.18531,8.013326,21.495272,12.310166,0.010786095,-0.84379023,-2.1564755,-1.5477678,-1.9567351,-5.0205183,-0.6208004,-2.8991358,0.67234516,-1.0090649,-1.4200262,1.1149914,-2.2279904,-4.6108565,2.6928601,-3.747003,-0.673615,-4.1131024,-0.3221361,-3.2715654,-0.4040562,-4.035489,-0.6400513,-2.1567109,-1.8468169,-0.86641103,0.0042321347,-1.380947,-0.008033273,-1.7941407,1.5681858,-0.5101738,0.42725143,-1.6412661,-0.79120964,surprised
-571.1634,51.561947,0.618663,4.7337565,5.0447702,-3.5404568,-6.744278,-7.723666,-3.9377513,-1.3471259,-6.1218033,-3.3092377,-0.045675553,-4.5306726,-0.57084614,-0.1157159,-2.0357406,-3.626136,0.6391979,-4.6179023,-3.2730691,-1.0202322,-3.4360008,1.8366205,-3.0866997,4.236029,-0.99882436,6.892168,2.2078023,3.567801,3.1402645,3.4959273,5.2576013,3.7489908,5.581379,2.9501836,1.9727937,2.3173895,0.8197873,4.025057,neutral
-549.5522,56.109127,2.035172,9.34057,-0.39742875,-8.1374655,-9.939144,-12.575839,-4.9851933,-0.51681876,-4.8387814,-3.720804,0.98026323,-5.1819353,-1.4852078,2.3351328,-1.1526418,-2.7484443,1.3920177,-7.094615,-2.7511334,-1.2911292,-4.463481,0.47883937,-7.40201,4.2641144,-4.922295,5.7351837,2.7709563,3.3217664,1.512871,0.6878446,4.1130815,4.1205964,6.9944706,7.001381,4.479882,2.5534673,1.1366692,2.4474576,neutral
-541.2133,51.384304,-1.9913619,3.9068875,4.130061,-7.718715,-11.512617,-16.831387,-5.4902334,0.85395455,-6.8502645,-4.9116507,-0.7619249,-3.8775392,1.1569164,-2.0740013,-2.9484155,-3.4054694,0.23810923,-8.372507,-4.9870706,-1.9819751,-6.03769,3.6971974,-0.004004058,6.950736,1.683691,10.093915,5.528845,8.424867,7.2479553,5.81072,4.1928353,1.0303131,0.9079643,1.2319014,1.4387459,2.5882654,-0.53299403,1.365401,neutral
-598.68207,51.607494,10.78066,13.437082,5.4782753,0.05005473,-4.452173,-8.553011,-3.2690914,0.26123148,-4.6167455,-3.6933422,0.20232823,-1.7765791,0.80908644,1.5278829,-1.5355691,-1.2012928,0.78628594,-7.321624,-4.9825315,-2.3639696,-6.991094,-0.541789,-6.124801,2.064153,-4.041866,4.076742,3.195871,2.4472554,3.368573,2.8827243,5.8108273,4.917717,6.6205993,3.1817536,1.7811012,3.6259456,4.592459,5.815009,neutral
-531.4193,56.910778,-8.852539,16.15716,-2.4261444,-10.458886,-7.049407,-18.909319,-8.690506,-5.553043,5.682971,-6.208215,-2.1878786,4.836054,-2.5448644,1.4072697,-0.6127605,-1.4047434,-2.8898566,-5.4947352,-6.1242385,-0.34084886,-4.367638,0.14176108,-1.0132138,-0.031177917,-2.5445602,6.611,1.7736907,9.301292,5.486175,6.9268656,4.3938265,6.478606,1.8890929,4.302045,2.530396,2.9463794,1.3806667,1.4453809,calm
-571.64465,56.44579,-3.274442,10.994718,3.7471025,-3.8728802,-5.0562644,-10.736639,-0.27609625,-1.4811949,-4.3393474,-3.4968355,0.39435205,-0.74119186,-2.2309532,2.17438,-2.5552053,-2.0342526,0.11082674,-5.0779276,-2.2146132,-1.4170518,-4.661579,0.93956035,-4.3504434,1.6329662,-3.8628888,3.474273,-1.5302867,-0.8589963,-0.15752332,0.72713333,2.983219,5.879084,6.469351,6.627599,6.6365366,5.77412,4.7785983,3.3065922,calm
-535.1071,44.80096,-3.9235654,12.0231495,-2.0299804,-9.381452,-3.6486373,-20.14791,-6.215314,-3.0127401,-4.4758754,-6.548595,-1.0730404,-3.223983,-5.269091,2.3134184,-1.7827919,-2.9321911,2.657178,-5.560792,-3.118498,-0.8907238,-6.4260526,-2.0296435,-7.132302,0.82732505,0.4969427,9.476506,10.14858,11.009756,7.8195333,7.306532,6.315532,8.298626,4.6192408,6.1549916,-1.595376,1.146463,0.24686179,2.5946617,calm
-540.318,51.24066,-0.45942897,9.355515,0.6460608,-13.385454,-6.1053705,-16.446203,-4.888071,-1.4344689,-6.1798043,-5.489253,-0.66868234,-4.2414403,-3.1060574,0.49827605,-0.81864387,-3.737367,0.50604695,-5.081568,-4.97168,-1.6012509,-7.3732796,-3.6218288,-4.9909306,3.7075756,0.08386211,9.897915,8.267179,7.013829,5.3977766,8.21888,8.439936,9.420414,5.82241,4.1181083,-0.9220227,1.2741262,1.6492449,2.4189825,calm
-555.49835,56.801594,-7.1374345,6.357951,6.6385746,-7.579776,-12.635562,-19.507149,-4.5573645,0.084418826,-2.4231443,-3.8119059,1.4489955,1.3806458,0.51315594,4.3839192,-5.629732,-2.6606123,-1.125836,-7.0723224,-2.794241,-2.4564242,-6.470145,-0.817405,-3.4794009,1.3593752,1.6298257,8.293254,6.0897965,9.859999,6.714868,7.763082,7.548963,7.3011336,2.808016,1.8852776,-2.097077,1.7225206,1.2584494,2.1593978,calm
-557.5518,58.500435,-3.027266,1.177347,3.2105725,-5.0002337,-10.85074,-18.220446,-7.035011,0.7429851,0.4514235,-2.9718595,-3.125241,-0.30529615,-1.8269788,-1.5233483,-3.7820847,-6.3209424,-1.8487458,-6.5859337,-4.0671186,2.6706412,-5.0056424,1.1602141,-0.5202002,3.0002205,1.8152871,9.197321,10.102721,14.155158,12.04522,8.333917,1.4327703,2.6985364,-0.8154938,4.9578977,0.34474465,0.8755244,-1.3109443,-1.0275924,calm
-566.224,55.894608,-1.0943719,10.9949665,3.1297884,-7.535833,-4.5428877,-15.795643,-4.497348,-2.0027022,-4.6800256,-6.214732,-1.8966688,-0.010037213,-2.8886585,0.595705,-5.817241,-3.4710546,0.64524806,-6.9826584,-1.9672769,-2.105615,-6.7045884,-2.1327927,-5.951303,0.12234839,-2.8016472,9.50718,11.458677,13.634581,10.9165325,7.245482,2.159389,2.4377608,4.224474,6.331044,3.0461824,2.270962,0.16693532,1.7014387,calm
-609.2033,61.215645,6.6242924,10.804807,6.608743,0.38005233,-2.9307177,-8.918729,-2.2762833,-1.6324357,-3.579358,-5.601847,-3.432304,1.3408608,-3.5740213,-2.1131861,-2.821948,-3.5849507,-0.79364145,-5.995893,-3.804668,-1.5463305,-8.189905,-2.0881891,-4.0901446,-2.1002567,-4.806709,-0.080435604,-1.4793541,0.69876707,3.0154073,8.844348,9.317249,11.302154,6.7920027,5.863451,2.50508,5.9405293,5.9056478,4.7857933,calm
-504.37604,46.859726,-13.03364,3.9919806,3.5750582,-8.070893,-4.563449,-14.073465,-6.542047,-1.6981949,-5.5625825,-4.4768972,-2.7842553,-5.355224,-1.744962,-3.7090855,-2.0559237,-3.204933,-1.7232974,-0.98530155,-4.971075,3.3112867,-2.1682913,0.54758704,0.18165842,1.7658046,1.583009,5.162126,3.8164346,3.4432328,3.2654488,6.18977,3.3550706,4.7098517,-0.81771356,2.207797,-0.60496885,3.9498825,2.2701735,2.024987,happy
-499.60046,46.04002,-10.466601,4.0297976,2.1355748,-9.660832,-8.201736,-15.407224,-8.206768,-0.03969564,-8.581496,-6.846234,-1.5078919,-6.886661,-1.0168031,-2.9770374,-6.3082414,-4.3065658,-3.513908,-1.5923384,1.3283855,8.47474,6.0524926,9.4516325,3.7250319,4.4337883,-1.1193188,3.1529312,2.3321326,0.39840072,0.9761921,0.36578736,-0.46666327,0.73043007,-0.48195413,0.33492926,-1.5540652,0.95710653,-1.5236359,-0.94910026,happy
-508.07986,41.09106,-21.13447,5.562583,-0.4568981,-10.349302,-13.767449,-19.092196,-4.632901,-0.7602444,-11.571668,-5.304501,-0.3787098,-7.7492666,3.544962,-1.6001124,-5.239081,6.2704396,5.998398,3.2712412,4.168754,6.0071635,6.869466,7.0485387,4.7984815,3.7118585,-1.1080439,1.2568506,0.77574664,0.7447287,-2.0897613,-1.4001713,-1.2351298,3.8777807,2.569712,3.543677,0.9972695,1.7512996,0.17102237,-2.3184743,happy
-510.3927,52.358643,-11.021527,5.8815155,-3.4479125,-13.537928,-9.505345,-19.77988,-8.268833,0.598347,-11.007748,-4.7907696,-0.937042,-7.521394,-1.6005944,-2.0916617,-3.7956684,-2.113538,1.0535262,-0.8245195,-0.911289,7.383023,3.9736109,10.081011,5.3076572,7.4054775,3.0332553,2.3689258,1.6585155,-0.9691974,2.0653687,2.7012994,1.7461452,2.6073506,2.6554646,3.6533873,-0.4188811,0.676965,-1.038669,0.68378365,happy
-368.76047,35.37936,-30.61627,-1.8428185,-4.069357,-22.080818,-10.7060375,-20.744633,-16.658777,0.9068191,-14.629668,-10.2076435,-1.8648671,-8.6563225,0.9639557,4.5090294,1.5189898,10.509047,8.0116,2.9226174,-0.26076603,3.2022371,-3.6170835,-1.0828356,-3.1155727,-0.50920016,-1.7598654,-2.4638107,-0.69672143,-1.6311499,0.85055983,1.8499848,-2.1984265,3.8799703,0.61729497,3.370623,0.11235368,3.3624833,-0.19173118,-0.48273334,happy
-389.27267,32.408558,-26.381168,-1.0842651,0.14543316,-17.25832,-12.371322,-18.894285,-14.545598,0.38168982,-12.051967,-11.026863,0.3649646,-2.2972803,5.9309254,8.420773,5.3175592,8.938851,2.1547184,-2.9560902,-5.405463,4.451717,-3.98509,-0.5742171,-4.3062735,-1.1718434,-0.10610446,2.013569,1.5944743,1.3153298,2.6315267,3.5972004,0.3097319,3.671417,-1.7509803,0.31601414,-1.2367651,-0.862322,-2.7186704,-1.1101562,happy
-350.38382,22.168152,-24.089972,-1.5148801,-6.0608683,-16.068367,-11.252089,-16.567402,-16.302822,-2.4123836,-12.346528,-11.863239,0.91207373,2.204706,10.850917,11.599099,2.9017856,4.886229,-3.8602984,-4.859023,-0.058335394,3.2176814,-4.990138,-3.661821,-3.084304,2.0757542,1.4778733,1.1061221,1.1474515,4.1896005,0.5516821,-2.6446445,-2.9639943,0.10944461,-0.92592376,-1.1490873,-2.0060637,0.41302794,-3.1761363,-0.33199644,happy
-358.6942,27.176294,-31.601574,-0.7222067,-2.088923,-18.586977,-10.27269,-18.13579,-17.388931,0.7742666,-14.395025,-8.621026,-1.181408,-2.4335983,3.0343664,6.475055,-0.7583031,10.2675905,5.8738303,1.7684411,2.9197135,4.8303814,1.1543634,0.8535431,-0.23198718,1.3174628,-2.711981,1.15769,-2.499082,0.15026346,-0.98557425,0.7443901,-3.001226,-0.46232784,0.12971488,-0.16236496,-0.30050397,1.5156028,-1.7424392,1.5990313,happy
-624.97906,57.132313,3.1001515,14.054809,7.324999,-3.7842386,-0.02589638,-12.557369,-2.1418548,-0.8486753,-4.0304227,-4.9399347,1.7669938,-0.24380814,-0.33073792,1.5127362,-0.6157987,-2.551284,0.46619484,-2.8740342,-3.472342,-0.08491153,-2.8356857,1.3292643,-2.1580923,1.4317305,-2.369603,0.8685963,0.26993608,-0.63565713,0.9901442,5.121828,6.0510807,10.643518,10.945831,9.045261,5.0129704,3.8747892,-0.78675157,1.8070047,sad
-599.16284,63.423653,2.7849183,8.7383375,5.11806,-3.0657504,-4.7748647,-17.148153,-3.2631037,3.2804232,-2.224715,-5.148883,0.9728795,2.0218441,0.8416503,3.643636,0.66880745,-2.9440231,2.6421309,-5.342464,-3.894298,-0.1468165,-6.4476995,-2.0410948,-6.775715,-1.2671567,-3.3438075,-2.9091325,-1.3332549,-0.14318278,-0.17303507,0.9191463,3.9815207,3.6853523,6.0568986,6.208528,3.0152757,5.8684025,4.1332984,7.081437,sad
-614.7926,65.31736,11.483774,14.287219,7.11256,-3.7268434,-4.6424346,-16.081049,-3.4544199,-0.83285445,-7.22965,-2.337463,2.4925232,-1.3407062,-0.3427157,0.020917606,-1.7118415,-0.44082895,0.7517196,-4.3503184,-3.7175555,-1.1904739,-2.6401048,-2.2647011,-4.169955,0.5130922,-3.0190663,2.7828777,0.7999558,4.049523,5.706786,8.814522,8.021741,7.7683697,6.6325054,4.0692973,2.1033955,3.5831428,2.8558452,2.7725794,sad
-617.0359,68.70589,13.196307,7.48718,3.858344,-0.45615032,-5.692604,-13.71404,-0.23038362,0.052973025,-7.0742507,-2.874169,1.6059855,-3.4836872,3.671309,-2.0109518,-1.1853874,-0.051812127,-0.9412558,-2.7569609,-3.1986325,-1.3650137,-2.1438613,-2.9242542,-2.4167228,-0.95606583,-3.7780702,0.9072496,-1.3820297,-1.070492,-1.932712,1.5412458,1.3995789,3.4974558,6.227024,8.331219,8.485947,8.182175,3.6230986,4.0895867,sad
-515.41815,55.977753,-8.31817,13.66586,8.768181,-11.594915,-5.418421,-18.491133,-5.2772017,-1.560943,-8.365986,-3.2964745,1.5786606,-3.4444458,-1.1380732,-1.9844154,-5.1947722,0.5929902,-4.0854983,-2.048974,-5.541398,1.8801453,-2.650936,1.0032399,-1.5719169,3.269928,-0.24780011,6.109254,1.5218247,2.9295526,1.1527134,1.5576243,0.75977176,3.9933267,2.613695,4.6912403,1.487276,0.24002686,-0.030948058,-0.13622496,sad
-547.8121,62.277164,-11.830584,14.239296,9.860282,-10.694509,-12.243241,-25.7019,-4.605694,2.7516615,-5.7539473,-2.8512244,2.5861728,-1.4086272,3.1946285,0.4962502,-3.0834463,-2.5893164,-2.3961425,-3.1708205,-4.0759068,2.680989,-4.042379,0.37499127,-2.8227851,3.8671942,-1.271274,6.1949954,4.1077094,3.246375,1.5276128,2.3631964,5.210035,5.0396,4.7450433,4.336606,-0.9010969,1.8613973,1.3747585,1.7183653,sad
-597.3418,54.922146,13.857037,15.087155,6.475436,-1.8379025,-7.180592,-15.216527,-0.9429276,-0.90859336,-7.00191,-1.641847,2.178746,-1.5489135,2.8614852,-1.2509446,-2.1309698,-1.5514922,-1.4103884,-1.4816716,-4.5355883,0.61683595,-2.5228362,-2.9025924,-2.303736,0.2761082,-4.2841296,3.1618698,-2.2223334,1.1717325,0.07052939,4.6064653,2.8746293,2.5702612,3.1042783,3.3918521,3.9760485,5.7534366,4.361303,4.240085,sad
-583.7695,52.00445,6.553226,16.23505,5.5693393,-1.1075393,-4.012473,-17.15014,-2.9669797,-4.0927362,-9.049512,-2.2563999,-1.6603004,-4.6939545,2.221456,0.11663727,-2.721081,0.14237708,-1.4125547,-1.8898172,-5.2100077,1.5762883,-2.925901,-0.23369588,1.439948,2.0043406,-0.77031314,3.0076754,-1.1129769,-0.14063814,-1.6631781,3.0416694,3.0766149,5.731186,5.5498257,9.30198,4.4201374,5.581007,0.970675,1.5091997,sad
-518.1155,67.98113,-9.44553,10.802842,-2.082521,-9.911333,-10.250272,-20.9847,-7.006433,-2.3927765,-3.7619312,-4.3951073,3.599194,-0.83942735,-2.8674455,4.1079493,1.4731421,-4.93426,0.47373348,-4.7321906,-3.9744115,-1.3934836,-7.491612,-2.6368446,-7.4645185,-1.189507,-2.772771,2.0272348,-0.11123079,-1.229045,-0.76756316,-0.19051637,3.038524,2.033941,5.7590723,5.8441906,2.645509,5.2028065,2.4009926,5.533185,angry
-468.5465,59.23374,-19.681047,6.647698,-5.0567074,-9.605194,-6.273335,-16.646643,-6.9043546,-2.1148095,-3.8826559,-6.262873,-1.4412878,-2.990967,-5.257637,-3.9585059,-0.898329,-5.951828,-2.5482416,-0.4384427,-1.9382333,3.4686632,-0.042153597,1.6358382,-0.7920552,-0.14152513,-2.2694764,1.7138233,0.7157353,0.92651457,2.2227616,4.0878544,5.341222,5.483907,1.7529305,3.262782,-1.4053842,3.0591848,1.2409112,2.2230248,angry
-501.0539,60.413498,-8.943059,3.0704255,-1.3424335,-4.6550336,-10.38445,-16.751627,-5.9253006,-1.0315286,-7.2745175,-0.12950833,0.12321222,-5.744144,-1.1472408,-2.4890885,-5.801526,-5.137197,-3.662257,-6.764907,-4.794162,-1.3375663,-4.902511,-3.665691,-3.0061104,-0.12231928,-3.7943046,1.557687,0.004223667,1.2023307,2.2285979,2.2388985,2.7520502,5.378772,6.0794697,5.9976125,4.947689,4.6634965,3.4492664,4.239327,angry
-505.67227,64.34391,-13.255367,9.259449,-3.5119991,-5.256468,-9.266664,-20.238007,-0.62861145,-3.1473975,-5.6927505,-0.82090306,-2.1785,-3.2014296,-0.14137976,-2.992448,-1.9232764,-5.3482027,-2.7478695,-5.6022744,-6.052283,-1.1750772,-5.8147783,-6.8554564,-2.415461,-3.208507,-3.4817855,2.6349688,0.3604215,2.9910753,3.6783502,4.7277565,5.1184397,7.816359,6.9216266,7.8808084,3.4436488,3.3828022,0.7866508,0.84250665,angry
-354.05734,39.83148,-20.934713,4.3984838,-9.215746,-12.859122,-7.3000393,-14.337289,-7.2137437,-4.137095,-8.112433,-5.7007174,-3.7743747,-6.8142943,-2.684948,-5.92253,-4.7530932,-3.136722,-3.6515062,0.2717353,-1.8468418,2.5491364,0.88604397,0.5071226,3.446916,2.3381777,2.1704624,6.496935,2.4101214,2.1308217,0.8485321,-1.2216302,-0.03285319,2.370841,-0.25355914,1.727531,-1.8309624,0.29874468,0.6710175,-1.056519,angry
-371.62064,43.29596,-24.856642,-3.555484,-12.670344,-12.135927,-7.685782,-11.729778,-14.028131,-5.0646863,-7.534478,-8.662996,-7.6264777,-7.659841,2.5794559,-4.3539524,-1.0820826,6.577131,2.591276,4.7616262,1.571581,3.9767554,0.16172397,3.1405776,1.8682991,1.8676038,-1.0192546,1.7716302,-0.945198,-1.0580809,-0.27650595,-0.8803843,0.35183898,1.2459736,-1.070426,1.9827198,0.310361,0.2368183,-0.92961943,0.9190408,angry
-393.29196,37.42764,-14.80354,-2.0039275,-10.825532,-11.668422,-8.092074,-12.388589,-13.540404,-5.169627,-7.449745,-7.137653,-6.389458,-3.5212336,0.6035298,-2.299608,3.3990302,3.125159,-1.9459759,1.3147128,-1.2664973,4.1879654,1.8053958,-0.042105097,-3.5871437,-1.551513,-2.4049604,2.2747116,-1.0453036,-0.8379312,-0.058265824,2.60904,3.9949813,2.3318655,-0.85260594,1.2693721,-0.5306004,0.9061736,-1.739143,-0.5760178,angry
-388.14795,33.640766,-20.053806,-0.53915817,-14.654189,-11.592291,-9.56725,-12.972133,-12.25135,-5.4565926,-8.447279,-6.151445,-6.8480735,-5.7887583,-2.0326507,-7.5588994,0.38302356,2.1884415,-0.26237947,3.537897,-2.2171583,0.944473,-3.885509,1.9586817,5.445684,4.9359355,1.9772062,1.7489464,1.6579506,1.6766881,1.5986414,-0.9895138,-0.83147836,1.6946458,-2.1173325,2.4256344,-1.7453915,2.325155,-0.06710204,-0.059880365,angry
-535.4293,53.829716,-9.72831,5.4983873,5.586655,-6.0453877,-13.718676,-21.878214,-5.188021,5.8341017,-5.0467653,-3.3751752,3.502423,-1.0925032,3.8595688,1.0462837,-7.7213674,-5.3532023,-3.8777344,-5.5352516,-3.382402,2.0777338,-3.3009458,4.4909935,4.8688354,10.573526,6.6860027,5.055245,5.672972,2.7449396,0.75984204,0.48940387,1.7508307,3.5602977,0.9883834,2.2371864,-2.0540571,1.4716555,-0.6105494,-0.14722468,fearful
-608.37274,55.73641,3.1065102,8.106892,3.4878757,2.032688,-5.4258604,-12.726157,1.0863322,4.8144736,-3.2712348,0.03148646,0.66502947,1.6057683,4.276849,1.8888633,-3.5224543,-4.5434775,-2.4830403,-5.9479775,-3.8974955,-1.6333288,-4.35892,-1.1551638,-0.36803067,2.113708,-4.405673,2.5389285,-0.18429214,3.5663311,5.4626,5.069703,5.909392,6.832003,6.510962,4.8876004,2.5175526,0.94928426,1.3928107,1.711531,fearful
-590.9226,51.387817,4.404791,5.5488186,4.510462,-3.2006562,-8.905848,-17.970787,-5.3685827,3.6348736,-4.2752423,-4.186919,-0.25882795,-2.7625005,2.240693,-1.0210764,-4.250797,-2.7738128,-3.1001225,-6.8372207,-1.9593536,0.44503295,-2.078533,7.450846,7.0844274,10.842858,6.0929513,8.076258,4.462951,3.1077166,3.6906922,2.0388634,4.4809275,3.5404875,4.05888,1.7467027,-0.15171774,0.10016677,-1.2533319,1.4496796,fearful
-589.2219,50.802757,6.3687205,8.737354,5.0621057,-0.3739708,-4.3913383,-12.517469,0.79104066,2.8077214,-5.699456,-4.130198,0.901549,-1.619845,1.1612587,-0.09858606,-3.3714519,-0.8067632,-1.0368055,-8.140458,-2.5008261,-1.9644017,-5.1859446,-1.4890635,-4.1811786,0.28229895,-4.0650473,3.5180151,4.8631806,6.731174,7.846692,4.6497808,4.8240914,5.2153482,6.6393294,3.8329997,3.317968,1.4372454,0.7466073,2.1674972,fearful
-430.77304,38.091972,-19.585054,1.8117781,-3.8755527,-15.210368,-12.503111,-16.848984,-9.975203,-0.08920303,-10.321105,-8.276354,0.23310736,-7.67734,-2.3826272,-2.0292895,-7.9360304,-0.058614366,-0.97793627,0.29875553,4.7825685,7.5396423,2.7088854,5.8807125,0.9398636,3.6774166,-0.8282408,0.90506166,1.062714,0.19091216,0.7616691,0.9665027,-1.5882584,2.3536053,-0.4802597,0.001772748,0.26846483,-0.6797862,-0.5159542,1.189676,fearful
-469.8711,38.700233,-22.003653,2.9810455,-1.4398854,-14.886629,-9.309186,-17.981142,-9.32103,1.3245268,-7.5549,-9.311861,1.2783253,-6.4816194,-1.6683334,-1.2370809,-6.5765676,-0.23190498,3.337909,5.321206,10.381023,12.124319,2.4968133,6.7457414,-2.2854304,2.7691483,2.0461698,2.7967713,1.7190742,-0.22291918,-0.72083414,-0.35370713,-2.4430175,0.45215902,-0.72901505,-0.2980545,-1.5847244,-1.5064284,0.48460674,2.745563,fearful
-454.70084,38.142815,-15.037809,2.6810954,-3.2385824,-13.290631,-10.809223,-18.476036,-11.810646,-0.6325908,-9.237891,-10.612815,0.8902201,-6.5202823,-1.0721014,-2.6298332,-8.586389,2.550858,3.1251407,4.9987183,8.489958,10.300402,4.086326,3.9256213,0.6758979,3.8606913,1.9207412,4.021938,0.55877554,-0.12142609,1.71863,2.9300618,-2.1891923,0.156932,-2.3968916,0.5984426,-0.74894834,-0.46621975,-0.05608796,4.0638065,fearful
-534.7181,48.85495,-8.730754,6.322406,-2.7332964,-10.209535,-7.318885,-17.62216,-6.549259,-2.5092058,-8.734786,-5.002838,0.7443527,-6.644202,4.55409,-0.34649077,-5.336389,0.9603273,-3.586618,-1.3733213,0.89989257,5.7229447,7.089464,6.039337,4.711079,4.464428,-1.1006025,4.2438636,2.3004766,4.0408945,2.9592786,5.288876,1.1548576,5.489705,0.19711505,1.5709924,-1.0880657,-2.095269,0.14636861,0.5770311,fearful
-602.56934,67.10299,-3.8499122,12.443233,2.680938,-2.3664656,-2.2520554,-15.19425,-1.9916309,1.1678174,-5.6597633,-1.0534093,2.7392383,-4.186158,0.6540476,0.3409347,-1.993336,-2.9932234,-0.9225974,-4.0236616,-3.689193,0.19634923,-3.9950798,-3.2096953,-3.3616383,-3.0942237,-4.1996946,0.9770605,-2.3039265,1.397124,0.6877302,1.2917874,0.48989755,3.7292137,4.7317686,8.954127,10.140273,10.215566,6.4508543,4.1239533,disgust
-590.1032,76.60502,-7.75772,8.753841,5.736783,-1.7331464,-9.704854,-18.730284,3.2013113,3.7379982,-9.482099,0.1748918,2.143753,-2.5294707,0.6426046,-2.8060353,-2.736316,-3.725051,-3.1360745,-4.3509154,-4.6064687,-1.9649521,-4.425698,-1.0765495,1.5720719,-1.0970454,-4.320497,1.6208322,-2.5197237,3.5709362,2.25798,4.248762,1.946614,2.7035792,1.3912514,4.6433115,6.324834,6.326216,4.299155,3.9162474,disgust
-580.0727,65.95309,3.9161818,5.0807085,4.9359107,-2.4230037,-5.0631156,-14.62768,-0.8978865,4.7323594,-4.434613,0.15753941,0.06341265,-3.0888693,4.380045,-0.72081816,-2.8151112,-1.3357565,-3.3706918,-5.554397,-3.185861,-1.1060023,-5.291342,-4.7079506,-1.4405034,-2.6929812,-4.9489384,-2.32453,-4.620846,-0.5772774,-1.8370724,-0.0043751607,-1.5747399,3.2370703,1.494386,2.352479,1.1567156,4.2967052,2.7114646,6.5224085,disgust
-527.2224,52.442856,-12.099637,3.5126069,2.348971,-5.547336,-7.432995,-17.458382,6.457947,2.5424857,-11.923865,2.6302826,-2.6173306,-0.78242856,2.3196368,-4.8039856,-3.2207,-3.8663042,-2.560583,-5.2844667,-4.3842077,-2.0867705,-6.0403495,-2.3666837,0.05952246,-1.3921381,-1.0580581,5.5301256,1.364646,5.293316,1.8175437,3.5822217,2.5642967,6.7879915,2.566325,5.0394864,2.351091,3.9484382,0.82364017,3.7657812,disgust
-450.70886,54.34568,-21.362358,3.0029736,-2.5676868,-10.29894,-12.558613,-20.105515,-5.133086,-2.5564392,-12.484487,-5.089608,-4.757099,-3.0485852,-2.0637128,-8.37876,-1.9901954,-2.493609,0.94208336,0.20601392,0.27343327,3.6506107,-4.3114057,-0.37994295,-1.0068461,-2.264781,-2.5215218,0.423238,-1.2691134,1.1947091,2.5612228,3.7869086,4.315825,6.27903,1.9563026,4.277811,-0.07242622,4.0220895,1.4462141,2.1057947,disgust
-440.06522,53.196682,-25.834057,4.659357,-3.7714715,-12.942803,-13.296347,-20.799854,-5.3052144,-1.855594,-13.675419,-3.4391599,-1.974156,-9.416744,1.4475312,-5.627213,-7.6450667,-6.3903747,-5.565275,-2.690287,-1.7554947,4.5683174,-0.46389297,1.3638818,-0.21300912,0.21607769,1.3292522,7.8579645,5.0993853,5.194882,5.4148073,1.4534031,3.309069,2.6454132,0.041317556,2.887377,-1.95775,0.67802006,-0.7466792,1.7674117,disgust
-489.20673,53.997875,-20.182741,1.0136783,-2.256692,-9.163011,-11.204888,-23.213806,-1.5148641,-1.7471117,-13.483652,-0.61620146,-5.7765417,-7.61747,3.2884157,-6.4795513,-5.649292,-6.5274644,-4.1389704,-5.381933,-1.2017031,4.7656074,2.3463008,0.7232417,6.492628,5.576463,7.5738215,11.856108,4.3988943,6.2357,-0.75452775,1.6587706,1.4843777,5.0681562,0.79904944,1.6982135,-3.1761336,-0.8313857,-1.4048119,-0.06780457,disgust
-450.62036,51.33882,-20.775835,-6.873811,-5.962627,-13.552367,-11.10877,-20.657516,-10.321867,1.7176563,-13.16383,-6.851687,-3.0504951,-7.6035523,-2.2313886,-7.367519,-3.9179862,-2.827754,-1.947413,-1.7713437,-0.07164652,4.789209,0.20351906,6.4930573,6.8242316,7.430934,4.1603208,3.1837516,0.5675454,1.7751489,3.29719,2.4080105,0.19145362,2.8159773,-0.620623,4.221488,-0.7817867,3.5950358,0.19164215,0.11657947,disgust
-545.06085,42.95494,-0.2558585,8.247221,2.4213815,-5.982156,-6.449633,-8.582763,0.0017399924,-0.9071784,-7.7501345,-2.3016412,-3.2879586,-3.2684925,2.7051992,-2.2018502,-3.7176192,2.6066215,0.4749564,0.01692265,2.514499,3.5241094,1.0769283,1.0997467,1.4998,1.7333957,-1.1056018,5.540264,2.0604985,6.0010896,1.4618012,0.8397847,-0.38103124,3.4615333,2.931445,2.8815901,0.71077913,1.0371634,-0.2766667,-0.054388642,surprised
-561.5467,56.16472,3.4010205,8.411776,1.9494743,-2.3823419,-6.501201,-9.792819,-4.3537664,2.2893581,-4.0997505,-2.915483,0.9570979,-1.5322846,0.34558398,-1.3830564,-3.9688222,-2.8771117,-2.6067824,-3.9921684,-2.8949578,0.756008,-2.849069,0.6048061,-1.6269196,1.5904161,-2.6064506,4.4865284,2.6063,3.6919663,2.994653,2.9225707,1.6104767,3.554221,2.6690688,3.1188657,1.3799951,0.6053099,-0.3143958,1.1264567,surprised
-492.20914,45.14953,-4.0253477,2.2186327,-3.309884,-5.713069,-7.9491854,-9.225386,-6.0072374,-0.44610804,-10.95822,-6.4835577,-2.4916878,-7.320589,-0.4683356,-5.2003093,-5.9024982,-0.21064617,-2.6610498,-3.7224088,-0.70380217,1.5153273,-0.40572232,5.2313313,2.8689725,6.382028,4.7706704,6.6091027,4.1540384,1.5526534,2.9475038,1.9589876,2.9235055,3.2565095,0.9336763,1.7857463,-0.3229915,1.2727545,-0.7628363,-0.73772717,surprised
-568.1055,58.250523,7.187409,7.540136,1.71266,-6.212816,-7.5283527,-7.425894,-2.2630796,-0.70800036,-8.5418825,-3.3034587,0.015132243,-6.690965,1.8774091,-4.6022854,-5.6893277,1.5113813,-4.23648,-3.7846646,-0.19039072,1.6470672,-0.42231575,-0.5460263,0.49044377,2.2581975,0.81111926,6.787645,3.7777214,4.6195455,3.6567724,3.951115,0.26857722,2.52939,0.13149291,0.6089664,0.9778461,2.776098,2.0073984,2.4106176,surprised
-475.99533,45.401077,-10.204732,1.4581827,-1.1011556,-7.6377034,-6.307356,-12.698923,-10.170322,-1.4320078,-6.317785,-6.7680016,-0.85706353,-5.485366,-2.083806,-1.9916571,-3.9225202,-3.461009,-2.0098128,-0.8703849,-1.3764094,5.192501,0.49791047,5.3378024,3.3971052,4.651109,2.6958656,3.7252045,2.9710186,3.5162098,2.8569143,2.9952545,1.7852156,2.4314425,0.6362687,1.970598,-1.6488291,-0.39980432,-0.7863754,0.5732539,surprised
-474.9345,39.292084,-15.090651,3.6525934,-7.0205483,-9.719821,-11.001763,-10.882002,-6.676031,-3.8303022,-9.965902,-6.7059884,-1.8895782,-7.9256415,1.3943174,-3.1127057,-5.020429,-0.2532873,2.2871006,4.414528,8.610613,6.5356846,3.060268,-0.5445955,-1.5551776,3.5342586,0.12908791,4.234066,0.25056076,-1.2505423,1.453653,1.0726497,-0.006516411,0.65598094,-1.8375639,0.997009,-0.5293488,0.12342295,0.85964346,3.239001,surprised
-444.25198,34.596737,-6.22568,-5.858587,-1.6350032,-9.584786,-6.85531,-8.922426,-10.052692,-1.9948901,-10.465377,-9.200804,-5.119713,-7.6986265,-3.0350864,-3.6629875,-1.0480003,5.2906947,5.695423,4.642811,5.2973433,5.5361724,-2.7299926,0.85844374,-3.7482576,0.6755892,-2.4442904,1.9227877,-1.8571768,-0.025242217,1.1793934,-0.2211155,0.6160867,1.0078969,1.4194756,1.4117033,1.1961635,2.2048779,1.4893409,0.89235806,surprised
-429.13376,40.78348,-6.922619,-2.155332,-3.651917,-8.737791,-8.689833,-11.481401,-9.146136,-0.13742131,-8.54583,-8.276807,-3.3285742,-6.760483,-2.9379256,-6.1773667,-6.9076843,-3.36127,-1.4477831,-3.8723738,2.261395,9.67846,3.1372628,10.014509,5.188271,6.445503,0.7142697,2.7698634,0.77553093,0.21713464,-0.080579214,-1.2115929,0.47864875,0.6020935,0.4097681,2.0720372,-0.44134718,1.252186,-0.15452299,0.21297666,surprised
-731.38007,62.224876,24.513342,20.070845,12.545768,6.1058836,7.2661133,2.158617,0.5730283,1.0894154,4.2365637,3.2639344,0.08466266,2.352591,3.9604106,2.3004818,0.37237653,2.9853764,-0.5101266,3.0702114,-2.2685769,0.56730103,-0.14628826,0.12690634,-2.5866745,1.227123,-1.6959677,1.6249456,-2.1301467,0.6833897,0.6033368,1.1669601,0.5787769,0.83767956,-1.3735566,-0.5307568,-1.2339029,-0.7056932,-2.041315,-0.17667782,neutral
-697.01483,62.102234,21.480148,16.53148,11.172518,6.3433704,7.182734,1.2599962,-1.7513115,0.82465935,3.7978878,1.2289525,-1.0981221,1.8400179,3.0530865,2.8388116,0.94753504,1.2478845,-1.0293471,0.655182,-3.7539673,1.2281115,0.36263287,0.3887257,-2.9567032,1.6279043,-3.2032185,1.834013,-2.1693752,0.0568161,-0.83266854,-0.4652161,-0.39510995,0.19168612,-2.031973,-0.7396024,-2.0396426,-1.4995638,-2.585785,-1.615405,neutral
-699.5246,57.129967,22.601547,20.58691,10.934579,5.6991353,5.132369,0.8127338,-1.7865863,1.4359765,2.84072,-0.62498593,-0.56504166,0.35730827,1.6485213,4.144742,-0.5160117,-0.1161243,0.059893955,0.03837685,-3.3495011,0.2476968,-0.18987694,0.038790938,-2.2983117,1.1144693,-2.1993904,1.4566044,-0.9096128,1.0442455,-0.19367214,0.9183944,-0.7503736,0.66072106,-1.6078132,-0.8816364,-1.8611618,0.044723954,-2.2330031,-0.21000707,neutral
-700.3051,66.63224,28.183119,24.51742,14.91987,8.103115,5.8325195,1.9335866,-0.7792013,3.3662438,6.0509524,0.73332256,-0.3639216,0.8905399,2.124489,4.4140687,1.2355897,0.7023408,0.027583547,1.1193495,-3.726109,0.675963,0.062132508,0.2979276,-1.5521435,1.3984553,-1.7923515,2.198757,-1.2618206,2.1009989,0.34708977,1.8846933,-0.50802964,0.97186995,-2.0648155,0.23846361,-1.8901227,-0.33214927,-1.9212419,-0.19258098,neutral
-736.93475,63.037773,24.43781,23.061945,16.490107,12.701995,9.566386,4.9885306,0.576509,5.787804,6.686672,2.4989135,-1.5190136,2.90372,3.7701511,3.1832056,1.0282483,0.36317888,0.4307002,1.6914009,-3.7922597,2.804334,-0.358144,0.014918388,-2.7047546,1.4942758,-2.5362632,1.5115279,-2.6771386,1.423656,-0.42065278,0.8491033,-1.6010313,0.15949209,-2.0418143,0.8290478,-1.4549843,1.1426978,-2.0419898,-0.9234984,calm
-719.9197,73.983086,24.775673,25.988358,18.660965,13.578579,7.0668945,3.0317354,-0.30822352,3.8610492,5.261758,1.5440162,-1.3613734,1.7944047,4.2097116,3.7883708,0.9402568,1.4291129,-0.2071067,1.5708175,-3.0574713,3.2712686,-1.6598003,-0.89550185,-1.8192999,0.8518928,-2.9788141,2.214,-2.039173,-0.23379663,-1.027346,2.0020053,-1.6550069,0.3431862,-3.3345287,-0.9524859,-2.5957172,-0.13371637,-3.3033915,-0.6800902,calm
-711.49194,63.99623,24.90529,22.064156,10.548841,10.253174,3.9426012,-1.3010598,-0.021961424,3.0548458,5.798048,1.1122925,-1.0079774,0.53717273,1.3455455,2.8885603,-0.67832494,-0.098354,0.22132185,1.0124556,-2.4700632,0.8945581,-0.45742762,-0.14884932,-1.5061682,1.2189242,-2.9921281,1.7991,-2.0909917,1.7160219,0.4185883,1.6798,-1.9151726,-0.61038315,-2.8936648,-0.7722079,-2.2864833,-0.2554181,-2.8167768,-2.411153,calm
-722.09454,62.397846,26.075106,22.847424,15.226341,14.4210615,4.2541566,5.8056216,-1.725126,3.9156985,8.305034,3.5974355,-1.8883477,-0.41949013,1.7169107,2.6334195,0.4555473,-1.2120225,-2.0143259,2.5450337,-5.444951,1.9472833,-0.97316337,-0.21118145,-2.959053,2.5223079,-3.1299055,2.272408,-1.9751942,1.397622,-0.8182995,1.0380075,-1.8404617,-0.9916495,-2.9432683,0.12924823,-1.4557102,0.8545203,-2.8783762,-0.71212584,calm
-727.009,68.78833,22.34004,20.284195,17.886719,10.179355,5.7727427,4.7370477,-0.41483435,4.43914,8.22121,3.6399372,-2.2498863,2.7358258,2.269371,3.2699049,1.5641516,0.5341461,-0.029536512,2.1201138,-2.6372259,1.9866335,-1.137713,1.1328251,-2.2644172,0.8745231,-1.7759678,3.0792892,-1.5566155,2.1356742,-0.7251984,1.9578655,-1.4231374,0.28659236,-2.4766624,-0.2908932,-1.9182281,1.2501459,-2.0263984,-0.041349504,calm
-742.09735,54.008442,19.01675,23.997906,15.380698,12.103405,6.0856185,6.5094275,0.76061094,1.9193797,7.017051,0.9588694,-1.4923271,1.9062064,2.712992,2.402899,-0.58456486,1.0252781,-1.9031558,1.0415199,-4.423526,2.6862924,0.22561622,-0.1648288,-1.2652868,2.1937795,-3.9219296,1.4625999,-1.298393,1.35509,-1.0278925,1.9516553,-0.650434,-0.014097297,-1.4119031,0.424637,-1.4306735,0.28173557,-2.4213665,-0.6040683,calm
-723.7124,61.02586,25.226608,22.543198,16.86244,10.877298,6.4256163,5.348231,-0.09337817,4.3724604,7.8520126,3.1078787,-0.48144194,1.4269617,4.2551823,1.0228682,-0.5690756,-0.061643917,-2.1868284,2.452448,-4.402505,3.1023242,-1.7175788,-1.5643986,-3.272342,2.091991,-3.324134,1.4157345,-2.4835925,1.1559112,-0.7220621,2.2050033,-1.6144387,0.21535435,-2.2591715,-0.16346961,-1.7505261,0.8110419,-2.6034646,-0.40471336,calm
-721.7652,64.2868,22.369204,21.98796,14.870974,10.207192,5.918316,3.3743844,0.068034984,3.2395353,10.096145,3.5505106,0.3644428,0.6888391,2.009915,3.2244058,-0.97307384,0.8099748,-0.4638581,0.41829586,-3.238554,1.7017155,-0.3554898,-2.8582125,-2.760003,2.7683847,-2.3108006,2.4403286,-2.1745515,1.8660045,-0.10821862,2.195864,-1.4937228,0.36839142,-2.7060552,-0.83957404,-1.9630263,0.23932703,-2.4694111,-0.39650244,calm
-671.8112,58.46776,12.806989,13.267467,9.862153,5.294547,1.0133107,-3.117686,-1.8420779,-2.7163239,3.9369767,1.4677899,-1.7729574,2.5156705,1.5739229,2.8276737,1.702791,-0.7350749,-0.6808513,1.0092291,-2.809632,2.0338457,-0.8943668,0.7453357,-0.40555197,1.9720511,-1.4726112,2.861483,-2.0561996,1.9510603,-0.6402947,0.75852853,-0.02733259,1.4571495,-1.7654647,1.043366,-0.5875427,2.083618,0.2428149,2.7002428,happy
-666.72864,61.362637,16.287018,11.9945,10.763568,6.989389,1.1845115,1.0446215,-2.3440356,0.4965033,4.65109,0.38956422,-0.17692436,0.2977705,2.63875,1.6482911,0.19779764,0.8141936,-0.012909378,-0.5791376,-3.2217097,1.5330817,-1.5857452,0.45312402,-2.1239076,1.4757985,-2.6208968,1.1250387,-1.930279,0.4834942,-0.73254997,-0.28712642,-0.06856299,-0.5459033,-2.806838,-1.1939336,-1.1188992,0.98149055,0.5874793,2.101113,happy
-661.9023,53.02125,16.841034,11.955747,10.210272,7.2153544,-0.8082529,-0.16143276,-3.784371,-0.13106787,3.7155204,0.60688794,1.7692595,0.26023084,3.565394,2.6630864,-0.91083825,1.4089053,0.46726176,0.5625783,-3.9276016,1.2837905,-1.7514721,-1.1463385,-0.41068608,2.5343413,-2.023317,1.5688157,-1.3759689,1.1614658,-1.0057719,0.3294488,-0.4277507,0.014062164,-3.00089,-0.68428063,-1.5598978,-0.16714509,-2.7315054,-1.0401318,happy
-652.7094,52.740593,17.85147,13.533674,9.304794,3.6277058,2.1977959,-0.6491144,-1.7615517,-3.2369573,3.258072,-0.36332268,-1.8496996,-0.92458105,3.0329437,1.857309,-1.1636499,1.2283537,-0.84646183,-0.45785403,-4.2842755,1.1042105,-2.5391638,-0.5090228,-1.2317244,1.7145296,-1.9526978,0.5150022,-2.468284,1.1046346,-0.684936,0.08416608,-1.1464986,-0.56176084,-2.8287847,-0.5221837,-1.1230917,2.1168585,1.6106585,3.5741544,happy
-491.04224,50.914917,5.5621724,6.088569,1.0633912,1.338258,-0.37724704,-1.0818412,-7.938244,-5.4641323,2.500446,-1.2941054,-0.57455254,-2.1876075,-0.84149784,0.7684912,-2.3915825,0.6045534,-2.0607495,-1.7586432,-4.127578,2.004568,-2.5358438,0.43999577,-1.6020638,2.472869,0.14027283,5.279106,2.2653413,4.12847,2.8832467,3.9873474,2.4423997,4.3058543,3.5994956,5.9681783,5.772813,7.541205,3.0432703,2.6245296,happy
-484.9259,43.868042,2.339842,7.74689,2.9911036,-0.80152774,0.25824636,0.23527662,-4.733631,-2.2682912,2.251687,0.039110076,-0.5518016,-0.10659693,0.66318166,2.013984,-2.157367,1.22486,-0.88955873,0.565975,-2.1843305,3.0555494,-2.8470852,0.7130457,-2.3596354,1.9117566,-1.0889443,4.014404,3.492333,5.01062,4.952939,8.4953,4.8511233,6.125587,3.8142757,3.732016,2.7126832,3.729456,3.0953846,4.968265,happy
-505.55783,46.75522,-1.6399516,3.150318,-2.4230657,-2.2284875,-2.5006518,-4.3739567,-10.267551,-7.361984,-1.7911103,-3.6364384,-2.1840475,-5.588924,-1.2172477,-1.5939927,-6.5835056,0.20818311,-3.9057548,0.31365556,-3.7876327,-0.304213,-5.38871,-1.6977665,-3.0592122,-0.9017941,-4.508695,0.51163465,-1.5766428,2.7767165,2.775105,6.959326,5.7899513,8.142021,4.839017,6.4793744,3.0146685,3.8049886,1.0150235,1.5902778,happy
-514.74664,43.191605,5.772206,4.243602,-0.7620973,-0.5430475,-4.018764,-3.2585108,-5.7625585,-7.5700636,-0.5281388,-1.9546634,-2.978227,-3.6412086,-1.5717854,-0.14164977,-6.431587,0.7350881,-1.6222929,-2.154763,-5.0810513,-0.38692698,-3.7918766,-1.310045,-3.4365618,-0.08619119,-3.4873557,-2.0680482,-2.3482804,-0.860134,-1.2313448,2.7922957,1.5642859,3.964556,2.6971412,4.0954924,3.8618357,4.164195,2.356704,3.6256645,happy
-695.314,54.816204,17.140287,20.143833,13.9979925,7.940733,4.777093,4.882848,-2.0959117,2.539649,5.7294593,0.3890127,-0.031817913,-0.89593434,2.7079523,3.3935444,-1.3370132,0.8649862,-0.13599958,1.9671574,-4.3367405,2.1809576,-0.77426696,0.08432611,-1.8799242,1.7612809,-3.0933502,2.1471384,-0.6777856,1.6371702,0.21874517,1.4653429,0.82229245,-0.288417,-0.93736064,-2.0451615,-2.0109468,-0.66730577,-2.6910696,-0.637727,sad
-709.4862,63.882225,25.09937,25.171581,14.942026,8.699793,6.9665294,4.283603,-1.626585,-0.22504508,6.6909437,2.7491682,0.78140104,0.42079604,3.600465,3.0229933,1.1802232,0.46919954,0.41332293,1.724663,-1.773212,2.1639903,-0.6329262,-0.6144852,-1.3892113,2.3617084,-2.8869941,1.6597337,-1.4188935,0.9194868,-0.39285067,1.637319,0.43834978,1.064635,-1.5579419,0.27838936,-2.9765096,0.23725677,-2.3647957,-1.0762528,sad
-695.7952,56.393433,23.653025,20.232847,7.4839177,7.3250628,3.8584511,2.2939265,-1.4581586,-2.1220362,4.1239343,-1.1337626,-2.265607,-2.6548786,2.4295197,3.2611957,-2.361733,0.87136453,-1.9867936,1.4076608,-3.5877023,0.6227754,0.18541677,-0.76166356,-2.0603216,2.4568126,-2.799583,2.4735718,-1.3437109,1.5973914,0.73544997,2.1442313,0.6771662,0.84044594,-2.4580886,-0.3605871,-1.9349152,-0.0010625054,-1.0441668,-0.4901518,sad
-701.44946,57.68949,23.885979,19.443907,10.07803,8.518083,5.9608674,3.0552762,-2.0891974,0.86470413,4.2385387,-0.42557696,-0.6097224,-2.1104274,4.314812,2.187846,-0.80284756,-0.06585043,0.0124855805,1.8337014,-4.351472,0.8754893,-1.7263503,-0.35719925,-3.0879278,1.4319062,-1.2422534,1.3024324,-0.11210155,0.8580093,0.74638075,1.2263173,-0.41759634,0.91500825,-2.1840427,0.58198893,-2.0291357,-1.0244354,-2.2320056,-0.00063947384,sad
-602.8457,49.077026,8.125839,8.17854,2.2201324,3.3802848,-1.6655959,-1.7842661,-4.6804485,-5.1487627,-0.039670944,-0.96785426,-1.6866425,-0.37140137,0.08298201,2.034145,-2.2022552,0.8502271,-1.9469604,0.5913356,-3.70578,-0.4484948,-1.1778883,0.9179199,-2.8734174,1.4900752,-0.62937474,0.5804971,-0.1258226,-1.1734767,0.78381133,0.76004195,0.6496351,1.8455758,2.9052603,3.9535081,3.5539725,3.632687,1.2635436,0.62311816,sad
-543.42145,60.658154,6.3815746,11.688166,5.0711303,1.0410141,-4.234133,-3.1064427,-7.583528,-5.2199326,-0.6587366,-2.1683233,-1.9350398,-2.4676967,-2.2229087,0.91627324,-4.6608753,-1.2987083,-5.2198052,-1.904372,-5.76899,-2.2174065,-3.539098,-0.89251983,-5.652372,1.0534834,-3.3130884,0.63123333,0.1326024,2.5086503,2.4056966,5.2978354,4.690667,5.191597,2.7362998,2.6404288,2.0378327,3.411189,4.864507,7.7660728,sad
-576.2425,45.641876,8.173527,8.683462,0.2675062,-1.5989766,-0.08003432,-7.061021,-8.408967,-7.136773,-2.768546,-0.47262877,-4.4314885,-2.0191016,0.2688358,-0.08061239,-5.547644,-0.82574916,-5.025201,1.7264953,-7.040293,-1.5035713,-3.6863642,-1.9199135,-4.83591,0.17622964,-4.0448933,-0.7391334,-1.7749201,-0.014762931,1.2410545,1.2567697,3.7831187,4.65299,2.7213955,4.166717,1.8854755,2.5160823,1.1890262,2.2878997,sad
-533.8294,41.88679,9.188054,10.774407,0.102648415,1.5861732,-1.6376915,-6.4293795,-7.8679156,-8.468254,-1.0681957,-2.188321,-4.9652114,-2.1244655,-0.016535334,0.95603645,-5.055201,0.64109635,-2.823203,1.8820852,-4.6838264,0.030993303,-1.1761159,-0.5691614,-5.0036573,1.0510446,-2.8408482,1.0940946,1.1490703,3.2246585,4.0320034,4.290739,2.8599322,3.3863256,0.9129245,2.1945064,2.8819127,3.4365392,3.8815172,3.8169675,sad
-543.44446,47.821236,6.8700266,9.118286,2.113809,0.23116313,1.8366659,-0.33835334,-4.3980007,-2.0369003,2.4392567,-1.5054544,-1.4443569,-0.0713006,0.2052261,0.03690304,-1.8424397,-0.108381025,-2.5899765,-0.8809216,-4.127488,-0.07539568,-2.5550797,-0.9695616,-2.8845508,0.93476534,-2.6057057,1.8806106,-1.0712343,0.7485329,-0.28245592,1.9885534,0.8586389,3.2380178,1.2952045,2.7003224,-0.14169772,1.8447094,0.89664906,3.2039497,angry
-579.6884,49.956093,13.536646,12.080677,2.6121902,4.3024073,0.7292836,1.040065,-5.281678,-1.7641878,3.1373453,-2.3368156,0.7844772,-1.4853262,1.1719308,0.8569067,-2.1526206,-0.68437105,-1.013808,-0.9860078,-2.736307,1.0940068,-1.8722177,-0.7758775,-2.459711,0.9985393,-4.082985,1.3215096,-1.555096,-0.11190979,-0.044669293,2.143755,-0.033633422,1.1790546,-0.5425773,1.2177043,-0.7645808,0.85530937,0.83361846,2.663633,angry
-534.89935,45.18496,4.673624,6.7924595,-1.9777037,1.6891805,-0.20467837,-2.5666683,-6.0643735,-5.5807047,2.3210192,-3.5924008,-0.99065024,-1.5994723,-0.9424097,-2.4999092,-4.0420685,-1.6730434,-1.3311672,-3.0043375,-4.3601656,-0.026524251,-3.3008983,-1.7666146,-3.156984,1.0234888,-5.4814363,0.47780925,-3.6560054,0.3246501,1.3115495,4.776553,4.1779466,5.585023,1.8286052,1.4980077,-0.9661222,0.67362875,0.83834136,4.7119427,angry
-532.9163,48.79762,8.267565,8.323699,-1.3857589,2.9712853,-1.8690687,-3.3485115,-5.7288365,-6.556404,2.7560318,-4.884578,-1.1085882,-2.1812563,-1.1826466,-2.0556397,-4.936334,-1.6451242,-1.166008,-2.8061788,-4.7968426,-0.6596931,-3.740603,-2.2772589,-3.4138987,0.16345948,-4.951508,0.18674946,-4.0963736,-0.295271,-1.5083885,1.4302088,0.17224377,4.277842,0.22623354,2.9420311,0.012365495,0.53363997,0.27020454,2.7461662,angry
-447.62122,35.303955,1.0541123,6.7001867,-3.6099055,-3.4582763,-1.4398686,0.45672902,-5.1179347,-6.048284,0.6658482,-1.3473196,-2.430564,-1.2787011,-1.7446085,-0.6049064,-4.488968,-0.8202701,-3.2552361,-1.1107986,-3.7907376,-0.02972462,-0.6572597,1.7019206,-0.31493303,2.3691645,-2.1767058,1.0561179,0.30466568,2.0087457,2.0779989,4.6515813,2.4746802,4.2661057,5.47202,7.584396,4.8021135,5.0139556,1.1425254,3.2678323,angry
-378.80872,31.039225,-6.478683,4.1203423,-10.912635,-4.274019,-4.618603,-1.1232457,-7.9961348,-7.838122,-0.018623194,-2.7666082,-2.810552,-0.9519343,-1.6589496,-2.8218215,-2.847192,-0.52642536,-2.7304363,0.8243447,-1.5140744,3.3915796,4.179508,8.080753,7.498071,9.865489,4.2813187,7.0883064,2.9368362,2.938076,0.98967874,3.851165,3.7898872,4.864256,0.91419476,3.1006448,1.3233516,3.5318086,-1.1291649,1.5934932,angry
-367.85608,39.10109,-0.64014363,7.7814746,-7.014298,-7.768322,0.3421883,0.022183586,-6.2027164,-7.1647735,0.9769766,-2.9619377,-1.8946788,-0.34419984,-3.5043802,-3.0661912,-5.278466,-0.6460965,-4.3298187,0.11546496,-1.520757,3.4192164,0.37811378,4.878916,2.8770347,4.259746,1.6499512,5.287977,5.0059342,7.195002,4.6140666,7.1226606,4.672983,7.031207,4.599216,4.999763,0.66539,2.2308552,0.983718,2.8485682,angry
-350.96866,23.226847,-8.023251,1.1329156,-12.867613,-5.1629186,-2.1183054,-2.6516716,-7.3487105,-9.420836,0.57340914,-3.9123025,-4.8130226,-1.5234355,-3.8926792,-4.6476197,-8.116962,-0.8482241,0.6645271,6.6644855,3.6650095,7.813622,1.6229432,6.3101134,5.63253,10.131471,6.775548,5.7110214,-0.23420042,1.0029994,1.2856835,3.8685946,0.15629877,1.6274364,0.031678416,3.0280223,1.0611662,3.9427924,1.393746,2.2754016,angry
-646.87445,56.47074,16.642214,14.731084,7.002588,6.844279,4.397759,2.4983156,-2.653956,0.17952108,6.0251284,0.8449065,1.0628983,-0.32832244,1.0215948,3.5197954,-1.897218,1.08732,-0.20536062,1.2585711,-4.5159836,-0.14497426,-0.41358438,0.01180959,-2.360638,0.40527812,-3.8407114,1.53538,-2.2684362,-1.23276,-0.58900183,0.48719838,-0.04599284,-0.8467351,-2.0312402,-2.3018856,-1.6574961,-0.12503147,-2.0812514,-0.98347735,fearful
-617.58435,55.408577,16.678368,11.436361,4.660232,4.4802446,4.621804,2.2430227,-3.9799626,-2.8535583,2.7319343,0.5974884,-0.5036253,-0.69704056,-0.052811984,2.3254495,-2.5694938,0.66324073,-0.54825574,-0.28989354,-4.4539227,1.2356204,-1.8924916,0.13320437,-3.018898,0.49978563,-4.2821035,1.8337063,-1.363798,-1.0022922,-1.147385,-0.09066246,-1.6866088,0.3117696,-2.9975533,-2.1625767,-3.063251,-1.024023,-0.6099417,1.1320202,fearful
-609.5881,54.348663,11.056788,11.724716,6.063035,5.097787,0.86392784,-7.831363,-6.799612,-2.6643915,0.69159573,-1.6151798,-1.7516258,-1.3528173,0.3175784,3.4940872,-4.058715,-0.6578841,-1.5947615,-0.9438218,-4.8958654,0.53501743,-0.8754471,-0.687129,-3.0581675,1.6795912,-3.018801,1.2921933,-1.6158528,-0.6671384,-0.8546478,-0.20803325,-1.9841725,-1.2658284,-1.3374343,0.25233147,1.28597,2.703065,1.7268188,1.8995043,fearful
-605.66406,54.17726,11.46777,10.155254,5.5706515,4.206812,1.5985214,-4.6971536,-4.209745,-2.2552245,1.0785537,-1.0753105,-2.7425423,0.08858722,1.4609399,3.6320293,-2.908247,-0.43165776,-1.4439535,0.15886717,-4.206983,0.9002642,-0.7234642,-1.3950579,-2.4961634,0.57374156,-3.0519176,-0.10226446,-2.3296897,0.21311226,-0.48960695,0.28610325,-1.2134246,-2.7990644,-3.0316665,-2.9298048,-1.9294364,0.38253424,0.48874697,1.3468385,fearful
-480.30798,41.670685,-4.6884885,5.7795076,-0.37527874,-3.1053948,-1.8093557,-4.490262,-10.862848,-5.374279,0.4446002,-0.24919377,-2.8615515,-2.721136,-3.3422408,0.410771,-5.1099215,-1.8157629,-2.915587,-0.54363936,-5.16324,-1.4174303,-0.8176558,-0.6513392,-2.4521935,0.8454143,-4.161851,1.6040845,0.3853513,5.0954022,9.267334,10.271365,8.668349,5.2865086,-0.24864435,1.400997,0.6724829,3.5383499,3.5331154,1.9514735,fearful
-448.7408,35.301666,-3.671763,5.223676,1.1759167,-1.8429154,-1.3183395,-2.201213,-7.6475325,-2.2952168,0.08959983,-2.6971917,-5.3983865,-0.9160204,-2.5138772,2.2442653,-4.0215774,-2.414233,-1.8076698,-1.3020961,-3.4340591,-1.71334,-1.4883682,3.1373124,2.1289601,8.915877,5.6712546,8.310941,7.243398,6.5148396,5.5941463,5.7956643,4.6209884,4.471057,2.0114918,3.0802412,2.1363297,1.6544536,1.3066846,1.3144627,fearful
-440.6027,31.478586,-7.588043,2.3537257,-2.1192164,-4.8010645,-2.3849106,-7.694721,-11.187696,-5.260205,-0.72182274,-1.7527381,-5.47495,-3.3782713,-2.4318545,1.797196,-6.325836,-2.5762055,-3.8995514,-2.1996286,-3.6488245,-1.4175581,2.982071,5.9076705,2.8415248,7.7613635,1.7034698,7.3165717,5.6840577,5.311322,2.8017826,1.4980251,3.2853868,3.738491,1.1243638,2.2488868,-0.21167938,2.5725956,2.4780762,1.5829618,fearful
-431.41043,31.756771,-4.931372,-0.86612076,-4.0893984,-0.24249436,-2.5201566,-6.1909423,-9.634574,-5.65698,0.4560325,-1.5742738,-4.0320735,-2.172823,-2.1111007,2.425283,-5.874412,-2.3310058,-3.7517939,-1.282995,-3.4078245,1.113677,1.3646812,8.097755,6.7096806,11.601485,8.195086,9.193184,4.547121,2.8525376,2.2295506,5.8440647,4.617947,3.6832364,1.729866,1.6373136,-0.2183373,2.23493,1.8759781,1.9887884,fearful
-626.029,52.828518,14.370107,16.647524,3.8157845,4.1198716,3.5805864,-0.8595122,-4.7423344,-2.7873635,5.352346,-1.6650132,-2.1375492,0.16573334,0.59963834,0.3956391,-2.5321465,0.37137407,-0.54740995,-0.021608988,-3.643122,0.080732144,-1.8254099,-0.8858948,-0.7980026,-0.4575785,-2.9224882,0.8827028,-1.4025328,0.20132351,0.25474274,1.8035161,0.709353,1.5723786,-1.724774,0.14436062,-0.7987042,0.62209326,-0.5627574,1.5972344,disgust
-604.27496,51.75752,11.075059,15.878045,5.053216,1.3402551,4.692912,-2.3849003,-4.2360525,-2.381734,3.3319707,-2.2878304,-0.8553281,-0.9759819,0.25946403,0.9432693,-2.0768876,0.30102295,0.61166734,1.8181531,-3.8953185,-0.6248011,-0.80577385,-1.3048122,-0.484214,0.5297161,-2.3093128,1.8120153,-1.5825194,1.4169146,0.64697015,2.522826,1.2154337,0.71372604,-1.6331683,0.19090545,-1.8209023,1.0351527,0.26979682,1.9138055,disgust
-627.1901,55.628437,15.935838,10.3326845,1.309257,5.2811265,1.4060038,-0.3562553,-1.5769445,-3.1490808,4.9200687,-3.1883798,-1.272591,-0.7421102,2.0915406,-0.11782684,-1.8481927,-1.9012773,-0.23201975,0.34546742,-4.879992,1.1925205,-1.8730181,-1.8583392,-2.4794276,0.22741203,-2.4320867,-0.028045451,-1.7607816,0.080477715,-0.057160493,0.7188384,-0.76008666,0.668869,-2.959088,0.28027126,-2.8517416,-0.2486201,-1.5533663,0.9453027,disgust
-598.6321,61.076824,18.882254,11.058008,-1.6752414,1.3795125,1.2445519,-1.0642298,-5.3526473,-5.2592382,3.159504,-4.616011,-2.7024179,-2.5438306,-1.1736045,-2.969763,-4.767866,-4.238466,-3.517704,-1.6269742,-4.901138,-0.42203143,-3.8609927,-3.0960767,-3.5798917,0.29265872,-4.2103286,-0.7697817,-2.215276,-0.8317146,-1.1047142,-0.16095553,-0.77799916,-0.603006,-3.8472888,-1.6552278,-3.4231133,-0.5750418,-1.7176211,0.95169127,disgust
-562.6133,49.60736,10.166953,15.956978,3.0444772,3.2880855,2.740135,-1.3155881,-6.1985497,-1.5484682,6.1393046,-1.3974383,-0.77952546,0.76960015,0.25419718,-1.29849,-0.89437354,1.334029,0.43075553,0.97837615,-3.6762385,0.47114298,-1.581057,1.8820924,-1.2015022,-0.374675,-0.5388195,2.0881917,-0.30087155,2.8753736,2.2257838,1.7486125,0.47902346,1.210808,-0.70960605,2.333054,0.12293695,3.4233413,1.3783355,2.6644666,disgust
-575.53326,55.350933,13.202208,17.651703,6.3058834,3.193265,3.9683936,-0.13843574,-5.5425186,0.92313886,5.1930957,-3.2098277,-1.377365,0.05378686,2.0989528,0.73892605,-1.2488762,3.7447152,-0.026492141,0.98005134,-0.8860067,1.4672105,-2.0140243,1.3742204,-0.5406828,0.41127703,-3.2683854,2.3707693,-2.2754803,2.278139,-0.30415452,0.82771164,0.9228549,0.4554032,-0.9666761,1.0285105,-1.2872571,-0.16829802,-1.1471318,-0.27000716,disgust
-594.13184,62.752808,17.615187,9.204911,-0.96713275,2.6843424,2.5461097,-3.2495959,-7.7115426,-5.6608324,4.252163,-2.4146402,-2.6051133,-0.55162483,-0.44489345,-3.4199147,-4.9562926,-4.224815,-0.6628967,-1.1766889,-5.440897,-0.36157233,-3.9970627,-1.7830492,-2.3314474,-0.5057513,-4.673878,1.1482222,-3.1744862,-0.4126984,-2.2629392,-0.6116968,-1.6628926,-1.180382,-2.7808397,-0.36003393,-2.0641603,-1.4613913,-2.121009,-0.3846197,disgust
-540.7073,51.25068,11.687241,8.470528,-2.359815,0.56848234,0.14026876,-3.0615394,-4.9954443,-2.0549877,2.4112146,-3.3363042,-4.5121293,-2.2386405,-1.4140188,-5.366025,-1.6934416,-1.2443048,-2.7224777,-2.1961472,-5.732174,-0.6260904,-3.3925915,-2.2736313,-2.8454378,-1.0815386,-5.9115,-1.3927064,-3.9917026,-0.40195924,-2.339901,0.08832817,-3.4130995,-1.1165799,-2.962049,0.35971126,0.6842385,3.0074775,0.21837033,1.9547453,disgust
-668.34125,43.07513,12.611034,8.960177,5.105488,5.1068177,1.9135545,-0.6272843,-2.748738,-0.7780617,4.6396546,0.65679145,-1.0828242,1.113602,1.5573905,-0.27937794,-0.1005989,0.01811746,-0.046797216,3.1682582,-1.3633176,4.53504,1.8257065,0.75735223,1.0438836,0.6625848,-0.7052981,2.857404,0.56382173,4.220748,3.3349187,4.4108577,2.3494084,2.080953,0.07293245,0.9910014,0.5528876,1.8933691,0.66991484,1.3032669,surprised
-629.575,42.773224,9.41066,3.0475028,1.4498407,1.6202269,-1.7737052,-2.0598307,-3.7061079,-3.9624925,0.8342061,-1.8422589,-3.6908743,-1.1621882,1.845891,-2.9789786,-2.372645,0.13294376,-1.9323304,1.3428631,-1.4829928,3.24812,2.2267945,1.015758,2.0196497,3.3930564,0.4769506,5.3408093,3.5417738,6.529266,5.0396504,3.5717235,2.3053756,2.9478168,0.42460656,1.2243853,0.11440816,1.3545369,0.19553813,2.1701276,surprised
-579.9996,43.74988,9.785762,8.725044,2.708023,2.3722434,2.5390618,-0.15152685,-6.8316526,-2.800437,2.596271,-1.6054275,-1.9694345,-1.704213,1.064164,2.6273952,-1.6862928,0.8146102,-0.17346069,-0.074661285,-3.7976022,1.7554964,-1.5916356,-0.5829854,-2.963817,0.48382485,-1.611156,1.5055267,1.7504536,4.232322,3.9789412,5.370824,2.6758416,3.4910336,1.7524289,3.8324945,2.4601464,3.2201953,1.6881299,2.134178,surprised
-574.7024,46.382706,1.839346,3.8100827,1.7404096,3.41036,-1.6092471,-8.2558155,-12.144377,-2.9855835,2.3333685,-2.5028398,-2.1914854,-2.783494,-1.1997194,0.8008472,-1.4884207,-2.2638664,-1.6405174,-0.65302366,-6.3246326,2.0568247,3.1209247,5.4523826,4.1324024,4.9293575,-0.37417218,5.8951902,-1.8587941,4.8283277,5.283046,5.417104,5.9631753,5.6355557,1.0496962,1.4095318,-1.6792275,1.1608729,0.3750668,2.226962,surprised
-590.00433,37.16315,4.4034543,7.05369,2.1119554,1.399757,-0.84230334,-2.766018,-4.665204,-2.7405653,1.6694629,-0.86141366,-3.3490424,-2.4843252,-0.2573676,-2.0694065,-0.50529176,-1.4940927,-1.3709898,0.71025705,-2.2173247,2.8868022,2.4885268,1.8149369,0.9495509,3.9735136,1.8077624,8.319655,4.3643727,7.035805,5.5437655,4.66391,2.0236733,1.3824501,0.7825609,3.0744565,0.8237927,2.0952675,0.090804555,1.8024312,surprised
-505.66016,33.842857,3.0997994,4.4678683,-2.2829084,0.29113862,-2.0836644,-0.28457072,-7.227493,-3.0466282,1.9970719,-3.0945852,-4.9102654,-2.696368,-2.1548362,-3.5711992,-4.4635367,-1.3994266,-2.8270628,0.5196164,-1.8491541,3.7083216,1.0713776,4.406758,4.3759274,7.042111,5.3860846,6.0582676,0.6543593,2.28582,0.69670445,3.1519186,1.706452,2.4019418,0.63111925,-0.07811418,-1.8641872,1.6881013,-0.14336161,1.0624881,surprised
-543.8239,34.95565,4.060512,4.341142,-0.1840902,1.77063,-2.9272268,-1.7547143,-8.007616,-3.6965456,1.5667387,-2.2632558,-3.858388,-1.8170512,1.5315758,-3.0167003,-3.8893883,-0.9237119,-2.643639,1.6669844,0.5150368,6.2230635,2.8385863,1.3398862,-1.4452531,1.4991866,0.12778467,6.127814,2.6866643,5.825903,3.8899357,4.830775,2.9760256,2.6244202,-0.06784909,-0.3673371,-0.96340793,1.7304246,0.21599054,1.2275785,surprised
-527.322,27.213703,5.7287273,5.282063,-1.4132706,-0.011243892,-3.2591548,-0.83889407,-8.512892,-2.1972983,0.30634546,-4.1034255,-4.739423,-1.0519503,-0.18747045,-3.4590986,-3.7371836,-2.6299229,-3.2566285,-0.13512771,-1.8902434,3.8369617,1.9471006,3.8989615,2.8422344,7.0623403,5.3975205,6.5515666,2.298033,1.6197848,1.0633038,3.0316677,1.0096958,2.129965,-0.21243986,-0.517182,-1.4645303,0.5003219,-1.1768057,-0.074282855,surprised
-683.84106,59.444565,-0.8251682,10.537366,1.5768415,-4.6147275,-1.58908,-9.401205,-10.498347,-4.1009994,-7.026869,-3.229095,-8.4293785,-3.1482244,-0.64887273,-8.821261,-8.101676,-2.9605443,-3.5344472,-5.24633,-4.9378166,-4.8139415,-7.4035234,-3.5461173,-3.2462404,-0.36537609,0.3709332,3.0717866,0.17155991,3.6647444,0.23188943,3.2624667,2.6567667,5.580019,4.4584846,4.3148317,3.8388758,2.22168,-0.34368643,-1.9163858,neutral
-689.5671,56.885933,-1.6032199,11.154812,2.8242807,-3.53914,-1.6409109,-8.267391,-8.80399,-0.1756524,-6.4229407,-4.2073383,-6.4530506,-2.3303535,0.15457547,-6.1826773,-6.8761663,-1.2701322,-3.733732,-3.9784837,-2.4502923,-2.3016036,-4.9868026,-1.9269131,-2.3359156,-0.16343918,1.0309863,3.0972834,-0.6701363,2.4889026,-1.9405075,2.2899213,1.6813766,6.312146,5.577711,6.426317,5.367335,5.611257,3.4854648,1.3988148,neutral
-664.5415,56.908916,0.26627585,7.969139,6.392704,-4.1913404,-6.12617,-12.711343,-9.554716,0.09056825,-7.365536,-2.7581677,-8.353391,-3.2634015,-0.35013747,-8.992737,-8.262795,-1.8636283,-5.4006205,-5.5254726,-4.646569,-3.942829,-5.88655,-2.9999201,-3.6672313,0.65907437,-0.831953,2.3362665,-0.68793446,6.2562256,3.4390721,7.41569,4.555711,5.173962,1.7535998,2.564932,2.7221425,8.187595,6.2109394,3.941297,neutral
-676.2738,52.397697,5.182033,6.0620675,4.50157,-2.6766362,-2.3044915,-11.054176,-4.1322846,-0.53851193,-7.7021165,-2.7392616,-6.7094345,-3.0448232,-0.5213293,-9.421702,-5.0288877,-2.5986009,-6.6287494,-4.5843825,-4.0157566,-4.158124,-6.8415084,-3.4354632,-4.887906,-1.068159,-2.2955287,1.5131229,-1.6343255,3.6243896,1.259567,3.305849,1.8044684,4.4324384,2.6237757,5.794892,3.5112932,7.327236,3.254389,5.7722154,neutral
-659.93176,57.204903,-0.10956286,7.565762,2.530052,-3.9681425,-0.51448303,-7.7355475,-7.0971045,-3.993504,-6.7419033,-1.3991693,-8.144148,-3.347699,0.9712307,-6.775459,-6.8150907,-3.4932058,-4.077726,-4.153842,-3.4834003,-3.1696773,-3.9381769,0.11533726,-0.61077935,3.6435354,2.0232987,4.8387666,0.5360631,5.3310757,1.6631107,4.8119555,3.1693814,5.958868,5.3829627,5.8915744,4.496132,4.9419203,0.6876362,1.5142171,calm
-665.38074,67.22134,-0.6652302,10.251053,3.816323,-0.84039056,-1.0815351,-10.091792,-5.899157,-5.5198803,-4.540182,-0.7454714,-10.560314,-2.9994252,1.5556818,-6.0686502,-6.309906,-2.5960784,-1.5189563,-3.3639197,-4.129614,-2.315477,-2.887785,-1.1223639,-0.846725,2.5299783,2.3828278,3.7021995,0.6623859,6.055782,1.7918586,3.9514134,1.0898108,3.8460846,4.0442934,4.666301,4.92282,5.4492154,0.9168691,1.2761391,calm
-671.1921,50.523384,-1.9440016,5.9482145,3.6350858,-5.0974154,-5.872725,-11.157332,-9.334853,-4.9375777,-8.197027,-3.9106116,-10.504101,-3.2749615,-1.6796196,-9.246502,-7.9949584,-4.5614457,-5.3938985,-6.3217907,-6.15098,-3.8581214,-7.241627,-4.031387,-2.6039822,-0.43758968,-2.361139,1.5575315,-2.1383379,4.820977,3.6738288,7.675037,6.451562,7.37092,3.779217,3.3836865,3.0678174,3.9105525,0.30672508,-1.4377464,calm
-672.9665,49.916214,-0.53752893,8.571287,3.8361762,-4.292377,-5.4182053,-12.033967,-8.105128,-4.4484887,-7.770665,-3.2960181,-11.023535,-2.927599,-1.0342872,-8.615197,-7.5852027,-2.223407,-3.488282,-4.2361207,-4.03701,-1.7200993,-4.636677,-3.123585,-2.238723,1.6196454,0.31170386,4.8453445,0.9030641,6.078324,0.79233146,1.642692,0.77902555,3.3101676,6.2629485,6.5569453,6.0154424,5.50539,0.79504627,-0.10263719,calm
-674.10565,53.166622,-2.801085,9.11722,1.8398741,-3.5915773,-2.62841,-7.1930256,-8.545288,-6.655678,-7.156494,-2.316449,-10.089739,-3.2689593,-0.9186686,-8.444696,-9.25412,-5.1028366,-4.3324227,-4.84382,-5.2362943,-4.0344195,-7.706062,-3.5465188,-4.558143,-0.049051862,-0.95744073,3.6488822,1.148649,5.080565,3.50822,5.7240148,4.381993,5.39695,3.4659626,2.231964,1.9337994,4.2531013,2.347986,2.2663002,calm
-674.7555,62.5142,4.453499,13.417761,6.416047,-2.2323923,0.47557658,-6.4731827,-7.8677177,-2.934242,-5.421879,-1.9575855,-8.412752,-2.6235955,1.3797174,-4.1905913,-7.209894,-3.4345298,-3.5193129,-5.054316,-3.5303621,-2.1046882,-4.130827,-2.5390246,-2.608752,0.68061465,0.7885892,3.5839076,0.17548038,5.0147967,2.0294752,4.332781,3.923769,5.580045,3.578463,2.5575244,2.390526,3.6465802,0.7577446,0.9284994,calm
-673.5298,51.09042,4.091927,4.326718,2.4415057,-4.402963,-4.205867,-11.771553,-6.0321355,-7.9511857,-5.7883353,-1.1209571,-11.894045,-2.4305654,-1.7250179,-8.424661,-7.467684,-3.2196264,-4.442541,-4.4393272,-3.5073588,-0.58568484,-3.2509494,0.73819745,0.016789975,4.1197186,3.218087,5.9384446,0.027100367,5.3003907,1.656842,5.7889237,4.047493,5.5344396,3.1140325,3.8278577,2.7811954,4.802986,-1.1189791,-1.6643536,calm
-674.3091,51.199986,3.1206121,5.3383274,-0.3123461,-4.0678916,-4.7268786,-11.051495,-7.538234,-7.0951138,-9.238576,-1.6992629,-11.506299,-3.7127194,-2.2197738,-10.096196,-8.966937,-4.6117306,-6.872166,-6.5271764,-5.2571893,-3.0931835,-6.905679,-4.865651,-4.941851,-1.8333226,0.03498245,6.558281,3.6478784,8.013542,2.3640115,2.1160195,-0.20670639,2.1233194,1.4067881,2.9278538,1.660165,3.9075332,1.118082,2.2409832,calm
-603.16077,55.994873,-20.019125,8.427832,-0.6310731,-8.570351,-2.870366,-12.961958,-6.9538283,-0.1661189,-6.0836244,-0.72512877,-9.669363,-3.5511029,-0.2473002,-8.703829,-6.6283493,-2.1180897,-4.6416492,-2.9906826,0.37518921,1.6536468,-0.64418757,2.3483968,-1.2919182,2.0722544,-0.19275513,2.5858164,2.2327363,7.0271163,5.1767416,7.6257577,6.4431367,9.317723,5.792327,4.357671,0.2640795,1.0030274,0.26034623,2.197063,happy
-600.15063,60.42351,-13.750035,7.8421745,2.7630074,-7.9299397,-1.314599,-10.243343,-7.6359835,1.0910113,-4.6063557,1.6969733,-7.441522,-3.1373076,0.85831046,-6.110801,-5.0123167,-0.12710789,-4.256318,-1.1434777,-0.34122387,2.34442,-1.4561728,2.661348,-0.3536686,3.7772627,1.2411544,4.5880876,3.0587003,6.4650044,3.8311987,3.2034822,2.1670096,5.9870286,3.8918638,4.4429646,3.2463334,5.654599,2.8060918,2.5418928,happy
-590.76984,43.79759,-12.722205,5.9913096,-1.1365407,-10.649233,-7.511237,-17.914772,-9.981129,-5.324189,-9.051732,-1.3714683,-14.072691,-4.1457243,-4.392552,-9.35745,-9.243862,-3.7787907,-8.675622,-6.3440766,-5.0718718,-1.1444907,-4.7151494,0.68310183,-1.963265,1.114167,-0.9843297,-0.16860507,0.1723649,7.147001,5.5147324,4.4425635,0.8705626,1.6951663,1.7517185,2.888705,1.7051096,2.2582788,-1.8085984,-0.38342306,happy
-589.7478,51.595757,-15.158975,6.4923778,1.2782507,-12.916119,-7.077921,-17.38728,-9.623816,-2.3196084,-9.303376,-0.4241717,-11.099979,-4.841225,-1.0292948,-9.5153475,-7.2637477,-1.5851771,-5.45402,-5.3454823,-4.309781,-1.5132569,-6.3238606,-2.2961833,-3.7697895,1.2576056,0.66597277,4.39688,2.7936776,6.157532,1.8765577,1.5408299,-0.18301146,1.7753539,2.7667503,4.6061125,5.6117177,5.5997267,0.6520488,-0.8089372,happy
-472.55554,36.757656,-21.166637,2.7753022,-1.0857036,-11.61751,-1.3894686,-5.019624,-5.9132195,3.4223747,-3.7417016,2.3261843,-4.7027493,0.8143993,3.8492384,1.0147628,4.012499,8.656259,6.105281,9.247599,8.432986,4.80625,2.7249184,6.492054,2.9158144,7.962567,5.4586134,5.7841077,4.499903,3.9393308,3.8535545,3.0031254,2.3929186,3.8007772,3.004972,4.158391,3.6917624,2.3316278,2.6612837,2.8247423,happy
-478.38913,36.790016,-18.734747,4.6023736,1.1856496,-10.667964,-1.3252649,-4.0673485,-6.252855,3.817379,-4.2787232,3.1312256,-4.31826,-2.4226527,1.9311976,-3.0728004,1.0388948,8.530766,5.6585755,12.690416,10.509862,8.733007,4.586816,6.9691906,0.9656782,5.8327103,2.814032,5.4311647,4.333317,3.2239888,3.5101762,4.4786787,3.823047,4.863381,2.6919637,4.509278,3.6632128,2.9673927,2.0441916,2.7864652,happy
-545.1399,40.883186,-18.864498,3.3142931,-1.2485756,-11.074563,-6.116152,-12.7592125,-9.952271,1.0036755,-10.069662,-2.3698459,-8.548222,-5.1491327,-1.588188,-8.337996,-8.145943,-1.1855775,-6.114983,-3.0430555,0.0655235,3.2453268,3.8492033,8.6817255,8.422246,8.487875,6.7373705,4.978892,3.2534158,4.2113147,1.7556208,1.9472338,1.4355925,3.2041168,0.5710364,0.77278185,-0.7723116,2.2483304,-0.3224097,-0.3822325,happy
-465.52606,29.992506,-30.15968,-6.8682876,-4.911932,-18.733946,-8.147643,-12.083958,-12.618268,0.47691026,-10.523126,-1.4886171,-5.7513328,-0.33569053,6.1301317,3.9452777,7.115832,9.514678,0.4418452,2.4365501,2.1638722,2.889935,-1.5994653,1.6717043,-1.2668098,2.3875375,2.2981963,2.8976493,5.564444,8.070899,7.835577,4.5444107,1.5471743,2.9032662,2.172032,1.7232006,1.1233233,3.3214467,1.2171696,-1.684353,happy
-623.33356,56.969315,-10.088537,5.2687817,1.013079,-7.0290112,-5.593106,-11.844839,-10.423994,-2.4507234,-6.3430343,-1.9124819,-6.9459267,-5.7603045,2.8152978,-6.470113,-7.1823483,-1.5590076,-5.8007536,-2.2633998,-2.1696708,1.7164718,-1.2073861,4.117813,-0.8569674,3.0485425,1.4820943,6.04181,6.204981,10.683918,10.04173,10.463292,4.934251,5.663271,2.2545547,1.8526435,0.87084776,2.1291935,-0.35880792,-0.44113994,sad
-614.29626,63.1166,-6.8069277,8.738793,3.7644415,-6.5474663,-5.5457187,-16.580688,-10.024295,1.0530572,-7.759459,-1.1732856,-7.933704,-4.297759,1.9433433,-8.179739,-4.2769446,-0.37545517,-3.6412072,-1.1942471,-0.658422,2.4864845,-2.1743584,2.2825654,0.3169317,6.2836084,3.583493,9.305454,7.268115,12.459067,8.158374,7.932894,3.4997206,6.237541,4.2841897,6.105565,4.052106,3.172954,-0.69544834,-0.45930773,sad
-651.34845,40.363014,1.845283,5.839365,3.2915366,0.20034157,-0.51710474,-12.332883,-5.1052136,-2.711262,-4.297982,1.8100963,-7.6492114,-2.5291483,1.3759276,-7.439501,-3.2492354,-0.25007504,-4.714335,-3.7231913,-3.3444989,-0.49115038,-4.9589167,-2.686642,-2.5971203,0.6932042,3.0026498,8.327494,5.998737,11.175799,4.7288556,8.9046335,5.6458087,8.227705,4.1177344,1.715701,0.65698254,2.6620803,2.8185117,4.2159104,sad
-630.56213,49.771896,-5.7987494,5.4171224,1.314828,-5.4318414,-4.928271,-17.327337,-9.391616,-4.033162,-9.023096,-0.5970682,-9.27024,-6.2002754,-0.14223169,-9.445663,-5.726486,-3.323974,-4.333346,-4.6352935,-5.2089586,0.9435555,-3.9954588,-0.6196202,-1.502633,2.987993,2.9227142,7.603273,4.9881907,11.725167,6.6612573,8.883946,4.339546,5.952614,3.779359,2.8686647,0.64624226,1.6896003,-0.84973997,-1.4050771,sad
-526.048,45.47058,-17.033861,2.0153377,-4.9191885,-13.45852,-6.9823256,-10.99064,-12.988943,2.9002502,-6.611745,-0.21019512,-2.2348974,-1.7221875,3.233271,1.0948926,0.5248746,11.266973,7.112505,12.574762,10.959086,10.631893,3.6718202,4.0449123,1.5207444,5.8484306,5.2880177,3.1135314,1.7159725,0.6457344,2.6915162,3.9835706,3.0148118,1.143071,-0.37447363,2.1727316,1.1526352,1.3314254,1.259457,3.176248,sad
-490.7033,39.538204,-27.377104,-6.784224,-8.2251,-17.434532,-10.187455,-16.875877,-12.71745,3.8464303,-10.299472,-1.7904918,-6.1946735,-0.9898081,6.5009284,6.391713,8.009431,11.962809,4.9769015,5.108789,2.9017303,6.2312994,0.2564725,1.3194783,-3.6733196,-0.24330713,0.83960897,1.1714842,0.6301038,2.845857,3.3799903,3.8429644,1.0765392,2.0848777,1.032011,4.1142497,2.156248,1.6727029,0.06650955,-0.5349325,sad
-528.4066,33.926037,-22.237907,-5.4596853,-7.175241,-14.074402,-11.473901,-13.804053,-15.267828,1.3208841,-9.375711,-4.053763,-4.632638,-6.489691,-1.8124937,-5.102601,-2.7040985,5.44808,4.4352736,7.9346747,9.589939,12.567096,7.6936407,7.964309,2.0542598,2.818952,1.7852186,4.241529,3.4546006,0.25531393,0.45847794,0.80287224,-0.1552356,0.22951205,-0.85075873,1.6361217,1.0572,1.7198032,-0.6619986,-0.13227259,sad
-474.84927,30.198483,-20.86598,-8.209588,-6.4064994,-17.401333,-10.43137,-11.564172,-14.525407,2.7704527,-8.553334,-1.9963431,-4.144094,-4.2393103,1.8730084,2.6170883,6.0911374,17.468494,11.533477,10.648499,4.3867416,0.90387475,-2.647077,3.1005695,1.9165969,2.9183066,-0.9398385,-0.80193496,1.2788482,2.7462897,1.2748342,-0.21928634,2.2984707,5.88032,4.0494137,4.0676017,1.8220818,2.0401092,0.8911585,0.6218648,sad
-582.6856,51.937828,-2.5196226,9.602829,-2.115646,-3.0279343,1.9232842,-6.297569,-6.271194,-1.1393781,-4.0723066,-1.4311137,-4.18089,-2.057048,0.5816023,-6.736433,-5.059455,-1.893923,-4.7728252,-3.3272645,-2.7348711,-2.8880548,-4.8824015,-1.8226607,-4.282094,-1.0473065,-1.0992614,2.6368613,0.22150372,3.375049,1.7500442,2.3690345,1.3972992,2.665506,2.8524566,3.6118503,4.3201227,4.739073,1.6810391,1.9966358,angry
-577.7915,55.93935,-6.1903915,13.128688,0.57151985,-4.699979,0.2469557,-6.9476285,-7.8363533,-1.4764042,-2.7383642,-1.3846979,-4.5775704,-2.5357847,1.702459,-6.1275225,-5.1922417,-1.5713344,-4.800302,-3.1959627,-1.6503145,-0.7604942,-3.9998212,-1.2252384,-3.4152267,-0.81942964,-1.560153,2.9348378,0.79165244,5.2774525,4.338059,4.3521347,0.20159495,2.3186574,0.7672099,1.8084763,2.7568834,3.7510378,3.6130748,3.2998033,angry
-624.88196,48.00166,3.5852733,5.1417193,3.4843967,-4.711954,-4.278293,-12.474042,-6.9372253,-2.7589865,-9.204906,-1.6883522,-9.161549,-3.9553094,-2.2116232,-9.21828,-6.7603016,-3.344052,-6.3062344,-5.472287,-5.6033344,-3.6160555,-8.261407,-3.5940585,-5.064156,-1.6466688,-3.1665227,-0.56011623,-2.9282763,2.498007,-1.130652,3.567163,1.493319,4.659947,0.27123567,1.1097842,-1.7605723,0.6809585,-0.25390518,2.4339209,angry
-608.3222,42.47333,-4.18479,4.2538695,-0.23761268,-7.537456,-4.8177333,-14.514141,-7.3478293,-2.318672,-8.709981,-2.1008422,-8.516631,-4.6508617,-1.9335588,-9.477559,-6.844159,-3.6210892,-5.550376,-5.9252315,-5.308419,-2.3254302,-7.695209,-3.057263,-4.2282047,-1.0286884,-2.8368282,-0.4264255,-4.170849,0.47810698,-3.0947504,-0.17697878,-2.237652,1.7066325,0.2138111,4.266303,2.7962954,5.351434,2.8023992,2.6715953,angry
-447.1418,43.33409,-8.309649,0.98319805,-2.009916,-6.9530315,1.882913,-3.9215155,-6.6211514,0.8938494,-4.4944973,-0.07714252,-3.2789516,-4.467095,-0.10257415,-5.268512,-4.8345714,2.9387827,-0.05381736,3.8129482,2.7830184,0.61401486,-1.4619027,4.2618175,0.9379599,5.4656363,2.6808298,5.7962832,4.527431,4.095627,4.910801,5.241006,2.8246167,4.449356,2.4593759,4.11102,3.3703618,4.170424,2.6322985,2.7530181,angry
-372.67606,33.79635,-19.069407,-7.4359007,-5.4643073,-9.217491,-0.11751244,-5.029571,-7.6306715,-0.6127796,-6.3920493,-2.0830684,-4.7420278,-5.0466814,0.69684225,-3.5100198,-3.4978228,1.2994387,-0.12111141,3.695517,7.304378,8.195634,5.2529263,7.9564233,1.9284601,5.369112,3.3579462,5.2078314,2.892152,4.5609646,4.353762,4.593182,3.1417248,3.860487,1.9398681,3.0209384,1.8285878,3.9156795,1.9017938,2.9165084,angry
-469.15625,43.29846,-7.5169735,0.23358862,-0.69044924,-7.9860973,0.57793576,-8.719796,-9.133944,-0.39005056,-7.8122535,0.29161173,-4.8060308,-4.620228,-0.8976548,-8.177499,-6.6691694,-1.9926552,-5.7662854,-0.42490238,1.6321679,3.0600805,0.26601037,3.5799427,0.5778241,2.294567,0.95403636,3.628448,1.8326334,5.277256,5.271047,5.525102,4.16345,3.5029125,1.0425018,1.8506808,1.0963922,2.177216,1.2679048,2.6246662,angry
-410.90738,39.60381,-13.515816,-9.879001,-3.4780252,-8.527061,-1.6732544,-6.341046,-9.218746,2.7930686,-3.618628,-3.3509614,-4.8187375,-6.884158,-2.8253458,-3.9861238,-2.4169188,4.466929,-0.6341488,2.556478,4.1789913,4.9640408,3.0958447,6.748934,1.4919963,3.602914,1.781486,4.186701,1.9827135,3.8174188,2.9036305,4.2288265,2.9044113,3.5683973,2.2225337,2.5420058,1.0031246,3.2044096,4.0223017,3.4587626,angry
-522.99426,48.374958,-7.8310337,7.8147063,0.35336906,-5.4284744,-7.5822363,-12.316803,-2.4015121,0.39100128,-5.7388377,0.06303915,-3.3066888,-0.41356716,-0.29811943,-2.5897593,-0.72982323,3.943585,3.1879508,5.854571,5.965579,5.7378716,2.6008155,4.7588964,2.5443053,8.250376,4.4754176,6.5630317,2.6782284,5.8232174,4.1175394,6.9637084,3.6860168,4.920362,2.5108154,4.6471157,3.827606,4.5030227,2.9526443,2.9748147,fearful
-531.1049,44.80002,-11.284499,8.0530205,0.9043949,-5.857558,-6.237837,-12.7548275,-4.792284,2.8635852,-6.6326933,-2.458859,-3.5995884,0.84034973,0.47367087,-4.9701157,-3.1013653,0.29182476,0.9804841,3.5906727,7.227227,8.286739,2.121633,4.520271,3.289872,8.480239,6.6107507,8.240825,4.230712,4.511765,1.7027131,4.8694654,3.6316273,3.7636864,-0.287706,0.95923793,1.7927325,2.7492943,-0.12845193,0.13968287,fearful
-578.6352,41.670746,-11.487803,5.60616,-2.8461547,-8.982858,-9.237436,-19.70887,-5.1587977,-1.8328849,-9.82009,-3.224179,-9.309408,-4.7507377,-4.338904,-8.039238,-5.706821,-4.3289094,-5.791908,-3.5104132,0.42712736,1.9978752,-1.2299913,1.8601221,-0.66973597,3.9067638,1.4583507,4.085854,2.1597958,6.823017,2.8512836,5.585726,2.728228,4.4963217,-0.27346712,0.74720114,1.8183258,2.633391,1.1545414,1.6956302,fearful
-569.07227,40.582848,-9.763788,3.8113377,-1.9046005,-9.758202,-10.511857,-16.713999,-5.1901045,-0.70050734,-10.294978,-3.5800889,-7.4427643,-5.1319523,-3.8568797,-6.426481,-5.7046375,-1.8479742,-4.5266843,-0.49607074,3.3279536,5.007186,-0.86020696,0.9654423,-2.8863144,2.441393,-0.13915476,6.1320853,3.9587402,6.8507543,2.4487894,4.018575,1.3560414,3.3864408,0.34567508,-0.30522564,-0.29825288,1.3679926,0.35986677,1.222493,fearful
-434.16275,33.84263,-20.775936,-2.66233,-2.2210534,-10.2988615,-5.413197,-10.489646,-8.067304,7.723738,-6.674224,-3.4179757,-3.055808,2.1615853,12.167231,12.927275,12.6965885,17.223383,7.5539565,5.091385,1.9290739,5.381458,2.5371466,3.1056383,-0.11752907,1.2705076,0.19995989,3.725153,2.570109,5.1298547,4.631665,7.019584,5.3127246,4.5662503,3.3020816,3.6808536,2.3376336,4.0666966,1.5347469,1.1939951,fearful
-396.13846,26.586308,-26.117756,-9.072756,-6.1439133,-11.126051,-6.648585,-12.683911,-11.946978,1.5870812,-5.8109345,0.6379322,4.6858726,14.320917,15.594643,7.1264524,2.298368,6.343571,0.73261195,4.1068826,1.2454828,1.6479946,-1.4091207,1.9465485,-0.87549555,3.4267457,3.9040165,4.1611543,1.1188145,6.1019397,6.8170724,4.5113535,1.1848911,1.9715474,2.8916564,3.3460965,1.996912,4.5529532,1.7439697,1.912254,fearful
-425.98373,29.446138,-19.657452,-9.834447,-7.5080385,-12.304817,-11.077902,-18.288445,-11.510534,-1.6115545,-9.514784,-1.5330508,0.6241675,9.125725,6.737689,3.436394,2.2538314,5.520714,0.12159078,0.34486017,2.362159,3.0848129,-0.18686025,2.1906562,-2.651351,2.1180441,2.0878906,1.9253483,1.671342,5.5691657,3.1510053,2.1092677,1.8798103,4.0677066,1.4955281,2.1802776,0.815246,2.0152442,0.5632796,2.0576854,fearful
-422.1093,27.252975,-26.342134,-8.608081,-7.3747625,-10.315631,-7.6952534,-14.099066,-14.594151,0.43137643,-8.628235,-0.64402974,4.5569572,13.301171,16.279907,9.938572,3.6024868,4.4799504,-1.4180489,0.7046281,0.7809516,1.4815747,-1.1169397,1.1289338,-3.2442071,2.281232,1.8890887,3.8958018,4.1886477,7.383638,3.0494852,2.920349,3.819501,4.059719,2.077747,3.5304396,0.38702768,-0.7676243,-0.820798,3.4272127,fearful
-612.7451,52.6915,-7.3642793,12.544437,1.1422223,-3.7238367,-6.489255,-13.312788,-1.1279377,1.4672345,-8.967387,0.5895112,-5.412179,-2.530513,-0.0014364438,-6.6554613,-3.769307,-2.4174302,-3.2816045,-5.072663,-3.2637167,-3.6966336,-4.8890886,-0.34714693,-3.813068,1.8862548,0.11782543,3.29731,2.0589633,2.9062238,0.36424896,2.883354,2.4744585,5.2347293,2.9910808,2.4102917,0.81964976,1.6084769,1.7198261,3.5750551,disgust
-611.05896,69.74336,-11.498702,16.442074,0.37430114,-3.511757,-4.182167,-16.313976,-8.02979,0.74043095,-9.113893,0.44925952,-7.413366,-3.3795326,0.87059796,-7.525786,-3.5259051,-3.164544,-3.0260437,-3.995687,-2.8938057,-1.0083055,-2.7589083,-0.3695162,-3.8897476,1.2668377,-0.88165873,1.832063,-2.0313356,3.3303208,0.33932382,3.5555015,2.1439834,4.029711,1.6466087,3.0985186,2.3743813,2.3066878,-0.29219455,0.92880136,disgust
-641.3567,53.7143,-4.8650775,3.716919,0.3239255,-4.1076612,-8.438688,-16.034115,-4.7241635,-1.0292611,-8.046721,-3.2976325,-8.686862,-5.274889,-2.425638,-10.248554,-5.946798,-3.1893086,-6.6229043,-7.3476124,-4.642235,-4.581555,-6.2399216,-2.7242768,-5.39847,-0.4912892,-3.0701914,-0.88550293,-1.7368063,-0.5030034,0.6862658,1.507747,0.40134507,2.178337,-0.5893222,1.6145829,0.68835586,2.6658385,1.4283618,2.574842,disgust
-626.0834,56.503174,0.22062549,4.6188345,0.45976025,-2.8231893,-5.3426104,-13.317151,-1.6726723,0.17903891,-6.3845296,-0.23012409,-9.834822,-2.2793508,-1.9429153,-10.309563,-3.5400128,-3.8184934,-5.3123803,-5.028373,-2.0050957,-4.645405,-5.356317,-1.8641783,-4.470938,0.67468965,-2.5334299,0.2897633,0.3327903,2.6692016,2.1208384,2.290327,1.0611461,3.839402,1.0743505,3.265824,1.5101467,2.508134,-0.103064656,1.2829825,disgust
-554.4965,51.066383,-14.780152,8.206827,-0.94260186,-7.1936007,-10.566627,-13.141659,-3.1538608,3.0340044,-9.774207,-3.5367303,-4.831952,-3.9656577,-4.6920476,-7.3560414,-4.47644,-1.9962684,-3.6685734,-0.7611466,2.553519,1.332971,0.16414057,2.1057346,-1.5223643,4.453234,-1.0474364,4.3772388,3.5002775,6.8877945,3.7153947,4.2817,1.018486,3.1359055,0.4654727,2.5304868,3.0666678,2.1629674,1.8733389,2.3510816,disgust
-514.75336,50.85848,-20.525362,-3.6083038,-9.386665,-9.762219,-8.020327,-20.655445,-9.601513,0.78853905,-12.536701,-3.4497304,-10.612611,-6.9723372,-6.22135,-8.533515,-2.5920327,0.16928926,0.68857515,5.757206,2.1519895,-0.90572935,-1.6465577,1.7170674,-1.6591737,2.5623088,-0.43510967,-0.32437977,0.060174357,3.1026745,0.56731063,3.0773783,2.2893207,4.4441676,1.7915967,4.5456653,3.6681316,3.7633443,1.9502783,2.340403,disgust
-513.46985,39.642765,-11.139096,2.2580094,-2.5050058,-12.405593,-11.31503,-17.17408,-1.6089993,1.8580765,-12.954045,-1.3442726,-7.284284,-7.322299,-1.9116937,-9.011245,-2.2661614,-0.8952345,-6.9616485,-0.32733053,-1.0630487,-0.9495809,-0.6372458,0.58388394,-0.8909727,2.4738579,-3.526707,1.9013115,-0.11239091,7.4871197,5.400416,7.102485,3.0949507,3.3631651,0.46399698,2.9023197,1.9478351,1.776997,0.23125894,2.1200328,disgust
-525.89026,39.217724,-10.682054,-1.9631305,-2.3002641,-8.997865,-6.9477215,-15.154997,-11.542881,0.07171427,-12.584118,-0.47300294,-10.839875,-5.62448,-1.0489768,-9.025076,-4.8014474,-2.6516054,-7.4849186,-4.024463,-1.3318533,1.9310579,0.8022107,2.5688384,0.23705597,2.7515388,-2.0676942,3.6819763,0.06247241,6.979129,6.084967,7.4545736,6.2415204,6.003053,0.84461635,0.5061857,0.5235757,3.4211674,0.4273576,0.5059668,disgust
-623.61957,54.105648,-9.283291,4.969432,0.14891142,-8.591711,-5.578767,-12.96448,-6.3628726,-1.5041765,-10.190439,-2.606505,-7.735828,-4.377514,-4.6674886,-8.418748,-4.2930875,-2.0439775,-4.23453,-0.2356888,-0.12970859,2.376914,-1.2633923,2.01069,-0.7825142,3.2848008,1.5685406,4.3982925,0.16142358,1.1015717,-0.5889534,2.5487018,2.1723418,5.0932984,1.1169797,2.8562546,2.417191,3.067481,1.3279283,3.543333,surprised
-595.3377,51.636086,-4.1012564,6.482227,2.9292092,-3.4959588,-3.1771576,-6.944543,-6.5674715,2.3084168,-6.131372,-0.7727268,-4.8564906,-0.99982363,-0.31830752,-4.405336,0.1866699,1.6437553,-0.44452992,1.714189,0.5182187,0.83031315,-0.88616943,3.6313398,2.7427237,4.309669,0.52195406,3.331475,2.1134243,3.6879814,1.4071485,2.4750607,2.4116223,4.632784,1.7420965,2.4986615,1.0647913,2.2727044,1.7341801,3.8021004,surprised
-614.53375,43.985233,-6.376625,6.066838,0.47354946,-5.7250314,-5.1127653,-13.346576,-6.285256,-3.77908,-7.5825253,-1.7364697,-8.30691,-3.033882,-1.496031,-7.5961742,-5.088084,-0.8927743,-4.3993635,-3.218838,-3.3970268,-3.3237748,-5.0974207,-1.9455012,-3.333473,-0.89905643,-2.1752548,2.3356938,2.1187963,5.4278984,3.782617,4.0944858,1.1796577,0.92474914,-1.4038098,1.2858094,1.522617,4.57858,2.638281,3.2848887,surprised
-607.887,44.447006,-4.1559854,3.13709,-0.514319,-7.9539294,-7.173358,-17.410475,-8.672376,-5.080431,-9.27248,-1.2176529,-11.731789,-5.0613427,-4.581567,-10.201479,-5.874998,-5.578647,-5.898189,-4.362833,-2.193636,1.2255675,-3.0765831,-0.24007298,-1.1118863,2.9643512,1.8282807,3.6259046,1.7280755,4.5563025,3.1068354,6.9096484,6.649496,7.7613416,2.973946,2.2072315,-1.2680743,1.295369,0.74707496,3.6140125,surprised
-550.4464,47.83029,-10.444942,2.1707234,-0.4994731,-8.117577,-8.721621,-14.098088,-4.0440264,-0.4196949,-5.9862375,-1.2900528,-9.497089,-2.603856,-3.8996902,-3.3692253,-2.41775,0.25746384,-1.2229068,1.1844686,3.2209442,2.6887689,2.0630748,3.898291,0.08699884,4.1420674,1.1398513,3.317038,2.8463974,6.1340637,3.1075237,4.5553575,0.5793846,4.088281,2.0935814,3.5449402,2.52612,2.96529,1.9228557,3.155291,surprised
-530.0137,39.484547,-17.308502,2.9783745,-4.3088083,-11.85934,-9.304475,-14.269716,-4.489646,-0.5825906,-6.697399,-3.3029892,-10.506746,-2.7029908,-2.4206474,-2.1310313,0.20594162,1.4363096,0.7239118,2.0693014,3.3857076,4.085503,0.83147454,3.8258228,-0.09916308,4.7157283,3.8842955,6.7261386,7.4915166,10.487635,5.3655214,5.4171643,2.22409,4.833945,2.775097,3.6393156,1.6341939,0.17594075,-1.2541292,2.1028285,surprised
-544.15106,46.088703,-6.215229,1.7002075,-1.5024858,-9.421361,-8.333727,-12.512906,-5.706287,1.44206,-10.515777,-1.0138404,-5.599633,-2.5125997,0.15254866,-4.496955,-2.850113,-0.7438656,-4.8213196,-2.3631282,-1.5836688,-2.0715804,-3.620892,1.7529516,0.6694535,4.8669796,1.7674294,5.0280967,3.1815367,4.1691756,3.2231784,3.5593417,1.5956154,2.726353,1.2742954,2.2692454,1.2429883,2.1964047,1.8342283,2.273409,surprised
-564.6765,40.001114,-8.843197,-5.985014,-3.8651438,-11.443148,-11.841589,-15.21317,-8.644645,-1.4729351,-12.173673,-3.8562138,-11.875544,-7.220604,-5.679841,-10.6974945,-5.6427836,-2.5706635,-4.7271175,-2.341522,0.4472732,0.25729898,-3.6839387,1.1416309,0.46480775,3.879979,0.07000675,2.2575748,1.081997,4.009965,1.6843485,2.0267653,0.20759645,2.066992,1.1621629,2.5370073,2.6491044,3.2317088,0.9789803,1.9252396,surprised
-734.8146,65.16496,3.167181,11.046907,10.18708,1.6958419,-1.0456296,-1.9742696,-4.389915,0.97171277,2.0313861,-1.2649983,4.4575443,0.59623873,-2.0932639,2.7946608,-3.7401452,-0.89031005,1.6417305,0.55606604,-1.6548992,0.40927964,-1.719661,-1.003056,-1.6185012,0.54518294,0.0054581007,0.5334024,0.5793502,0.06887032,0.23921838,-1.722873,-0.2994107,0.7408334,-0.121441364,1.1071898,-1.1285359,-0.9887008,-2.4712963,0.023274276,neutral
-725.99884,65.8402,4.7694855,10.2365055,8.644426,3.1547225,-1.8746309,-3.1766026,-3.7846096,1.9564545,1.9077767,-1.3699131,5.319067,1.3982469,-1.4559346,2.1448069,-4.3703995,1.0508834,1.1726539,0.6609612,-1.2410802,-0.1554023,-1.1041986,0.33069336,-1.1764053,1.7848787,-0.08737437,0.5571652,1.1622837,1.0189534,-0.16764069,-0.3793694,-0.041677725,0.49191913,0.53470427,1.1669784,-0.54813445,-0.450817,-2.5081687,-0.53706235,neutral
-719.5033,59.17181,2.500341,8.868761,9.854473,3.8878243,-2.506741,-5.5320134,-5.017734,1.4925103,2.9814186,-2.317413,5.3672814,1.0806074,-1.652178,4.977319,-4.3939342,0.4769854,3.264671,-0.22475185,-2.1186182,0.9931813,-1.9294856,0.04803332,-1.1835734,0.8604676,0.4446839,1.0326191,0.30604282,0.6597943,0.10327358,-0.81588495,0.43944708,0.6267995,-0.57965624,1.534963,-1.6032081,-0.5931594,-2.9350903,-1.2984945,neutral
-705.9097,55.788624,-1.4032239,11.167459,6.9572167,3.0263376,-2.9284172,-4.6762767,-7.9808636,2.0840473,2.1951425,-3.872431,5.207421,-0.7260746,-2.5229638,4.2500305,-5.7334375,0.808763,2.6116352,-2.2069495,-1.3070394,0.1674845,-1.4417698,-0.18311246,-1.1504412,0.61316013,0.3339777,1.371821,0.8655332,-0.31078103,-0.16623685,-0.91295797,0.108161926,1.0856419,-0.22309129,1.3445257,-1.9135585,-1.0377367,-1.7525982,-0.13540995,neutral
-728.08527,81.58203,7.9868565,16.974941,13.6247635,5.229022,-0.7162285,-4.2344694,-3.907254,1.5260094,-0.5085016,-2.5430388,8.590849,0.6454121,-1.4744716,4.572159,-3.5329087,-0.8993464,1.7650071,-0.7797575,0.16050664,0.66335636,-1.2312611,0.15652668,-1.0446128,1.0795894,0.27066445,0.36213106,0.70979494,1.147899,-0.03924119,-0.15906315,-0.085568994,1.7028695,-0.30649424,1.8925192,-1.3873774,-0.11874457,-3.7377696,1.3527846,calm
-734.1456,75.03531,4.2128067,13.393241,11.082356,4.4518337,-0.5450855,-2.0135791,-3.5024095,-0.045682196,-0.8879442,-3.3038785,8.243014,1.4146935,-3.8372166,3.8010259,-4.1141253,-1.6198592,1.8166236,-1.8835659,0.0009911809,-0.9783161,-0.5341457,0.36960453,-2.0109677,1.873994,-0.54009104,0.20365793,0.37602678,0.6166046,-0.4179104,-0.34035754,-0.858868,0.64781505,-0.61804456,1.2096286,-1.6638851,-0.97908723,-3.084458,0.842078,calm
-723.6237,67.2669,13.466118,13.025597,12.038565,5.5050845,1.8008773,-4.2568183,-4.0772347,2.8865576,0.6930324,-3.1057744,6.627595,1.9210223,-2.2883246,5.396726,-3.877383,0.6097396,1.869851,-0.59852767,-0.7941349,0.42638206,0.17515332,0.13556138,-0.10893949,0.71266466,-0.029429492,-0.11363669,1.6578376,1.3451147,-0.15763035,-0.72849196,-0.23946922,0.7374359,-0.108626254,2.416676,-2.6139917,-0.07072398,-2.8143585,-0.13872433,calm
-729.8632,64.629524,8.527917,13.22914,9.263226,3.533572,0.5517965,-6.4787264,-4.6929126,2.5857427,0.60769266,-1.2363279,6.2950892,2.3008485,-3.8617225,7.6588,-4.207852,0.9229838,2.9979568,-1.6397077,-2.1326416,-0.2623039,-0.3507479,-0.22984555,-1.1279296,1.3208001,-0.17024206,0.34564945,1.2024417,2.3676343,-0.24982083,-0.29161325,-0.14217739,1.6298501,-0.9099645,0.7396916,-2.2467444,-0.33929422,-3.688822,0.13742423,calm
-741.59674,70.56581,7.477882,13.400219,13.70776,5.4733286,-0.4885074,-4.239958,-4.8726034,3.6346674,3.4674091,-1.0398734,4.4185476,1.0453008,-3.1299486,2.3254185,-2.9128048,-1.0425421,1.6291625,-1.1939071,-1.8665446,0.07129091,-2.1315682,0.20116082,-0.47005248,0.106361166,0.49142724,0.09468412,-0.11350778,1.3446192,-0.17517716,-0.5075959,-2.118745,0.38546643,-1.4844066,2.0205417,-1.8240168,-1.0420316,-3.7267237,-0.73597044,calm
-711.7801,69.22627,1.2070616,8.308732,11.9555645,4.267732,-0.41052678,-3.9175282,-6.6882663,0.48475873,3.310634,-2.0079782,4.3379354,-0.55458325,-3.2925653,2.5552337,-3.9337256,-2.0172274,-0.15713546,-0.21859686,-3.0052965,0.39034888,-2.8816957,-1.5888604,0.32313222,0.46298587,-0.8610182,-0.28209543,-0.73564225,0.30791646,-0.5813949,-0.85667306,-1.3360777,1.4103805,-1.5599519,2.046532,-1.1372064,-0.8126863,-2.878691,-0.65962917,calm
-711.4437,59.387497,2.3157315,12.316387,10.619163,2.96564,0.91424257,-6.602664,-6.543817,3.1891108,3.096279,-1.2436765,5.909572,-0.248275,-2.5777168,5.170935,-4.216706,-0.8861135,2.4009376,-0.8753473,-0.92880446,1.7174162,-1.1874682,0.49032137,0.86581093,0.61164546,-0.13556357,0.4279825,0.1369366,1.6647625,0.10142595,-0.81732786,-0.8468708,1.4570148,-1.1181072,1.9953899,-0.80498564,-1.2760777,-2.6568496,-1.0224682,calm
-717.25305,63.575275,0.27463457,11.083465,8.590074,1.1136767,1.1255242,-5.2644086,-7.439934,1.9341638,0.77971256,-0.5177023,5.413074,-0.29111928,-1.3315121,3.6596816,-3.9087207,-0.7775873,1.9962016,-0.3287258,-1.8040164,0.42030725,-1.4237233,-1.5147067,-0.5942794,0.34526145,-0.5012702,-0.83854526,-0.44272292,1.1430058,-0.6079475,-0.54176587,-0.5617669,1.1768794,-1.9598601,1.1848364,-1.3505074,-1.9587803,-2.7210543,-0.50022244,calm
-669.861,60.157925,-6.026157,10.191509,8.39052,0.61977994,-3.727356,-4.2659435,-8.108515,2.0843651,1.6950756,-3.4443834,5.5039115,-1.2909378,-4.623499,3.7135227,-5.4021325,-0.2664214,1.6927416,-3.035004,-1.5722218,-0.66442895,-1.6969732,0.81964874,-0.30413002,-0.9344239,1.2824012,-0.1907559,-0.8491757,2.4129803,-1.3096976,0.5104727,-0.917966,0.7622845,-1.0387048,2.0579116,-2.4789908,-0.36580822,-2.6679153,-1.7824217,happy
-672.16754,60.620533,-4.723746,9.176288,9.570807,1.5910957,-4.388345,-3.302018,-9.017384,1.0226805,2.4498656,-4.2202334,4.911708,-0.6702163,-6.5777073,3.5700254,-5.770849,-0.6194836,2.8266625,-3.1759841,-1.564413,0.5299858,-1.7257029,1.0255607,0.47767767,-0.74403083,1.3411514,1.20584,-1.1393195,3.0251238,-0.7532056,-0.5179545,-0.23066036,2.216172,-1.032151,2.5603766,-2.0544322,-0.6744127,-2.3676572,-0.14702483,happy
-661.9741,53.927197,-1.4531968,9.362548,4.753346,3.6835709,-6.153078,-5.1524515,-9.1705265,0.19828597,0.834732,-3.5217652,5.079287,-2.7155228,-2.7565084,2.4371939,-6.919855,1.6758176,0.112624675,-2.4505153,0.31929582,-0.63690054,-2.3027897,1.2324718,-1.658275,0.57430476,-0.30702218,-1.2323713,-0.21442881,0.46868888,-0.98261935,-0.66444063,-0.46816978,-1.0389541,0.1753514,1.3656033,-1.8150451,0.6861963,-1.0382382,1.2219789,happy
-642.75507,54.24137,-2.747751,9.893187,2.6804857,5.015293,-10.037734,-7.130792,-8.172942,-2.839638,2.2852902,-6.4560637,3.9615893,-3.042413,-5.1233797,3.0724812,-8.175391,-0.40009534,0.64931864,-3.000559,-0.7309241,-1.0851676,-3.0968187,0.38914186,-1.6192014,0.6651796,-0.13006116,0.42471525,0.82603765,2.0996242,0.5569759,1.6997789,1.9502245,2.04225,1.219215,3.5830922,0.32648656,1.5673892,-1.7441871,1.0549425,happy
-587.16235,56.512714,-9.394261,10.531567,9.08802,0.8927859,-9.640779,-3.648036,-7.728915,0.2691763,1.2600625,-7.9767756,4.283991,-1.5684884,-4.802173,4.4139013,-5.594563,-2.3934057,1.8002942,-2.7473078,-2.3589978,1.3851441,-2.9457545,-1.5625193,0.23685178,0.498486,0.3047103,0.056659825,-0.65219104,1.5221236,0.5263932,-1.1689738,-0.45428702,1.3534794,0.09081325,3.3043118,0.6515676,0.7320265,-2.3606064,1.9874505,happy
-533.7259,54.160217,-5.7508903,5.1983566,0.80875075,0.32568735,-15.96644,-5.170695,-9.692625,-5.533627,-0.8032089,-8.904784,-1.8422638,-4.5582213,-7.499878,-0.5553175,-8.092992,-4.2306523,-0.849652,-1.5298921,-4.7737417,-0.5535971,-2.9766154,-3.0867693,-2.2212026,0.959559,-0.8894571,3.295864,2.4973545,4.202754,1.8362505,3.3104799,2.6106415,2.963191,2.0847054,4.1952085,1.2225745,2.2028008,0.2582157,3.9855895,happy
-528.9386,34.86986,-6.726167,-0.6163431,-7.2309036,0.869774,-16.139784,-7.7680345,-9.186016,-5.827168,-1.424263,-7.817798,-2.1890435,-5.32792,-7.1902146,-0.64129996,-8.505938,-0.6264263,0.16743919,-2.0541453,-2.0872848,-0.9098838,-2.546191,-0.45018575,-2.3120189,3.8350132,2.6141596,6.514633,5.9648714,6.350336,2.4664168,1.0344414,-0.27274066,0.68994236,2.051979,4.853375,0.99493533,0.3981485,-1.0546898,0.72935814,happy
-547.847,40.49422,-7.2784524,0.5489731,-6.6678534,0.9105975,-13.983381,-6.798316,-8.340428,-4.8187084,-0.6839784,-6.6309476,-2.2119057,-2.6648734,-7.2936587,0.45555216,-8.119936,-1.5043046,0.07541381,-4.7414026,-4.072587,-1.0290185,-2.847532,-1.174844,-2.4138346,1.8761812,0.45783746,3.7797852,5.584086,6.9971437,6.4199133,4.8065357,1.442756,0.5529275,0.8472252,2.5428221,1.7103477,1.0753723,-0.9571173,1.0064055,happy
-715.08704,73.04636,16.80987,14.810087,11.212738,4.96883,0.10962023,-2.6812353,-0.931558,1.7429627,3.4557836,-0.9535786,3.3777173,1.7181412,0.36952493,4.665171,-4.15124,0.8328156,0.7484408,0.30184153,-1.5952092,-0.95621985,-1.8168819,0.009156363,-2.3764236,1.3431536,-0.6935715,0.8437325,-0.09391489,0.5129628,-0.83191055,0.6039959,-1.3478562,0.05151813,-1.1637381,0.2975606,-0.93061966,-1.0216032,-2.9205651,-1.8159521,sad
-725.8035,72.587395,11.854309,14.323845,11.665647,4.856667,-5.94785,-5.3229814,-1.6262289,0.7581807,1.560474,-4.0757856,3.6117845,3.1190145,-1.3447641,2.5223572,-4.7888083,0.3627691,1.0358299,-0.93455935,-1.9053664,-0.4907802,-3.550316,0.14232212,-2.6094959,1.6210309,-0.5173335,0.53564864,0.045708798,0.59505254,-0.0056578196,-0.42350674,-0.97146106,0.3437805,-0.22649717,1.4575762,-0.85470533,-0.8932953,-2.851363,-1.2011787,sad
-726.95374,69.18695,10.819095,12.027652,11.146479,4.227093,-3.0377607,-3.7431943,-0.78786147,0.0063198525,1.5453393,-1.5759897,3.2766192,0.22580624,-0.06592045,2.6884096,-4.1153173,0.8606523,1.0981853,0.6922278,-1.5111132,-1.5431043,-1.2370331,-0.7025452,-1.2392336,1.8623705,-1.5741298,1.74937,0.668643,1.251109,-0.65131617,1.0473692,-0.6362849,-0.17761473,0.06698933,1.2980896,-1.4847766,-1.2891794,-2.9392025,-1.4208804,sad
-710.92035,65.2308,9.849814,9.7653265,7.4160476,1.9257982,-5.4587855,-5.6746793,-3.5124679,0.18084735,0.37560177,-3.5232987,4.9932675,1.3136164,-0.79266655,2.5942361,-4.538095,-0.038574114,1.954941,-2.0087495,-1.4942777,-0.5974628,-2.4956198,-1.2095897,-2.1277776,1.8024957,-1.4212039,-0.032206915,-0.42045206,0.8842431,-1.2745621,-0.2330823,-2.2626173,-0.83805484,-0.20285828,1.0732554,-1.3865619,-1.755507,-3.4128568,0.07247812,sad
-670.48975,69.14567,1.4745611,14.177929,8.40337,0.877411,-6.597731,-5.4009314,-3.916916,-1.6443073,0.5758075,-3.7368765,4.9927073,0.0034128826,-1.1052802,5.549654,-5.5390983,-0.43615314,1.7533174,0.033277195,-0.21547917,-0.023892827,-1.0860255,-0.9827923,0.120062895,1.6724448,-2.4667363,1.6342901,-0.24542186,1.1605201,0.31219515,1.1183798,-2.9525821,0.5076194,-0.9010066,-0.10241726,-0.18945585,-1.1841366,-2.2456663,0.054694492,sad
-677.95807,60.66542,8.309715,15.885356,8.442338,2.6327078,-6.572647,-3.8216527,-0.53043073,-1.3375758,1.083158,-2.3469512,2.5996008,-0.07307157,0.29735476,3.4854705,-4.52112,0.7959145,0.6426099,-1.1128737,-1.1153971,-1.8763669,-1.7349308,-0.30176413,-1.3299181,2.7579517,-0.774957,1.0866392,-0.69971704,1.3490776,-0.058969937,0.014013303,-2.6881018,1.468761,0.55829316,1.02295,0.6268055,-0.5698555,-2.4807253,-0.7787518,sad
-692.9509,67.118835,13.567043,8.548918,8.868987,2.9842868,-1.7321854,-3.3066938,-3.3019912,-1.8717877,2.928299,-2.3781807,5.36411,1.4448681,-1.2235239,2.8026962,-4.447089,0.50821835,1.3840309,-0.5024746,-3.131356,0.00958805,-1.1554492,-0.48705912,-0.8369025,1.2718318,-2.1146288,1.7675736,-0.05175817,0.8905537,-0.14924999,0.8101413,-1.5121745,-0.23333187,-0.77640444,1.1986394,-0.9858039,-1.1252888,-2.6977282,-1.3521266,sad
-720.6564,62.024555,18.90057,16.560461,13.295683,5.306736,0.6415808,-1.1384163,-0.40361527,-1.1142806,2.3802698,-1.3499371,3.2912912,0.88876885,-0.72255087,1.7889112,-4.2933164,0.88471913,1.7643844,-0.6768941,-3.5687392,-1.341557,-2.8813574,-1.2338586,-1.8488408,-0.13208179,-2.1180367,0.8547275,0.43073407,0.7631174,1.2757239,0.7537195,-0.5819164,0.09663568,0.02864763,1.9739892,-0.9998491,-0.8555819,-3.1501293,-1.8945905,sad
-619.9331,56.171864,-3.7148824,11.996213,4.1713696,-2.1859405,-2.0937612,-3.707737,-9.226068,-1.8913774,-1.6497167,-4.10823,6.137751,-3.0704002,0.5525658,1.6860392,-5.607494,-1.6976315,-0.5626862,0.7564131,-1.5585171,0.30012897,-1.186676,-0.9133097,-2.5398834,0.058745213,-1.6611958,1.200844,-0.7787917,1.370429,-0.67753947,0.15213545,-1.4085361,0.43424582,-1.3975205,1.3194332,-0.4578369,-0.27251506,-2.3245132,-0.7326166,angry
-573.46936,49.461838,-5.369772,8.394792,0.890317,-2.4914043,-3.7082624,-4.484525,-9.296204,-1.4948007,-1.5512499,-4.906698,4.089007,-2.4037905,-1.4563208,2.559866,-6.5399165,-1.4404913,-0.5200741,-2.3276877,-1.0918647,-1.2255507,-0.44696528,-0.89242333,-3.009715,-0.23059605,-2.207322,0.14142507,-0.55382967,0.5152483,-1.2330486,0.2186749,-1.563052,1.5656523,-0.21973075,2.3558662,1.0844095,1.7257456,1.0396132,3.773405,angry
-574.5772,49.817017,-4.61165,10.488314,4.1976395,-1.5593292,-4.7329874,-4.149633,-14.778752,-1.4775136,-2.2300832,-6.2548,4.418374,-1.6830368,-2.817021,1.1993271,-6.484702,-1.6177899,-1.7040159,-2.2540114,-1.9604754,-1.2342148,-0.77472156,-0.5217833,-3.404948,0.04650253,-2.231461,-1.5894321,-1.082395,-0.36431366,-1.0142256,-0.5229473,-2.3029993,0.5757071,-1.5332937,0.7978545,-0.4343825,-0.99352616,-3.3746233,-1.9021778,angry
-561.11005,46.19066,-6.8934107,8.22735,0.8819299,-3.1236284,-6.275368,-7.091011,-13.950559,-3.1693773,-3.0495632,-7.335205,2.4769924,-3.1468322,-3.5859551,1.2620261,-7.4126906,-2.2239723,-0.8277742,-2.8037372,-1.8808945,-2.1269453,-1.8059814,-2.8541884,-4.6925817,-0.36685872,-4.0586877,-2.2671058,-1.542402,-1.9116791,-1.7090094,-0.7690754,-2.0237534,0.492326,0.30357894,1.2859159,0.066186875,1.0916009,-0.9793572,2.667598,angry
-363.3938,18.774881,-12.651738,-1.4403406,-9.627059,-5.069323,-10.31212,-4.8745184,-8.812354,-3.9425035,-0.58824223,-5.4879503,-2.9651022,-0.88089544,-7.7592545,-2.222697,-7.3211994,-4.4211774,-0.12718402,3.7144165,7.9086637,11.053124,7.5647593,3.985665,1.9729165,4.722982,1.1135815,4.3023534,0.8174302,1.8128067,1.9144272,3.5842507,0.36791018,2.122741,-1.6881572,2.2493713,1.3189652,0.89073986,0.37541434,3.8070805,angry
-420.4946,37.324593,-4.7184596,6.7709246,-0.23654133,-7.091412,-6.5153747,-0.18841337,-8.05397,-0.5665656,-0.25173858,-5.619007,0.44407645,-0.13959657,-5.266504,1.4018981,-5.801893,-3.6631608,-0.8824345,-2.4546053,-2.0160797,2.3839655,-0.3079766,2.0359685,2.4519327,4.659011,1.5872366,4.2578635,1.9584054,4.0146346,4.9055543,4.642643,2.6732442,3.707335,1.1167213,3.971182,3.4768353,3.9263723,2.8527865,3.5110667,angry
-398.1323,24.560383,-13.356354,-3.215707,-9.88788,-3.750895,-11.675327,-5.711853,-11.101495,-4.670384,0.3351234,-4.0903444,-0.961563,-1.9975835,-8.086221,-2.3963664,-9.22037,-4.2745414,-2.563984,-1.1320877,1.8345717,6.9879,5.602127,7.11069,5.873083,8.056887,3.411569,3.6577647,0.32453603,2.8637252,2.2891543,3.4461043,1.643321,2.971016,0.61852014,2.326867,2.06467,1.8502035,-1.0483963,0.8026686,angry
-321.17383,10.130473,-17.117682,-8.233012,-18.115438,-4.4833694,-12.967822,-6.2485895,-9.107482,-5.8999076,-0.59406656,-5.2882624,-6.170699,-5.3202167,-10.435277,-7.9237766,-6.43042,4.3311024,7.9582806,11.84519,10.191017,4.961781,0.9140008,-0.32395318,0.27166703,3.5221124,-1.7235248,1.4820496,-0.81700313,2.9174948,-2.4723568,-1.3748819,-2.2009685,4.31966,3.3308747,4.1468186,2.9898274,4.445048,-0.5667473,-0.7383983,angry
-678.89246,55.4507,5.482715,10.538506,8.028279,1.6363449,-5.9524117,-0.6007127,-3.3456588,0.31007138,0.89162016,-4.472424,2.4098845,1.1174324,-0.5279316,2.5177913,-3.014633,-0.32994583,2.2519252,-0.011914309,-2.4961338,1.190444,-1.7515442,-0.44518036,-1.0995011,0.956382,-0.13192056,1.0025752,-1.4556432,1.3122697,-0.3801873,0.18783669,-1.3806344,1.3635255,-0.7218539,1.5290812,-1.252879,-0.19455713,-1.3894396,0.61543554,fearful
-701.26404,53.454063,11.730711,14.21498,9.113017,5.0550976,-1.9955852,2.060118,0.7770836,1.9202043,2.5396738,-1.4616525,2.2907405,0.8448457,0.9870091,3.5887578,-1.640664,1.2785232,1.9349552,1.6140116,-1.3989538,0.7621526,-1.1161389,-0.7268408,-2.4242322,1.5851171,-1.0666537,1.4976496,-0.14965881,1.2627846,-0.091566086,-0.70673114,-0.40831977,1.8267831,0.9545902,2.7692475,0.28560933,0.8965987,-0.74219954,1.28985,fearful
-628.3461,49.0421,5.160633,9.610722,7.0123773,1.5414563,-4.6221848,-1.0015008,-5.5897083,-0.4950407,0.5755792,-4.370001,4.0506263,-1.2159373,-2.8961647,0.39796558,-5.1664357,-0.4365996,1.2513165,-0.7831145,-2.2289562,0.37478837,-2.0476959,-0.31717047,-2.2681031,0.7176925,-1.3122495,-0.09248209,-0.75964683,0.91047007,-1.1837468,-1.7198768,-1.4128134,-0.2388136,-1.4624828,0.89361244,-2.08979,-1.8230574,-2.4674993,-0.6064767,fearful
-635.36694,57.80622,6.1611114,11.718575,6.632604,3.3905754,-4.1545277,-0.16553143,-5.533987,3.1935518,3.5603113,-1.3778534,5.9186234,0.95638686,-2.3620026,2.3077714,-4.651305,1.0984511,2.2352557,-0.6508847,-2.0099347,1.3055172,-1.6549606,0.46342522,-2.1861913,2.136301,-0.15241057,1.6914797,0.20298494,1.7978013,-0.57623833,0.06345716,-0.10775092,1.1018835,1.4812361,2.6027617,0.05197992,-0.34336993,-0.7154046,1.4940869,fearful
-672.3389,52.180676,8.420519,10.523392,5.4619317,2.2206206,-4.027936,-0.15279797,-2.7772996,-0.32119384,1.4810355,-3.7214966,1.630212,2.6790936,-0.9403749,1.0110912,-2.3264692,0.26408553,0.57711875,0.12484793,-1.6877853,0.6167343,-1.5821428,-0.06975049,-2.19826,1.7773923,-1.2862364,0.76353234,-0.3533167,1.0115026,-0.04590194,1.3576562,-0.57724375,1.2404944,0.33402273,2.4425821,0.85780215,1.3648458,1.5522519,3.6800427,fearful
-497.05197,31.837704,-5.059535,2.7312813,-2.6959696,-4.711656,-11.170106,-3.1746,-4.7377377,-5.7862616,-1.6615183,-5.333443,-2.8009303,-0.8447757,-4.868687,0.71374726,-1.5797141,0.77688426,3.3471372,2.5328708,1.8043758,3.252316,4.4322014,4.228592,1.8897101,6.5520473,1.9511231,3.6985452,1.9014044,2.3748367,0.5248064,2.9473782,1.3187871,2.9559968,0.35428908,1.5753677,0.19643544,0.59261566,-0.044812385,2.8105903,fearful
-496.1069,36.72265,-2.6477776,0.70207536,-3.7182512,-5.36973,-10.280506,-3.6403215,-9.70883,-4.5451717,-2.0689995,-7.0322995,-1.7787217,-2.2149663,-8.618448,0.16644165,-6.1561155,-2.4568255,-1.4150935,-3.7456532,-3.8337846,-1.6189638,-3.2657206,-1.4429321,-0.41222224,3.4149017,1.2433918,5.407509,3.9583974,3.284725,2.0710309,2.756031,2.5554204,5.666693,4.1451626,5.1328998,1.5159122,0.58400387,1.0881755,3.1703544,fearful
-648.53784,52.264565,5.3671327,11.306004,7.73822,2.8415723,-3.858912,-0.36039016,-5.9717803,-0.013518402,-0.7826374,-4.296945,2.524968,-0.89680225,-0.6242959,1.6799252,-5.0984964,0.6530627,2.13688,0.29929504,-2.5716417,-0.9872646,-1.4898491,-0.77282095,-2.0640957,1.498302,-1.5936539,0.84748477,-0.10174635,0.8931375,-0.5087106,-0.48127338,-0.7416908,0.31654117,-0.66981196,0.84734964,-0.92512614,-1.4093325,-2.398681,0.27561823,fearful
-736.5806,69.6731,4.5183806,15.620663,10.2758045,3.322134,0.9451442,-2.5014017,-2.8087704,2.9100673,0.8461085,0.31232858,6.6155663,-0.12127175,-0.056551203,3.2283576,-4.640934,2.0343003,0.79609907,0.033931844,-1.1222594,-2.0175974,-1.1059695,0.52880013,-1.2663106,1.189511,0.38697794,-0.23958099,0.42204753,0.24174197,-0.4467291,-0.15333506,-0.6897032,-0.0035648907,0.36652887,1.1534284,-0.090121776,-1.1359258,-2.039594,0.42481905,disgust
-737.36505,69.49746,5.0256114,16.98983,6.9041157,2.5694063,0.70973045,-2.771231,-1.6705762,3.0728166,2.3515394,0.10693518,6.291175,0.07107424,0.7663683,3.495679,-4.7176785,2.1092868,-0.319458,0.73510265,-1.9508272,-3.0083075,0.045488957,-0.17450903,-1.548216,1.3448297,-1.5418687,-0.07576206,0.26703843,0.28966162,-0.51428807,0.9234681,-0.853183,-0.21901162,0.6014575,0.017723195,-0.5277859,-1.7240674,-1.9443936,1.2945918,disgust
-722.7659,68.6019,10.440035,13.266446,11.145676,4.2643666,-1.1984361,-2.1470225,-0.87661666,2.3288898,2.6569796,-0.48382244,5.280058,0.6365118,0.65195835,1.6641456,-4.136595,2.3368278,0.32893816,1.3075693,-1.9530934,-2.5213017,-1.1353714,-0.78424114,-2.1439788,0.9542385,-0.5912127,0.3815902,0.19623823,0.9002899,-1.0742258,0.6651236,-2.2320747,-0.65117615,0.24321446,0.310829,-0.90370923,-1.0411024,-1.9480479,-0.17149596,disgust
-710.95416,63.11208,9.436494,11.335047,5.099398,1.7339423,-4.2769465,-2.0025225,-2.1755726,-0.24707787,2.400079,-1.2575399,4.0380597,-1.2703549,-1.057578,1.5916622,-4.7666473,1.2863163,1.3630639,-0.4886879,-2.8190408,-0.82574123,-2.1239848,-1.1025766,-1.4992764,1.6593047,-1.0907916,-0.40418944,-0.8763421,0.16891752,-0.7297112,-0.1588238,-0.85813487,-0.5937412,-0.17047116,0.107740104,-0.8485005,-1.6471126,-2.6195605,-0.018124277,disgust
-641.29614,55.834923,7.848878,11.521798,5.853198,-1.0855134,-4.9572196,-1.3007579,-2.007993,0.4001705,0.9860715,-2.617468,1.9506248,-1.6169454,-0.50244313,1.9317759,-4.9636455,2.2079399,0.12925024,-0.7222293,-3.4260762,-2.0326357,-1.5315136,-1.6301111,-3.4996557,2.1306174,-2.234379,0.82822794,0.23290512,2.0666482,0.293361,1.2751166,-0.03967005,0.86118996,0.7418637,1.4296604,0.21388769,-0.37821186,-1.8312112,0.7269322,disgust
-622.2064,66.1539,4.201239,12.631676,4.1384897,-0.18064289,-4.70431,-6.0977774,-3.8976207,-0.3498434,0.05557289,-2.4832284,4.4470663,-3.1544058,-2.3679633,2.7377257,-4.144587,2.0485587,-0.023279762,-0.41052803,-1.1034654,-3.3842793,0.5767107,-0.84044516,-1.9512688,3.1517558,-1.2126881,0.961256,0.6202749,2.1004205,-0.26559886,2.6654747,0.8539438,1.9947494,1.5858241,2.2872436,0.52179575,0.7756737,-1.5946808,0.69171906,disgust
-712.2953,68.96305,14.398189,10.866857,6.763539,3.8003051,0.68012905,-2.577042,-2.4538264,0.064768255,1.121931,-0.25684687,5.6910486,0.45590323,-0.13717124,2.4699004,-3.1349561,1.995117,1.2152958,-1.0199124,-1.810282,-1.4269623,-1.6882433,0.5522989,-2.7754188,1.1359168,-1.0824846,-0.3685584,0.24310209,-0.1471841,-0.80993867,1.0969747,-0.4110132,-0.09614306,0.24652828,0.49390146,-0.7930146,-0.49140012,-2.256943,-0.96644104,disgust
-658.88434,66.78461,4.9451737,9.581894,3.839348,0.8741449,-3.1761332,-3.219341,-4.6174426,-1.3172117,3.0079584,-2.9198625,4.470418,-0.46516833,-0.81069857,1.3547127,-3.5387425,-0.30859414,1.015214,0.15351816,-2.2125907,-0.15603197,-2.2314544,-1.2693901,-1.3376756,-0.11174247,-0.25015208,0.34888583,0.15413755,0.02742537,-0.18348177,0.707836,-1.2782327,0.24072926,-1.0322713,0.7148328,-1.3705037,-0.7652469,-1.8849151,-0.92543,disgust
-612.0017,55.139347,-2.2007544,3.3698037,-1.5124539,0.5524725,-10.55366,-7.24207,-5.6968517,-2.998883,-1.1855987,-4.327684,0.34858632,-4.1216774,-3.8613315,1.092559,-6.4127955,-1.3356287,0.28659922,-0.26082823,-1.0730404,-1.7682148,-1.9985526,-0.12790966,-2.155055,3.1998827,-1.0439799,1.3037152,1.4067283,1.6834154,1.8717704,2.4483635,2.2923467,3.8917952,3.0937989,5.618072,4.15159,2.9074016,0.034566093,1.9478892,surprised
-675.2734,51.406776,0.14517075,2.678106,0.71770424,2.4865184,-6.3215675,-3.497633,-7.4714365,-2.6024773,2.6847224,-4.7758126,-0.10018859,-2.6466694,-3.4303443,-1.0290251,-4.273037,-3.6187754,0.07141315,-1.4891788,-4.334124,1.6128829,-1.324249,2.5999112,1.515057,5.809336,1.4840821,2.836954,0.5388645,1.6783342,1.2841011,2.303645,2.808038,4.8916893,3.091458,6.369164,2.0161626,1.738969,-1.750226,0.62205464,surprised
-695.112,57.232613,3.5423217,7.8346252,1.0523448,2.1742635,-6.0362663,-5.8183813,-6.7821984,-1.380929,0.47105822,-4.5525513,1.6715691,-0.8971309,-2.2255068,0.35979512,-5.4189625,-0.4188527,0.10306611,-1.5459338,-2.6889482,-0.4351912,-2.6224527,-0.59116036,-1.085666,1.6877165,-0.44830072,1.4471462,1.1463408,1.5859456,2.8565588,2.7147274,2.413707,2.456622,0.83235794,4.1005197,0.08062746,2.035423,0.5130392,1.6191748,surprised
-676.91547,46.510468,0.211802,6.5229354,-1.0686176,1.5531121,-6.250492,-5.51349,-4.829916,-3.1521058,0.53553665,-3.5011082,0.7546319,-0.4533122,-2.1087165,-0.7130502,-5.2160907,-1.432216,1.3085644,0.52956563,0.3390943,1.7137773,-1.5038021,0.22602484,-1.8312688,1.8843237,-1.125673,1.032273,0.35790783,1.5508244,3.436999,5.934377,7.1597886,6.6556835,4.544476,4.695967,-0.05306038,0.537665,0.14858775,1.9522039,surprised
-616.9214,47.31682,-0.7378551,6.8238354,1.5145755,-0.25141972,-8.088614,-3.1325772,-5.300172,-2.0986278,0.36171576,-6.1803846,-1.217729,-2.5085106,-4.2003503,0.3779999,-2.6451645,-0.9247178,2.0568938,1.8225017,-1.7447244,2.5412512,-1.4138349,-1.4075029,-0.921889,0.59860593,-1.4530015,2.6063235,-1.2243935,3.3309135,-0.29120505,0.69965327,-0.2781967,2.8337543,0.5868892,3.9087727,2.3678355,2.5721223,0.5138808,0.6231151,surprised
-646.55646,55.284473,6.358398,10.104181,8.305063,4.5785365,-5.0275793,-2.141918,-1.810966,-0.6378984,1.0451176,-1.1157677,2.464597,-0.010021823,-2.389226,1.6089904,-3.1157393,0.18219858,1.7903602,1.4450299,1.0085255,1.464792,-0.068323545,-0.98231924,-0.08507842,1.6348052,0.49534494,3.2006893,1.231889,2.0024195,0.9229758,1.7534429,0.27259356,2.2188964,1.105345,3.1944292,0.9805198,1.141065,-0.27769652,1.602063,surprised
-569.59863,48.375137,0.89485455,3.6051123,2.6562195,1.9218396,-8.736442,-5.9378424,-6.9496937,-2.0067568,-2.0353918,-5.7338305,1.0174941,-3.4064085,-4.469605,2.0543878,-7.0655594,-0.63090324,1.0316,-1.8064063,-2.0187814,-1.6809068,-1.4279926,-0.76423466,-2.3975055,0.96672314,-2.2366347,0.04850214,-0.2948406,-0.6722298,-1.5862639,0.039359044,-0.8807058,1.1031011,0.7609802,1.329782,0.3386065,0.6772605,-1.9250518,0.3902464,surprised
-579.5371,48.4653,1.1091119,3.8003745,1.7155457,1.224426,-7.1990113,-5.246746,-7.204766,-2.8814692,-3.384412,-5.515379,-1.2231034,-4.3387218,-3.3887057,-0.3991415,-5.723363,-0.18555059,0.24066968,-1.4832978,-3.9591098,-2.550943,-1.2359779,-0.9743678,-1.616605,0.91541946,-2.3080115,2.2592974,-1.2723795,1.0027665,-1.0156302,-0.5924926,-0.40878382,1.5742825,0.9933215,2.3482373,0.94531924,0.86727417,-0.73502773,1.1766346,surprised
-761.8684,42.15133,6.37059,10.231775,-5.8406034,-5.97038,-3.898551,-8.260018,-4.175017,-3.4230437,-1.7041897,-5.19563,-2.8175187,-2.025173,-4.5878906,-2.3252497,-3.0416174,-3.244967,-3.4760063,0.18842351,-0.11812907,2.1472847,0.8758748,2.6614892,-1.4719807,-0.14186655,-1.435765,1.006688,-0.67647666,0.34941834,-1.3552382,-0.6660441,-0.9602311,0.9707314,0.77088183,2.5966363,3.1595967,3.3438432,1.3863736,1.7290381,neutral
-755.46246,42.71025,5.3804007,11.044181,-5.3896546,-3.6523907,-5.683103,-7.394467,-1.7592142,-2.7526848,-2.583764,-5.9279065,-2.358476,-2.0004878,-2.7244296,-2.738738,-1.8322479,-2.735357,-3.8592691,-0.73350513,-2.0912273,-0.8921155,-1.1642042,1.9033076,-2.6901035,0.8157557,-1.5996084,0.06607681,-0.3220288,1.4989177,0.6874751,2.2499592,2.2409532,4.6616845,4.7836733,4.007096,1.9180495,1.4352269,0.8820436,1.3726219,neutral
-733.03107,39.995182,2.9514709,8.1608715,-5.8677826,-2.4558198,-7.6159735,-9.189661,-3.153536,-2.8303988,-3.542884,-5.641281,-2.8265438,-3.3239543,-4.908069,-2.808533,-2.9418647,-3.2998762,-3.9017732,-0.0026125081,-0.38947955,1.0870229,1.2272276,2.850554,-3.2552776,0.2940602,-1.7067736,2.6517026,4.603506,6.0273113,3.8283212,2.19135,-0.43786353,0.80741084,0.74978536,1.5874871,0.19022094,1.3433625,-0.97975904,-0.89717156,neutral
-730.4317,44.290592,3.5020993,6.7390265,-9.049101,-2.5017166,-7.4125752,-9.813494,-2.4559762,-4.64713,-3.2110202,-5.363006,-3.0072668,-3.398432,-5.6253476,-2.9970345,-2.957455,-3.44187,-3.1885574,1.3673475,-0.9208084,1.1176012,-0.07715249,1.845204,-3.108869,1.8677458,1.4332027,2.3654313,1.3851362,1.7973801,0.13114294,3.9498346,2.5786738,3.1989522,0.96848255,-0.6291279,-1.2266017,0.786128,0.8962879,2.117021,neutral
-715.00867,38.31449,0.62996036,6.307161,-6.8599014,-9.323596,-8.668892,-8.723151,-4.921005,-6.3450828,-4.115093,-7.0375266,-5.4930487,-3.0914485,-5.061883,-5.1849823,-0.98685074,-2.1816735,-1.9556718,2.5768073,-2.3705685,-1.5309945,-3.1938343,-1.5988603,-4.967726,-1.7525184,-4.0158625,-2.1016324,-3.744318,-3.20542,-3.8911922,0.39877385,1.527476,4.4887304,3.8182673,3.9975343,1.5837526,0.34461942,-1.7463738,3.0663142,calm
-782.67487,39.49441,4.7669134,11.048591,-4.429136,-3.6159098,-6.1949787,-6.717832,-5.1307526,-6.0992613,-3.0449507,-6.9100213,-4.444058,-2.5830662,-6.673396,-4.372264,-3.890361,-3.5502067,-5.6134024,-1.4827702,-3.4175863,-1.9196709,-2.1381567,1.5035621,-1.6435959,0.5402519,-2.0913436,-0.15004344,-1.6356896,0.15573417,-0.10879943,1.9065249,0.98764116,2.908184,3.9656777,6.178714,4.157718,3.1701858,0.53006226,1.9127699,calm
-716.9611,25.100967,5.4440193,7.0739174,-7.1707687,-3.8923333,-8.740297,-8.708581,-4.9814596,-6.8631034,-5.5601816,-7.7635007,-4.989775,-4.6362824,-4.5797534,-4.9296875,-3.8299415,-5.9676323,-5.153101,-2.500811,-3.2243075,-1.195382,1.2186306,5.345945,1.6043098,6.373646,2.6949573,2.548349,-0.1643884,1.354526,-1.7635461,1.1128042,-1.4496502,1.4186412,1.0531814,1.6625549,-0.08868242,1.7681227,0.06598072,-0.29384598,calm
-727.529,31.93897,4.0185676,8.434594,-6.3244457,-5.3667083,-6.9624724,-10.936518,-4.410407,-7.2891483,-5.088005,-9.385754,-5.0374856,-5.6184464,-4.9839864,-3.6304553,-2.594237,-5.9590797,-4.519379,-1.876992,-4.5470767,-2.2588005,-2.8065362,1.3464869,0.35784972,4.1313705,2.730302,4.0236793,1.3764013,2.2209122,1.7730503,5.0697055,2.654506,3.3264072,1.1858003,2.1358817,-0.020481337,2.7237687,-1.1179528,-1.0773952,calm
-778.8709,40.589348,7.282794,6.692961,-4.981519,-4.729934,-4.8600693,-7.6050696,-3.242418,-2.285565,-2.0929437,-6.656017,-2.9612117,-3.2676356,-6.04924,-2.773203,-4.2304225,-4.0128613,-5.1326685,-2.5294566,-5.015829,-1.6608108,-2.8279219,-1.4452516,-3.8619447,-0.30251217,-3.3200374,-0.8824346,-2.1192563,-1.5403349,-1.9479489,0.021338945,-1.2522223,1.4259048,0.746518,2.6036084,2.7138786,2.6880672,2.0506284,3.5364854,calm
-770.4944,31.825909,4.1571283,8.541774,-3.7318044,-5.841391,-6.280077,-7.138643,-5.22142,-5.846566,-3.6322007,-8.19392,-4.418193,-2.8425057,-5.1004705,-3.0120928,-4.1950755,-3.0608575,-6.156672,-0.20930436,-1.2780406,0.9836975,2.1303997,2.783704,-2.158548,-0.29016107,-2.3170028,1.1171095,0.69636023,1.4631503,0.09399703,3.0959408,2.9148824,5.439613,3.8964095,2.6298745,-0.49116606,0.2454774,-0.3807514,0.47699615,calm
-782.0967,42.159588,7.5990887,4.2269454,-5.3072963,-1.0640403,-7.406447,-8.031735,-3.7889621,-2.3464952,-2.4503963,-4.175248,-3.7197804,-1.7800592,-4.9139404,-3.3926702,-2.4393513,-4.366332,-4.6393332,-1.5187821,-4.7116747,0.081297405,-0.15098107,4.0423856,1.9578882,5.1473866,0.7890138,-0.14319937,-3.0522408,-0.07914677,-0.7628375,2.0109813,-1.9518118,-0.19216563,-1.1113338,1.6920016,1.5430863,3.4220612,2.1770742,5.1561513,calm
-747.27576,37.419346,7.1701646,6.8912487,-6.592995,-4.3025084,-8.298804,-10.018537,-1.5247041,-7.164869,-3.1983144,-5.8849325,-4.451324,-3.543079,-6.4155993,-5.1916194,-4.1693206,-5.5264497,-5.7653666,-1.7079674,-3.8649206,-1.8414497,-2.1328452,-1.0385169,-3.3151782,2.787452,1.674593,3.5197911,2.2204258,2.475528,1.4664967,3.6736574,2.922433,4.1262445,1.3276427,1.4223099,0.08101865,3.8794897,3.1844988,3.3501904,calm
-532.58936,27.924519,-16.828022,10.335332,-9.289375,-15.854253,-5.0316114,-14.072316,-1.9848076,-6.496324,-7.260489,1.4989457,-7.534767,-1.2097526,-4.3969727,-0.62243426,2.4477,9.980956,6.8101892,8.211388,3.8930511,1.4056948,3.1145453,4.2210646,1.5968863,3.9506555,0.83736247,0.7565705,-1.2288219,0.15527415,-1.4200522,2.1902165,0.2872905,4.8851867,1.9866003,3.43829,0.4734858,0.4253319,0.45792946,0.91743624,happy
-549.6481,29.457449,-11.859425,0.35977796,-6.8978143,-12.53013,-5.656981,-10.535828,-1.8281668,-5.634955,-6.581183,-3.6074948,-10.018679,-1.346045,-5.212935,1.3739715,4.983662,8.118978,4.239915,4.66763,2.3869016,2.8811269,5.169464,3.798034,-1.2239279,0.96161467,-1.6478872,0.16522937,-0.6757027,1.2893059,0.17281663,3.2434738,1.8419324,2.2909896,-0.7567038,1.2590672,-0.6272882,0.41031584,-0.5310998,0.70319533,happy
-594.15485,27.637175,-10.279879,4.3426204,-7.8294296,-12.604058,-13.927255,-13.136806,-1.9214424,-9.334878,-6.1803093,-3.9176042,-5.224376,-5.6002955,-8.537293,-6.643611,-5.753149,-1.5834346,-3.3160536,3.3553927,2.026562,2.919368,3.2233937,4.4018803,-0.74343157,3.3152614,-1.045063,0.81122994,-0.5848072,-1.0579358,-1.4169164,0.5576746,0.12568738,2.2649453,0.9695499,1.6655538,1.3057034,1.9460984,0.282491,0.27726817,happy
-600.8737,26.246809,-9.045959,1.7545086,-6.6546125,-12.252062,-9.061353,-13.175905,-5.2502804,-8.369119,-8.295391,-4.057289,-8.325931,-4.772612,-9.562261,-6.8581395,-3.853704,0.20571834,-1.0533804,6.571129,3.3330429,3.9329093,3.0117934,2.6547818,-1.8420733,1.042475,-0.6456964,-0.3940278,-1.9573845,-0.7115252,-2.9057035,-0.9138794,-1.8245101,0.5063854,0.28859454,0.48967916,-0.28191707,0.729642,-1.910578,-0.11249206,happy
-453.6955,19.144985,-31.78134,-1.7342113,-13.752521,-21.101568,-4.0192337,-14.430092,-5.8508744,-2.5770519,-11.193909,7.6374393,-1.1721015,10.445075,7.2347517,6.701748,5.4061413,2.069809,-1.087954,1.7748909,-0.57264805,-2.5269728,-2.037737,0.16341917,-1.496876,2.2660887,0.002779908,1.2019575,-0.1813889,1.1189643,-0.24363327,0.5323056,-1.0199826,2.8584328,-1.1220887,1.3143333,0.9770757,1.2208263,-0.021676093,1.6232749,happy
-460.47968,18.814028,-30.853998,0.88492256,-14.175331,-17.10036,-5.5775213,-16.559643,-2.3038702,-7.3935595,-8.460571,1.4354866,-8.997431,3.4144852,0.8990096,5.4734282,8.57411,8.9762125,4.3007007,6.1789665,2.2610226,0.55583984,0.06502595,-0.1573601,-1.4564416,0.12447722,-1.8101681,0.062341347,-0.44432774,2.2843206,-1.4405364,0.7415105,-0.92207015,3.9327009,0.99129385,1.0283618,-0.38540748,1.6274369,0.22041827,0.6231678,happy
-447.18283,11.656695,-38.915676,-1.3164276,-12.199388,-23.307703,-7.4423,-19.176226,-2.9180748,-4.914314,-9.120228,5.3280873,-1.4890343,10.947614,2.4087727,5.3486567,7.592729,3.6473794,0.36830544,0.7333096,-1.3970777,-0.18662253,0.05348371,-0.10257886,-4.2277703,-0.34396827,-1.2387983,-0.029548513,-1.0235666,0.81862926,0.45285854,2.2403343,-0.82834893,1.3799622,-0.08642056,1.9045495,-0.4691559,0.57241654,-1.284516,1.0709916,happy
-470.8773,12.603255,-29.544638,-0.7831914,-9.421601,-21.832766,-5.8566747,-18.652086,-6.147674,-6.880629,-8.29861,6.133313,5.840024,12.891738,1.8376821,-0.51961315,0.5285865,2.434636,-3.0241394,1.4144214,-0.85305405,-1.2503248,1.5165653,1.2531908,-1.3870718,1.532895,-2.081598,-0.87547576,-2.2690754,-0.7740615,-0.0907553,-0.37433803,-2.0116544,1.2025806,0.00010941784,1.2085305,1.2982705,1.5013194,-1.0392364,1.3792852,happy
-707.6434,47.257954,8.621347,15.943587,-4.9849157,-4.8223996,-8.331793,-7.837009,-4.363517,-5.5228653,-2.2440748,-2.988548,-2.6972327,-1.0650426,-1.384332,-1.8808217,-3.4738758,0.55112386,-3.836124,1.2241942,-0.8838172,1.1064215,1.3723993,1.1812141,-1.6822153,2.0325618,-0.936239,2.101376,-0.98673207,2.115993,0.06757232,4.273152,1.4030284,4.9309525,1.7020264,4.8811135,1.2284688,1.029488,-0.7880648,1.2573544,sad
-699.0145,45.163982,4.4032035,7.278832,-6.5218997,-5.016984,-8.025428,-8.163357,-3.1800869,-7.1998386,-4.7358046,-5.5287514,-5.666058,-2.2393727,-2.4509344,-3.1294475,-5.0264664,-2.0903764,-4.3692527,-0.2013448,-3.2439253,-1.7409228,-1.0066401,1.5822465,0.62488925,1.9050305,-0.57331204,-0.15529808,-2.39821,2.516805,2.374054,6.6856484,2.7046993,2.4807684,-0.90365916,1.262543,-0.5365889,0.87820005,-0.76225054,0.14855625,sad
-686.18207,35.12247,3.6223445,11.270513,-7.6468077,-5.2262416,-9.091851,-11.3835535,-1.3617724,-5.7406125,-3.1340113,-4.609326,-3.039445,-2.1611683,-5.4131517,-1.0574362,-3.507373,-0.86244214,-4.2922015,0.7560467,-2.9259322,-0.94081235,0.9606978,5.2949877,0.6978467,5.054924,0.6734658,3.6464708,0.31775162,2.0774198,1.4847537,3.704828,0.3389467,2.2331526,1.0062451,1.5053365,0.25171858,0.9585233,-0.7796771,0.51288974,sad
-676.4511,41.666775,8.428701,10.835909,-5.0554414,-2.9257758,-9.881306,-10.149497,-2.4636054,-6.1467843,-3.2205462,-3.4776483,-2.676035,-2.1989694,-3.848672,-1.6967415,-3.5636065,-0.34865966,-4.123478,0.07463592,-3.8570533,-0.80338675,0.32603535,4.8280444,0.6249205,5.197084,0.8550646,3.0641375,0.46381554,2.0249176,1.4542028,4.8456216,2.9678028,3.2591968,1.2909251,2.0545945,0.699406,2.106664,0.9080815,0.06119553,sad
-620.22723,32.411263,-6.047256,5.8133984,-11.222898,-5.795475,-11.086184,-12.899247,-3.4264033,-4.613022,-2.9506745,-2.615512,-5.794796,-2.2839687,-4.2589946,-5.360855,-3.0333138,-0.056857903,-1.4013004,1.7361768,-0.4048702,-0.33800712,1.1145382,2.9447887,1.8930678,5.1661887,1.9030951,1.4173934,-1.7878617,-0.9640873,-3.1351845,0.029211855,-2.4893916,1.0461096,-0.62125844,0.91935354,-0.22903195,-0.22160737,-1.3275639,-0.56649166,sad
-678.9607,42.616314,-6.0711184,10.16927,-7.2429338,-6.2655973,-9.719107,-11.477017,-4.3141246,-1.5157934,-4.784275,-1.0298954,-4.664544,-0.23160498,-1.3772407,-5.1554775,-2.8184223,0.7858371,-2.8975286,1.192205,1.1976192,1.213611,2.0510721,2.2498024,0.56368846,2.0493395,-0.6680301,1.5769602,-1.6220509,1.2516619,0.4023606,2.9819586,1.1354086,1.5723997,-0.5112766,0.5990832,-1.2692116,-0.22570702,0.20036814,1.0720781,sad
-613.97723,36.53146,-7.6823707,4.694977,-12.375717,-8.899731,-12.28234,-14.919637,-5.1647825,-6.409161,-6.5402884,-1.9851335,-6.518815,-3.862421,-3.814243,-3.864227,-5.0004067,-1.6875188,-3.799624,0.13329704,0.9513522,2.7715108,4.4345503,5.392422,5.5031967,6.931184,3.8315,3.00515,-1.0323824,0.69770676,-0.57365537,1.8020171,-0.7045864,1.0671537,-0.22489469,1.4782879,-1.4859661,0.42408335,-0.4397252,0.918981,sad
-577.787,32.604824,-15.878628,7.4461365,-13.185079,-16.031458,-10.061307,-20.712385,-4.645363,-5.8300223,-11.845088,2.0112796,-9.746998,-4.0126867,-5.807474,-6.343105,-3.2460806,-1.3958571,-1.7401053,2.9558883,5.3951244,4.8318715,8.042821,6.186822,2.3311965,0.067742705,-1.4490359,0.6376911,-2.9249794,0.45203012,-2.438852,0.23622961,-2.6458173,2.0836728,0.9173961,1.4095802,-1.1416438,0.41241747,-0.69495946,0.789731,sad
-599.6231,30.096987,-6.866102,4.2966514,-11.944186,-6.6225424,-6.091555,-9.249601,-3.2986395,-7.1509976,-6.407582,-5.8760304,-4.222874,-0.9763632,-1.7047223,0.3868872,-1.3961494,-0.0950423,-1.0875337,2.7211084,1.3190994,2.8977203,0.5751565,0.21188228,-3.271912,1.0728619,-0.52222043,0.22560188,-1.9127262,3.1165276,1.2609814,0.14674361,-1.0639095,2.2592552,0.6454543,2.5570009,0.49016076,1.487347,-1.2598878,-0.04670461,angry
-580.63416,32.456917,-7.8984056,3.9712303,-11.556729,-8.767048,-3.5943832,-9.672638,-4.453901,-3.9030113,-2.1891642,-3.9951217,-2.8380017,-1.5804813,-2.5767312,-1.4150779,0.31488934,2.0398433,0.27927476,3.3522174,2.255984,2.6844776,0.44415632,2.611284,1.4376318,4.031933,2.8636262,2.1890905,-1.1810448,1.1073054,-0.48273316,-0.32304388,-0.91629934,0.8339473,1.226886,1.9730618,-0.37692732,1.2698087,-0.41627127,0.47605363,angry
-556.45984,27.281757,-10.733337,6.0158577,-14.797639,-11.529421,-6.2487116,-14.938222,-6.037044,-7.1511183,-3.9630513,-5.1819925,-6.2444744,-4.447736,-6.943808,-3.9068432,-1.3492261,1.2689408,-1.1344646,0.8569863,-2.22699,0.09588448,0.026970526,3.7245154,0.93893075,2.483433,1.5994847,1.838412,-0.13785411,-1.2620897,-2.441497,1.3638036,0.70266855,1.3516771,0.8085981,1.081261,-1.4511915,0.1894554,-2.03599,0.23602392,angry
-552.0463,28.871758,-13.224115,-0.6501557,-15.333359,-11.926716,-7.5402217,-15.300576,-7.5602574,-6.2399435,-5.9919076,-7.600222,-4.6225123,-2.0655186,-0.44163612,2.3443964,-0.20534247,1.6642934,-0.09871994,2.7309835,1.7446531,2.2476203,-0.46040386,2.1479073,-1.246283,0.17549978,-1.6904452,-0.27277234,-1.0986553,0.09574094,-2.197076,0.33512503,-0.9175191,1.9663608,0.76019233,0.9650679,-0.16039391,0.9904989,-2.1443224,1.1566288,angry
-378.72028,31.01206,-31.116985,-3.1658878,-21.434238,-16.220343,-4.224244,-14.630978,-6.640712,-4.7879915,-6.3096724,2.3474758,-3.490318,7.0577116,1.7681019,2.1332622,0.6316288,-2.6645544,-4.6156416,-0.035517983,-0.71052516,-3.2297099,-3.1294184,-1.8554877,-2.4435263,-0.37456837,-0.058880683,-0.32207403,0.3787773,0.62422323,-2.1846604,0.18581736,-0.8380941,1.0403715,-0.6367719,1.0139732,-0.3385918,-0.50725454,-1.4234389,1.9326133,angry
-403.8284,25.601643,-30.876116,-4.44904,-22.530827,-17.140957,-4.3604245,-16.321808,-4.056193,-2.9975884,-4.226953,5.1340046,-2.9199326,6.704401,-0.64532703,2.2287874,-1.1391356,0.41210252,-1.8293173,1.0740813,-1.8333805,-1.8864052,-2.4574668,0.1967774,-2.0994127,0.47211954,0.2649122,-1.864365,-0.7718021,1.4280046,-1.9454399,-1.0637877,-1.7002628,2.062243,0.54848945,1.6524917,0.4159341,0.52510846,-1.2559004,1.45644,angry
-381.4566,19.80069,-31.946592,-10.997232,-21.85565,-16.221308,-3.9251583,-18.5646,-3.790056,-2.9941823,-0.925155,4.9641314,-2.4046423,5.1322904,-3.9355404,2.1382287,1.7368615,2.83395,-1.0098758,0.646968,0.5830939,0.015089183,0.19955589,0.18911116,-3.206724,-0.5443776,0.5283786,-1.3910313,-1.9921975,2.0541468,0.7011971,-0.16738145,-3.3703823,-0.56900245,0.29820886,1.6628132,0.3087695,-0.55613774,-0.67625487,1.1698639,angry
-425.39883,25.544857,-22.25879,-3.4773598,-21.862026,-13.384576,-4.280636,-19.718616,-5.521126,-7.535854,-6.905658,-1.4979143,-6.297994,3.1648412,-0.8829288,3.227052,3.029408,1.2568092,-4.7080526,-0.48852813,0.25937238,0.6989346,0.23681319,-0.6451045,-3.9515464,-0.8249965,-0.8631774,-1.9984839,-2.2094274,1.0563208,1.5303457,1.5456964,-1.9326432,1.4411777,-0.67650795,0.7351798,-0.50666225,1.3881502,-2.225812,-0.43171993,angry
-716.0896,40.61326,5.747089,17.398771,-3.309753,-3.6421638,-8.988463,-9.842793,-4.221101,-6.167196,-6.0618787,-5.9585857,-0.6264268,-3.0258381,-2.784284,-2.7181668,-4.9099174,-0.9398113,-5.333121,-1.4469956,-3.5185213,-1.2269132,-2.3169613,0.8038655,-1.0700556,3.3810625,0.83804345,3.5859842,0.6849956,2.5784442,-0.25382066,2.242993,-0.35161433,3.411403,0.89056313,2.8599222,-1.0151033,0.88733727,-0.357867,0.53105515,fearful
-667.67316,35.890144,-2.5674703,9.826789,-6.646574,-1.9442836,-7.353402,-9.185719,-0.8043314,-3.9742844,-4.649303,-3.9770138,-1.6165196,-2.8116012,-3.4231753,-4.576822,-3.602651,-1.735731,-4.647678,-0.6431458,-3.08397,1.1527158,1.4668765,4.5097647,-0.31075686,3.6396568,-0.076270066,2.6237912,-0.12852448,-0.07754812,-0.44069266,2.5791023,-1.159015,3.1757438,0.3839279,1.6683155,-1.1782185,0.6222175,-0.8163149,0.087031685,fearful
-687.9737,36.099438,5.3115954,7.9676456,-4.3722444,-3.9385736,-11.155385,-10.206357,-2.2376854,-9.068699,-5.216747,-4.132553,-3.044256,-5.2971015,-4.490411,-4.0980544,-4.4987454,-2.0721607,-5.86891,-0.081819616,-3.218361,-1.8945116,-1.1907095,0.28366482,-1.6608071,1.8596127,2.6153708,4.5829988,1.115901,2.0029714,-0.18157263,2.8388155,1.6307869,2.7978504,1.2674907,2.0362058,-0.37901396,1.7086923,0.08270611,0.5146006,fearful
-652.93427,33.32345,-5.2970476,9.299892,-4.36946,-7.8623915,-14.514717,-13.211406,0.035277694,-7.444784,-6.4159465,-4.4329414,-1.0851954,-4.3655334,-5.304352,-4.724417,-6.003828,-1.2399992,-5.2510834,-0.2542728,-1.419717,1.2923751,2.5830002,6.1569986,3.3312163,5.1697044,3.4037464,1.6443598,-0.26656362,1.4157653,1.4220545,4.378728,0.13284856,0.9787376,-0.26964962,1.4653509,0.13369533,-0.18702818,-1.8781638,-0.4955065,fearful
-433.95172,8.689991,-33.521076,-4.496004,-15.512367,-15.756144,-5.9831715,-18.45965,-5.049857,-2.765792,-3.3556826,12.450502,7.470247,13.226691,-1.9897014,-4.9530373,-6.254968,0.38975525,-3.3156216,-2.420048,-5.048583,-0.2052397,5.138116,2.9391391,-3.2462404,-0.21569735,-0.46927288,-3.9408736,-4.120631,0.9403051,-0.034191694,0.28774226,-1.6559808,4.319161,0.44765118,0.9543851,0.63576996,-0.45880628,-1.4558507,1.8517442,fearful
-425.64655,9.34791,-30.989576,-1.5222714,-10.384485,-18.181458,-4.227081,-16.28966,-4.5629506,-2.080566,-6.4725614,10.990945,6.7522397,11.958306,1.0391619,-1.2894813,-1.9514123,2.427945,-1.5339968,-2.5298235,-1.9375042,-0.5221479,0.8648669,2.2183468,-1.4323311,0.51673,-0.025904909,-0.7049666,-1.7059789,-0.47648412,-1.9246289,2.379376,-1.6131811,2.2741957,0.886545,0.7687882,0.07741237,1.0392733,-1.0275612,0.7802246,fearful
-495.8739,12.857047,-25.855654,-4.2394185,-14.9303875,-16.359148,-7.6033263,-20.304937,-4.701382,-8.000195,-14.535096,-1.0799041,-1.86934,8.12587,4.8195705,6.7277017,6.7230234,3.8007052,-2.7749994,0.36418426,-0.70500165,-4.2954245,-3.9232607,-1.544105,-2.113412,-0.03385439,-0.6741059,-0.32336566,0.38451815,-0.42478696,-2.386568,2.4861705,-2.7052248,2.1045427,-1.2833592,1.0412791,0.13713774,1.2383732,1.210097,0.48338905,fearful
-473.8351,11.02493,-29.950655,-5.7116795,-15.186302,-19.233698,-9.002967,-19.791588,-4.088982,-2.8884077,-11.525628,1.7175497,1.2959666,10.596417,8.227305,5.745253,2.585751,0.74775857,-3.3833764,1.208486,-0.28384894,-2.7593966,-1.712267,0.47033995,-3.1351576,-1.1451623,-0.494098,-0.1774042,-1.7706578,-0.6467814,-1.1399463,2.608652,-2.127132,2.380993,-0.2639547,0.98294455,-0.3208658,1.6031885,-1.1004419,0.28744337,fearful
-582.9301,29.21143,-5.294063,3.6960645,-7.645316,-6.507093,-12.999515,-12.314412,-6.521056,-5.254243,-3.858042,-5.8116035,-2.3026721,-2.2394855,-6.5460296,-7.020156,-6.433447,-2.8615448,-4.3609066,-1.2261019,-2.3851693,-0.39437053,0.469646,4.203667,2.8254173,5.934345,1.5071056,3.8759682,0.67801213,3.571856,-0.6354916,0.38038293,-2.5290055,-0.05632536,-1.8723568,0.19472967,-1.2196475,-1.1866645,-3.9772606,-1.1161224,disgust
-654.2288,41.180656,-4.1144147,-0.69480497,-8.844093,-9.899893,-10.331767,-12.164464,-4.580062,-7.468296,-2.0776694,-2.7335422,-6.490161,0.29973438,-4.355154,-4.4692416,-5.0368013,-1.8913584,-4.003787,-1.9762955,-3.9116945,-1.3213379,-5.441893,1.6597998,-3.2573204,-0.3940006,-2.059421,3.3170812,2.3928204,6.286606,2.1586802,3.8987353,0.23927446,2.3026156,-1.1001183,0.6238285,0.03013117,-0.13883579,-0.2296852,0.2366783,disgust
-654.1124,31.270487,5.1927824,1.248004,-4.855227,-3.5602026,-7.2659345,-7.7535977,-4.9388785,-7.237134,-3.2448833,-2.9858344,-5.250296,-4.392149,-5.089876,-4.462827,-4.5720077,-2.1101832,-6.2960014,-3.5324624,-4.6425047,-2.2405996,-2.2424343,1.3275139,-0.2042894,1.9562671,0.32649297,1.6913183,-0.44252318,2.3832884,-0.014354232,2.572678,-0.25690812,1.1852343,0.21187535,1.938472,0.12604736,0.5668844,-1.2360089,0.82609206,disgust
-569.078,38.730885,-1.7508451,1.7500887,-14.200839,-9.434873,-11.453416,-15.36566,-7.258834,-9.040614,-7.254712,-3.0499861,-5.6940536,-3.8291674,-5.367947,-7.04834,-5.3901525,-3.0205247,-4.606288,0.61268735,-1.4028274,3.039226,2.9802983,5.5646944,4.4110227,3.5511692,2.2669134,3.2278116,0.20421043,0.0929748,-1.9419316,-0.5207455,-2.9474494,1.2437869,-0.87373155,-0.11406991,-1.4051158,0.3108579,-1.3674951,1.1390123,disgust
-516.341,28.208961,-16.024342,6.8478055,-19.09361,-13.497297,-13.28483,-19.481457,-5.9698443,-1.8746402,-4.677218,0.9554498,-6.220265,-1.8073964,-4.7086334,-6.2494974,-5.5761347,-1.1893198,-5.732238,-0.24781696,-0.93326235,-0.59303147,0.8740606,-0.040134564,0.3820713,-0.18686219,0.11492451,3.4464056,3.8631139,5.3903875,3.228984,2.3431966,-0.09207701,0.98514664,-0.76843524,1.2199166,-2.3330219,-1.4992285,-2.1811192,0.69333744,disgust
-602.0493,33.115124,-8.673018,4.865855,-13.485521,-6.0586243,-14.415537,-18.758059,-3.4331427,-8.065067,-0.13854165,-4.388662,-5.127619,1.1318312,-4.5509453,-5.218651,-6.812409,-2.0223298,-7.180728,-1.8927642,-3.7927914,-0.8104809,-2.7539573,1.3512146,-1.5222665,1.6507548,-1.141298,2.317815,2.0123382,3.4917016,2.3961308,2.9011583,0.7641068,2.086858,-0.024600888,0.66490585,-1.6747777,0.01700739,-1.6009127,0.024105689,disgust
-598.75256,35.19211,1.5065535,4.444161,-9.856232,-8.856388,-13.587931,-10.984362,-4.895054,-7.1387763,-5.8478513,-4.2418675,-5.269292,-3.3042154,-4.451305,-5.2238207,-3.3837116,-4.518751,-7.6635633,-2.2165408,-5.9750648,-2.3076785,-3.7031689,1.4172183,-1.5386362,1.2815052,-0.56556517,1.4478122,-1.2206867,0.5042854,-1.397571,2.0137274,0.60890687,3.0594716,0.025958234,1.0007168,-1.4749045,-0.20303462,-1.1378506,0.6018107,disgust
-585.2383,34.30031,-8.202142,-1.0190234,-13.929168,-11.020874,-13.376983,-19.725996,-4.547654,-8.787423,-6.374769,-2.6447086,-9.024446,-2.1745355,-6.5851026,-6.898472,-5.383504,-5.7034845,-7.806757,-4.170332,-3.1136184,1.3622388,1.494004,4.2421017,2.5053158,5.274868,3.801114,4.246531,3.0339596,2.7012389,-0.32465214,0.63269883,-0.71322745,1.0507623,-0.91960174,0.6619181,-1.2030513,-1.2609512,-2.6090963,-0.50787896,disgust
-687.7066,39.08859,-5.860187,6.9239836,-10.534793,-5.880984,-6.7571507,-8.113562,-3.6856685,-5.6437144,-4.794427,-6.867074,-3.5609753,-4.2058887,-5.514465,-2.8055303,-1.8841584,0.1841369,0.056202203,3.883858,0.9592601,1.5213232,0.1589473,1.243478,-1.5404716,0.6519552,-1.1313416,0.38103786,-2.2726004,-0.6074799,-1.6549406,1.2226202,-2.0098982,0.80791885,-0.33611682,1.3321714,-0.04973692,1.4307611,0.9083969,2.2472017,surprised
-668.6832,37.756844,-7.606412,3.5276203,-8.753526,-7.3724704,-5.9717417,-7.3763666,-3.7919796,-4.353388,-4.6992903,-5.99342,-3.1261435,-2.2185838,-3.719996,-1.0051886,-0.5222701,1.2471861,0.19471136,3.2697506,0.29188725,0.174431,-1.4091192,1.1045219,-1.0104378,2.0423555,-0.5526685,1.3833848,-1.7084465,-0.24027102,-2.130273,0.4842046,-0.15612808,2.7528596,2.0699081,3.0975642,1.5888643,1.9230107,1.2332332,0.8976475,surprised
-666.553,32.183926,-3.1020117,4.1090665,-8.511315,-7.8343287,-10.507788,-10.454772,-3.351674,-7.7741733,-5.1032124,-5.012345,-3.7366147,-3.4929488,-4.31847,-3.156444,-3.1621253,-1.3275826,-1.9438556,2.0839732,-0.44557858,0.24220724,0.60746825,1.076755,-2.9593594,1.2136521,-1.7163765,1.1420956,-1.9770314,-0.44715235,-0.75704813,1.143345,-0.67606527,1.4602734,0.05756953,0.5454648,0.24144568,1.3340708,1.4623407,0.62381536,surprised
-643.5637,33.87958,-6.270294,1.5885208,-9.1641445,-8.127136,-10.11586,-8.4638605,-3.6293523,-6.735926,-5.773003,-6.4945183,-4.4514546,-3.3101308,-4.204606,-3.4032683,-2.357663,-2.3066254,-4.732084,-0.21557657,-0.33357206,1.7807865,1.6283274,2.2897997,-1.27604,2.4559677,-0.43302208,1.9688172,0.9707208,2.2180781,0.15267071,1.906183,-0.16264197,0.8819946,0.37605396,1.6464548,0.59335047,0.81556094,-0.8464761,-0.7513251,surprised
-636.6063,43.697414,-5.5293984,-0.22028919,-10.820277,-7.53036,-1.932693,-9.742988,-6.1788087,-3.869145,-6.10269,-6.593361,-3.489095,0.28852138,-4.308975,-0.6777712,0.14816922,2.0747454,-1.2863197,-0.44575348,-0.6971993,0.8422866,0.37546346,2.5945058,-1.5247911,0.5425359,0.12922628,0.8121714,-2.397055,-0.15129371,-0.5070735,1.5490737,1.444661,2.5503032,1.1659818,2.8128066,0.10170012,0.23463629,-0.85159343,0.9071247,surprised
-597.65967,39.51124,-13.904976,-2.049577,-12.633971,-10.918184,-7.7642775,-13.194433,-4.5080366,-7.0242066,-8.50474,-2.775576,-4.7983255,1.6111596,-3.3507113,-2.4273877,-1.2947676,0.29809132,-2.3153396,0.3686788,-0.10283766,-0.32865593,-0.12882087,1.978028,-0.76140255,-0.096301936,-0.13349432,0.93032235,-0.37176508,1.532161,1.2951453,1.2547821,-0.28009495,2.6306226,0.685695,1.0156744,0.24332097,2.029554,-0.38710347,-0.1522096,surprised
-597.00116,31.875103,-8.863413,-1.5280628,-11.072211,-10.690823,-9.458921,-12.621956,-4.4307795,-7.610452,-6.723456,-7.0290403,-3.129621,-1.2202126,-3.7304275,-2.6649704,-2.331012,-0.7716507,-3.7216992,0.53802705,-1.154968,0.887359,-0.16018125,2.3518891,-1.3901007,3.2718415,1.94889,3.5184536,-0.116567135,0.8054573,-0.025311971,1.9118431,0.71274984,2.4416637,0.25254586,1.1058376,-1.6170944,0.06390189,-0.3331169,0.34993616,surprised
-615.5656,29.079481,-1.4491533,4.4311075,-8.182878,-7.8610506,-9.125717,-10.273691,-3.936427,-7.435705,-7.054369,-6.75852,-3.653662,-1.1512847,-1.950781,0.6208308,-0.92073697,0.7254632,-2.706374,1.4609838,-1.4409969,0.82833993,-1.3112869,1.5679901,-2.9744828,1.4205178,0.45395967,1.4088616,0.6183779,1.6246637,1.3321729,2.169705,-0.8217414,2.530935,1.9861364,2.6887527,1.5426,1.0466986,-0.68372685,0.7145231,surprised
-636.1296,68.812126,-2.3801985,12.385966,10.588827,-2.0869367,1.1574138,-1.7418488,-3.7176037,-1.2529274,-1.4916745,0.4326025,-0.8857493,1.2874151,0.14619833,0.6938577,0.9911836,-2.0054371,2.6197913,2.1275103,-2.3085976,1.9862307,-1.9668036,0.2523455,-2.6635838,1.1406035,-1.7326286,0.40197912,-1.0390904,1.7941434,-0.03648413,0.45818004,-0.2703351,0.23490007,-1.1138054,1.1871507,-0.89099884,1.7161647,-0.29443234,0.90383995,neutral
-654.05566,70.66096,0.6037394,16.608322,11.119586,-0.87504864,4.762364,2.0357559,-1.5078385,0.10179712,0.93287677,2.5171587,0.91218823,2.6495018,2.233056,1.3653202,1.4106491,-0.7771436,2.7894363,1.7829549,-1.5627979,2.3836894,-1.7905933,1.1853195,-2.1908426,0.81413794,-1.4603417,1.1769471,-0.27579835,1.5808029,1.33868,0.51896155,0.2428182,0.96709263,-0.8310759,1.258932,-0.7484978,1.2485691,-1.3383576,-0.116396345,neutral
-637.4901,74.69771,2.6197817,13.837626,12.754579,2.0163682,3.3495028,0.99501795,-1.74107,-0.8053784,0.54932106,3.4982333,1.383063,2.4082365,2.6512647,1.1202135,0.10885625,-0.37653542,2.625329,0.65202785,-1.5634289,1.5879153,-2.8487163,0.09999195,-3.1922574,0.85739934,-2.3014827,1.0945126,-0.816166,0.7862361,-0.37671497,0.30124313,0.09578362,0.35754243,-0.53634065,1.5928149,-0.659957,1.662333,-0.75158125,1.0936399,neutral
-634.53143,70.592094,3.094637,14.495052,11.178093,-0.59360194,4.267839,-1.5846441,-2.8879132,0.80985254,-0.5157248,2.197349,1.3989211,0.9198707,3.1343029,0.84047246,1.2520995,0.3645195,3.4540865,0.8091729,-2.1813169,1.8390553,-2.3805845,0.37796474,-2.432484,1.7523592,-1.4870073,1.1927425,-0.53079224,1.415881,0.2736462,0.26364386,-1.0508496,0.1876565,-0.6874047,0.8641621,-1.2266699,1.2493801,-1.6481295,0.8043026,neutral
-655.74066,80.17407,5.707239,14.855619,10.630725,0.7245735,1.8686099,2.8272524,0.3182634,-0.4587415,1.7193855,4.330457,-1.4730982,2.1978981,1.6143526,2.0792124,1.5922315,-0.2602014,4.04348,1.7514822,-0.8320993,1.307912,-2.9332426,1.8939137,-2.1901357,0.44611868,-1.4209841,1.6750121,-0.15011653,2.508879,0.7182542,0.8030297,-1.0509937,-0.3643932,-0.9971661,2.1238303,0.4151052,0.92808366,-1.8351623,-0.2238176,calm
-653.8808,71.33314,3.3403304,17.31491,9.239966,1.6423583,2.4020064,-2.2898717,0.9350309,-1.4821022,-0.037170213,5.6183543,-2.4243453,1.3973204,3.4647224,0.25292692,0.4933537,-0.35466582,3.3176677,1.3938512,-1.8534372,2.031223,-2.6850965,1.7993963,-2.7176213,-0.33693993,-3.583581,1.3701949,-2.5942724,1.2906212,0.3743193,-0.51400447,0.005279541,-0.5054791,-0.5383159,2.521066,1.2451344,3.2371316,-1.1580026,0.10928434,calm
-613.60144,76.34136,-1.8250086,18.783924,8.865777,2.3541048,1.6306596,-3.3782215,-2.40217,-2.5921316,-0.86373705,8.80908,-2.8722699,-0.459141,4.2094917,1.1892245,2.1230311,2.2306533,6.962774,2.1489654,-1.2280668,3.0717132,-2.6059742,3.330308,-3.0938568,1.1350323,-3.7918577,1.6140599,0.39974776,2.3812566,1.5664499,0.8994098,0.001987244,0.5830685,1.1358589,3.571783,1.6249207,3.1226635,-1.9233155,-0.06640915,calm
-647.1163,70.270775,7.4152436,14.139687,11.335895,1.4448041,2.0395389,0.9595159,-2.1313221,-2.3524752,-1.1016784,4.7480564,-1.5368024,1.299315,3.065698,-0.51976466,0.7474856,1.0838354,1.8842812,1.0181917,-1.6393151,1.6913218,-2.2887332,1.3554531,-1.7122054,0.6837112,-2.342799,0.99985427,-0.70283437,0.7922585,0.7804414,0.49749777,-0.52567524,-0.26870614,-1.0881084,2.607471,0.43783316,1.6008058,-1.9138467,-1.1198515,calm
-653.1013,74.07045,6.0321293,14.809565,9.179351,0.6798136,1.0146267,1.1735665,-0.11392625,-2.08723,1.5887728,4.2803698,-2.7579608,2.2416909,1.6900002,1.0785953,0.70166177,0.3613927,3.328799,1.3334675,-1.6571329,2.0079446,-4.135749,2.1493838,-2.543434,0.24150786,-3.3815434,1.3906217,-1.0620633,1.030508,0.60514116,0.40652457,0.26829627,0.2834128,-0.86214113,1.3343374,-0.56296575,1.4248017,-1.6642855,0.025595468,calm
-641.1257,78.29425,7.615611,17.36425,9.96455,1.4715456,3.1011152,1.9279845,-0.022399507,-0.82669485,1.6280186,3.8097878,-1.1293312,1.9282283,2.5577655,-0.38849166,-0.069822334,-1.1908069,3.3121896,0.3000081,-0.73732215,1.6528424,-2.4517496,1.0976665,-0.72764766,1.318143,-2.28038,1.3483986,-0.49945608,1.7310115,0.85111636,0.7842786,0.46976063,0.018148573,-1.1613466,1.4028231,-0.3296824,1.2114635,-1.8750454,0.14504789,calm
-623.1385,85.880806,10.163599,19.768848,10.603527,1.2682741,4.511435,-0.4389762,-1.336054,-3.0314474,-1.798689,3.855476,-1.558874,0.47777867,3.3765564,-1.0284573,1.1346971,-0.71624064,2.911952,0.6784927,-1.7630609,2.0639899,-3.5803201,1.397895,-2.246099,0.6107004,-2.354253,0.50699466,-2.267176,1.6184523,0.10828916,0.80862534,-0.21554849,-0.7130397,-0.9788313,1.9392194,-0.24237521,2.4168205,-1.4657145,-0.84456474,calm
-633.4324,72.46147,7.8138304,19.501886,9.385096,5.8179884,1.877165,-1.9553872,1.1002674,0.09040979,-1.1762275,5.423849,-3.945736,1.0690824,1.1391146,-0.5505562,-0.54942334,-0.585557,3.5252802,-0.9484132,-0.2705472,1.8755305,-4.090432,1.6566831,-3.2370265,1.0223111,-3.4770837,1.8450732,-1.1124991,0.26123434,-0.2495578,0.624705,0.048406314,-0.59215504,-1.162211,1.9440628,-0.90202606,1.638768,-1.4734075,0.60940504,calm
-614.28784,70.56148,-9.808885,14.550427,12.024761,-4.4173193,-0.4789453,-0.16279426,-6.476714,0.7117898,1.5421348,0.8574066,0.19528814,1.6048638,0.45024207,0.049840864,0.19995186,-2.7340243,2.2759795,0.9659021,-1.9729569,1.057002,-0.86875886,0.2982294,-1.8595562,1.2399529,-0.8384752,1.2042507,-2.0367382,1.3599169,-0.2599121,0.5275316,-0.63875324,-0.84004825,-1.7917349,0.8285385,-1.08087,0.043449428,0.38055825,0.026462944,happy
-601.149,69.35263,-5.754328,14.609997,11.540497,-2.5507975,2.9429462,0.53351647,-4.510876,1.4123492,0.84875053,3.1543207,0.621559,0.24694173,2.0787365,0.9622165,1.3592888,-3.0465238,3.4883757,2.2965102,-2.6163452,1.8082322,-1.0226698,1.7214208,-1.4809092,1.9613054,-2.0695827,0.98861915,-1.1199805,1.549953,-0.9929322,0.5396645,0.24785979,0.9580977,-0.8670327,1.2521031,-0.3215713,1.0169826,-0.99876446,-0.367387,happy
-606.44696,71.487305,-7.576394,15.287769,15.322896,0.3273957,-0.6638496,-1.135419,-2.8339186,-0.6211909,1.3632971,2.3740528,-0.14706983,0.9757207,1.0909995,-0.6791546,0.030714512,-1.8993582,1.653286,-1.8234168,-2.2244387,-0.94514453,-2.6717198,0.65918183,-3.678889,1.3132949,-1.9935641,1.4939142,-1.3959813,2.9671206,1.7180059,2.81768,1.3704782,1.1291891,-0.35070404,2.002382,0.2818455,0.24383219,-0.014451265,-0.8032239,happy
-599.3334,68.42911,-6.654712,14.025845,14.606694,-2.319701,-1.6960682,0.08473154,-5.2639914,-2.028693,-0.3172872,3.2184255,0.11372368,0.93741685,3.0847487,0.69502825,3.3647265,0.19556227,2.6148481,0.039258458,-1.1376393,0.5725023,-1.12733,1.2511147,-1.8098068,1.2317094,-1.2652984,1.0451893,-1.0394235,2.1303477,0.6251315,1.0830467,-0.4342349,-0.026518963,-1.1108401,1.1114134,0.09537047,0.7033496,0.5102346,-0.22092248,happy
-532.9119,51.433357,-2.8811991,18.861525,12.020344,1.4250753,4.6525135,5.4159737,-1.2699283,6.2953243,1.9495071,4.9937873,3.7436237,3.833864,4.568101,4.8434243,3.1237345,1.8633183,4.822146,3.6092734,-1.5657291,5.0316234,1.4778925,1.371058,0.103966355,1.7380993,-0.7788297,2.2240114,-1.301656,3.8870597,2.052434,5.463259,6.548317,7.9012885,6.9797974,7.610064,2.7006288,4.2874537,1.6063112,2.1006608,happy
-541.52655,65.000336,-12.824126,16.332031,14.870608,-3.9687812,0.9754311,2.4573698,-6.7409887,2.5193722,2.8695657,1.4983088,-0.049545035,2.1049979,2.2750986,0.33040133,1.7390313,-1.4027904,2.0020227,1.4274786,-0.993407,1.0430759,-1.1915619,1.7002469,-1.9677829,1.4500327,-1.1754631,1.3564128,-2.0175066,1.978545,-1.0068662,-0.8078762,-0.5436895,-0.15584716,-1.091829,2.2881298,1.5604262,1.7464266,1.3806834,-0.51529807,happy
-500.97034,58.109875,-11.158824,13.737793,12.734792,-5.3674426,-1.2527697,-0.47194648,-7.640394,2.2309704,-0.3189862,1.058811,-0.40002564,-0.30526814,2.8834987,-0.23996261,-0.42835402,-3.4639635,0.26497576,0.41079247,-3.1147811,2.264717,-2.1534734,-0.949063,-2.7409713,0.24846032,-2.382662,0.96872956,-3.155379,0.73595726,-0.25220358,1.1912103,0.9832432,1.362059,1.6935716,4.004763,1.537579,2.8462782,1.8327334,1.5314945,happy
-565.1936,57.313545,-13.672285,16.512543,11.578803,-4.328179,-0.83316845,-0.5890056,-6.0228605,2.0493731,2.4913046,2.3980415,-0.84505117,0.87104887,2.7465587,-0.31626388,1.1098112,-2.7386036,1.0992666,0.7062391,-2.9940655,2.107974,-0.96101034,0.9997657,-3.1700451,1.1169084,-1.3709531,1.6210378,-2.4749093,1.6594094,-0.20618992,-0.005287164,-0.21703492,0.09390843,-1.4351268,1.7656672,0.24899583,0.8788659,0.9545377,0.32592335,happy
-618.2558,66.7981,-0.8567357,14.971654,12.648222,-3.8625667,3.3471103,-1.3077499,-2.4034884,1.1099712,-1.2804574,0.2625403,-0.63093174,-0.9304549,0.586351,0.77513427,0.06300162,-2.1507094,0.9757195,0.9564222,-2.7910995,0.8633779,-0.97924036,2.0472963,-0.5291594,4.1034,0.5364969,4.7288194,0.7644854,2.2711275,1.0744951,0.90199727,0.1417225,0.5826595,-0.6034181,1.0298313,-0.29016235,0.7139512,-1.244068,-1.4252474,sad
-665.35425,69.14726,4.779705,18.414154,17.765133,1.5513723,9.010732,0.4326746,0.08139374,5.7538614,2.1520522,7.288803,3.011291,2.1234303,3.4296882,0.46754605,2.1837559,-0.69673187,2.993305,1.900002,-0.38244462,2.1218517,-0.28296062,1.8687382,-1.5743821,3.3947954,-2.3002164,3.940614,-0.50582397,2.7114255,1.1124991,1.2662816,0.7914148,1.5635436,0.1598794,1.9897145,0.33930212,0.8896468,-0.4306123,-0.60217243,sad
-620.6927,63.218082,-0.6089436,15.361639,14.933911,1.1181748,2.574112,0.62717146,-0.62330884,1.7936175,1.4651679,4.1626062,3.2472045,1.5809196,3.3417077,1.9234543,0.7786976,-0.5341917,1.920105,1.406203,-0.5844306,1.4662746,-0.51782167,1.8278441,-2.3867848,2.384334,-2.7279575,2.0742486,-0.9118407,2.5393999,0.7269479,0.90914595,0.27979285,0.08483097,-0.6917655,0.31949502,-0.86128205,-0.07255389,-1.1772629,-0.98526126,sad
-623.3834,76.78317,0.67299706,16.062233,15.721553,0.562031,3.715483,-2.2264156,-2.4606662,2.3300161,-0.3352368,-0.72941506,-0.8767462,0.023416545,-0.08713249,0.12916295,1.373888,-3.0973256,2.5424182,0.27285978,-2.6739414,0.16484357,-0.091823734,4.1128206,1.535975,5.2911777,0.25300953,4.6520953,-0.4037743,2.2761273,1.3199501,2.680876,0.41349578,1.5064772,-1.9293133,0.56874555,-1.2962245,-0.03482228,-2.5460162,-1.2999936,sad
-568.3965,57.719933,-0.5464273,14.221496,12.092505,-0.0922067,2.213913,0.09762476,-2.288148,1.9192821,0.036041908,4.6036744,2.311545,0.64537185,3.249551,0.95077837,1.0787673,0.1632968,3.5618935,2.813788,-2.4334614,3.6922872,-0.94324684,1.7177649,-0.25404915,1.4829961,-1.1443613,2.5169132,-1.2921296,2.4375627,0.8815035,1.1398302,1.0757502,-0.07848713,0.61513203,2.0953364,1.4217477,0.9373275,0.38785353,-0.33313763,sad
-565.0859,55.99913,-0.30258647,11.004167,12.391296,1.719544,1.869342,0.5695851,-2.22097,3.108043,0.53960556,2.927861,1.88225,0.4867466,3.6801298,2.1580396,1.4598739,0.002483913,1.8070698,3.3146362,-1.5857568,2.716287,-0.361586,1.4270254,0.2785847,1.3488958,-0.5960139,2.1522255,-0.53895897,1.7946733,1.1282347,1.9079181,0.7075793,0.15852903,0.23707832,2.2394629,1.0203228,0.80809814,-0.0633617,0.55856085,sad
-595.0796,56.642433,-9.496665,12.325309,12.94095,-3.786214,0.71750563,-2.5492547,-5.0031633,3.0766633,-3.381423,-1.5831636,0.19315657,-1.0527344,2.1497416,1.6908749,-0.8556098,-3.4016688,-0.30823407,0.59536254,-4.2139764,-0.64488786,-1.2177885,0.39405674,-2.2786255,1.441578,-2.0739276,2.1227949,-0.98434615,1.5129458,-0.27389085,1.8877767,-1.0741459,-0.28491512,-0.43568894,0.7145635,0.026989743,-0.42410803,-1.75822,-0.16296975,sad
-599.42444,66.153946,-3.0210552,16.0724,17.060463,2.7978826,1.9726046,0.19324929,-0.43018812,4.8135614,0.24143055,1.6234384,1.6078149,2.9361084,4.950405,4.064888,2.2065628,-0.0096914815,1.58401,2.3919284,-2.7041862,1.0483525,0.15798567,0.9935802,-1.0590577,1.8723444,-1.5600847,2.5353405,-0.039746717,3.1547985,0.83913815,2.4268618,-0.090147085,-0.19896726,0.5869356,1.321139,0.56986946,0.864547,0.06241751,0.773509,sad
-537.4676,55.6911,-5.4909344,12.152188,8.63664,-4.979622,3.4193616,1.1733803,-5.473831,1.5584165,-0.45669925,0.9435166,-1.1226752,0.026127275,1.5721445,1.598232,-0.9910209,-0.26944396,-0.12375949,0.47162575,-1.8355705,1.5140363,-1.6033301,-0.3621239,-1.0967295,0.6632718,-1.7134644,1.7330439,-0.5299104,1.0333648,0.84174013,4.300576,2.2604864,2.883797,1.3254731,0.72403574,0.04809925,1.3513864,1.5843548,3.1212668,angry
-510.9304,50.60923,-8.116907,6.4831,3.9408343,-7.8826904,2.5309873,-0.44860595,-5.355154,1.5819939,-3.3965032,0.40002754,0.14515644,-1.055828,0.39566633,-1.2156712,-3.51989,-0.61158204,-1.1915913,-1.2859112,-3.7538476,1.6532192,-2.8151422,-0.84622514,-0.47956374,0.91184235,-2.4307487,1.7724578,-0.6945744,2.1987126,1.8165369,4.0582957,1.9658502,2.7372534,2.752471,3.231358,2.298845,3.632207,2.4471276,3.306659,angry
-550.429,60.76753,-6.0908666,11.497112,13.071327,-5.267503,4.27237,1.301527,-3.5180008,0.42970514,-1.6008011,1.8382013,1.2041775,-0.1648599,4.2563076,-0.5405206,-1.5801502,0.35401285,-0.93055284,0.10712204,-1.9579281,3.547467,-3.3163784,0.99034566,-0.8623563,1.378899,0.23064622,2.1148853,-0.43526134,2.4132705,0.26031917,1.3286827,0.47272292,1.5878241,1.4618956,2.3490486,0.7343346,2.1804576,1.3726587,0.8905493,angry
-506.42136,43.266685,-7.806351,7.005818,4.1630397,-7.103037,0.9990541,-0.39176288,-7.949214,3.225094,-4.440956,0.11978663,0.5839894,-1.730746,1.1263771,-0.97501606,-4.6201797,-0.5846182,-2.4681664,-1.0001755,-3.8772252,0.557751,-3.9560168,-1.6841555,-2.9736197,0.44433326,-1.9595802,2.797055,0.72375876,3.0888624,0.92151576,1.6704024,0.8258897,2.802433,3.2626936,4.1649065,2.2434657,3.5732622,2.1607707,2.2446687,angry
-478.52676,38.463116,-13.909801,5.7370615,-1.5285866,-6.342876,-0.75153863,-2.1223788,-8.101247,-0.6947509,-4.827447,-3.156962,-1.5725913,-3.9573298,-2.0214803,-2.02263,-5.061752,-0.6983853,-1.597615,-1.0282114,-3.9198253,0.4829824,-1.1380721,2.7172883,2.2971518,2.4789705,-0.5854217,2.0855958,1.4246724,5.6443,5.1059246,4.5958304,2.3624284,2.8135483,2.7455044,3.9045458,2.4229681,1.3595749,-0.24656159,-0.9256076,angry
-449.2556,44.87273,-10.503033,4.327963,0.4503674,-9.869686,1.5626014,-2.0476677,-8.70335,-0.105613,-4.688169,-0.41776317,-2.4810658,-3.7925987,-0.59052867,-3.220473,-5.1387825,-1.1244427,-2.072247,-0.044245087,-4.104953,1.4525077,-2.0816252,-0.33504024,-0.09173821,1.4766843,0.96504545,5.6987147,5.91175,6.5767164,5.5890265,4.655516,2.8157473,3.4487774,2.2818089,3.3068943,0.7501177,3.2058249,1.8902433,1.3248892,angry
-495.972,47.27223,-5.8585186,11.446115,10.908431,-2.8590598,-2.2491612,-0.9394037,-4.466645,-0.008032563,0.9398743,1.9901868,1.4438854,0.066746175,2.6800683,0.32480994,-3.8792896,-0.5112755,1.1850946,-0.7519518,-2.5317934,-0.1381854,-3.115668,-0.8553137,-2.1206112,1.1080375,-2.4073021,0.19295965,-2.5812068,1.6808791,1.9957805,3.584602,3.0934184,3.8828447,2.9332657,3.8399584,1.963586,3.6951835,2.0927563,2.2543926,angry
-423.50287,34.412727,-9.383769,6.2555013,2.1840913,-8.7920475,-0.7142337,-3.5317621,-7.701311,-2.2335553,-5.1712127,-0.1329978,-2.464222,-5.318563,-2.8592563,-2.7449067,-5.106877,-0.7110618,-1.160456,1.4273324,0.38686872,3.419641,-0.19157246,1.8930793,1.4162283,3.9426868,1.5254275,2.414698,0.83131725,3.485825,4.125631,5.9601073,2.0454082,1.9292175,1.6971502,2.9351115,2.6076653,3.0074725,2.0530477,2.1404128,angry
-606.825,57.95337,6.440294,13.989119,17.107904,4.733296,4.6603556,-0.1363941,0.7611368,4.6785455,2.2400684,5.765955,3.2711227,1.98411,5.9909983,3.4157748,1.9261429,1.8567505,4.0113697,3.633568,-0.3723079,3.728567,0.6478774,3.3699517,1.0862287,2.638725,-0.499487,3.959786,0.31383792,3.1572804,2.013247,2.1307664,1.2677368,1.2451869,0.6325865,2.4446194,1.5154353,1.7348486,0.9610438,0.6526382,fearful
-579.60547,58.889725,3.3812327,12.985546,13.762987,1.6203465,-2.5734696,-6.8196287,1.933772,6.7993865,0.7476764,3.4849098,4.1085606,2.5888286,1.3461492,0.73407465,0.7933416,2.7466872,1.796878,1.8614299,-1.2262332,2.8612783,-1.0345932,1.1078733,-0.7379721,1.1065835,-0.6532958,2.5151806,-2.303617,1.7770126,0.85356843,3.9029918,1.4278771,1.5240995,2.505782,3.4883494,2.6549618,2.7279487,3.0681674,2.12357,fearful
-589.2009,54.72623,9.341669,13.099393,13.833874,5.510184,0.518128,-3.494084,1.8396189,5.872719,0.4403971,1.7601428,3.664149,3.0932384,2.144891,0.6929956,0.18600139,1.2624438,-0.025825014,-0.91039085,-2.340005,2.5893254,-2.315821,0.053046737,-0.80708855,0.7736047,-1.5914131,2.2195814,-3.5087218,1.9301221,0.34091288,1.0295789,0.26011378,0.95084125,-0.1607134,2.2063875,0.66033846,-0.12928529,0.31101695,0.1721892,fearful
-541.183,51.170753,-4.6539993,10.494532,6.5521398,-2.571528,-9.227836,-12.637938,-7.059047,0.96703374,-4.606351,-4.5594482,-3.5633178,-1.7249855,0.5425044,-0.19390863,-0.4123382,0.21183513,-1.7002686,-2.097502,-4.093829,2.1319678,-2.9573638,2.2385092,-4.4078856,1.166485,-2.1856892,2.8079164,-3.4570017,4.0635996,2.8997226,4.600709,1.976529,1.6910335,2.1204998,3.7373726,3.226532,4.5011497,3.0569494,4.400693,fearful
-510.4769,48.681473,-1.8026102,14.247167,11.238347,-1.6522609,1.797654,1.3586682,-3.7990353,2.9467566,-0.8479382,0.73675007,3.1558254,1.0964209,2.9985683,2.1802003,-0.66501653,1.743129,0.47876856,1.7865592,-1.6848314,2.0509284,-0.35155046,1.1662658,-0.6646043,1.7227286,-1.489122,2.9683511,-3.3565488,1.1823573,1.1660032,1.8808831,1.3469756,2.5443864,4.6758924,5.988342,6.8186955,7.6879086,6.6142073,6.8033423,fearful
-461.2449,36.725822,-5.194995,13.161672,7.2840095,-2.8547146,-3.384707,-1.2118753,-5.9240804,1.7545996,-2.7802596,0.33731532,-0.31083152,-1.3188937,0.9893882,0.8587608,-0.55015653,0.53793013,-0.053664938,2.4323125,-1.7101798,3.6937873,-0.385536,1.7785405,0.9650024,4.018413,0.84188473,4.328178,0.2510816,6.043657,6.4923625,9.124073,8.909758,8.460368,6.6494117,5.1411657,3.9564567,2.5715683,2.756233,4.0142074,fearful
-521.6234,47.49164,-2.5053856,14.664853,13.408643,-3.061823,-0.39792487,-1.0414943,-3.4360788,3.4573965,-2.1078246,0.74437493,2.7692637,1.8470243,2.9364614,1.5232247,1.6983685,1.857658,0.53796476,1.3598797,-2.1233766,1.5894018,-0.33985958,2.255212,-0.8804378,2.4346552,-0.4609421,2.7796426,-2.6305683,1.8129828,1.9598815,3.6791139,2.8738081,4.156917,4.284007,3.982033,3.3201275,2.849407,2.3731852,1.4310166,fearful
-489.2159,41.871964,-9.969697,7.7412677,9.069705,-5.0960045,-1.7143162,-4.9934387,-7.83128,3.1776667,-3.195292,0.43382752,1.4328756,-1.8968142,1.257765,0.29475006,-4.2048597,-0.5889762,-0.4627451,-0.5566425,-3.8787773,0.95878184,-1.5845625,-2.0195756,-3.580542,0.25964794,-3.6481335,0.6977921,-4.493813,0.96646845,-1.1809521,0.10008846,2.06849,3.48074,5.798983,8.36563,8.838548,9.480554,7.5509114,5.206194,fearful
-576.3143,70.69665,-4.637107,10.97847,12.964106,-3.1768675,-6.0273576,-7.176339,-6.3519406,1.0366626,-4.8979864,-3.0247383,1.2061456,-1.4163774,0.36775398,0.9377684,-2.8982704,-1.3627113,-3.041648,-2.4616723,-2.4612894,1.0302378,-3.3789198,0.22942697,-2.2555556,-0.34250095,0.12104648,0.2280078,-1.6217085,2.5776534,-0.45624495,1.4989179,-0.21900281,0.5087672,-0.119347185,3.3062873,-0.69926757,2.610962,0.30622882,1.7954282,disgust
-596.33685,78.72184,-17.86005,11.297239,10.862456,-2.259654,-1.4429367,-5.7604823,-3.656166,3.7147877,1.1221365,-0.3789737,-1.5498692,1.1765288,5.034307,2.4480345,-2.233479,0.46802884,-0.5549193,-4.131115,0.6835976,1.0952082,-0.719762,1.3711091,-0.8422398,1.7588975,-1.3647406,2.7730298,-1.9763923,1.9091642,0.48142937,1.3814085,0.075689815,0.7872771,0.14610866,3.3538182,2.22419,2.6841056,1.4860125,1.4745772,disgust
-594.0286,77.608284,-6.5460176,11.106368,15.1124935,1.3702302,-5.857541,-12.2270565,-2.4697158,6.063547,2.1000183,-1.8494833,-0.8227443,3.9708629,5.2788396,1.4053376,-1.4366418,0.52876425,0.82708806,-3.8348572,-1.8914373,1.8031535,-1.1896013,2.966323,-1.6215801,0.78746486,0.8160435,2.7327464,-2.197033,2.6573782,0.735614,2.918677,1.510707,0.60979575,0.43635032,3.393432,1.1728448,3.3906894,1.2070527,2.205815,disgust
-550.4107,65.115974,-2.5156736,10.5794,13.258023,-1.2450569,-1.9457009,-4.436501,-6.648714,1.5103863,-3.106131,-1.2994658,-1.3831896,-1.0490351,3.6813455,0.38558605,-3.3700721,0.47505844,-0.5627394,-0.87816834,-4.9039397,1.7202835,-1.6121022,-1.190963,-1.0623322,-0.84778124,-2.009461,3.4967506,0.27450648,4.2424636,1.9574432,4.2424297,1.746662,1.3456998,-0.3642476,0.74387133,0.17121163,-0.10719559,-0.039426673,0.51246417,disgust
-535.9115,57.50294,-9.18528,13.241406,10.439775,-1.9357058,-0.27635995,-2.74286,-3.8236058,1.8013452,-1.47208,2.8938794,-0.40994096,2.3769882,2.9519417,0.921312,-0.22327824,0.4355666,-0.63354915,0.6007717,-1.7559525,0.29625756,-0.45700377,0.809066,-0.813669,2.2362645,1.1127537,2.666658,2.383039,3.4944546,1.7957016,3.857418,0.8173665,0.72192526,1.0923326,2.8121,2.7057242,5.431655,3.3118904,4.596005,disgust
-562.9841,84.27423,-2.8693724,13.948639,14.324968,0.70787865,0.43627763,-4.8423204,-3.8108659,4.5074687,4.468786,4.2572527,2.7612715,2.9708397,2.363948,4.3253665,2.5791178,0.6271948,4.7622156,3.6350124,-0.2411867,4.7366343,2.2832468,5.906824,0.8763255,3.0236266,1.7819672,4.779152,0.0058654654,3.2843127,2.748187,4.12224,3.5021646,3.272506,1.7516652,4.971034,1.8199089,1.206033,0.4976399,0.53034,disgust
-545.84296,66.32019,-8.267577,8.480599,12.49898,-1.2463078,-0.31740558,-5.6616554,-1.6594231,1.8693237,-0.28794247,3.4277232,2.5637503,-0.035424132,4.573308,2.0367396,-0.9681102,0.46538246,2.0301769,0.7123239,-1.1650653,2.3218532,-0.7944274,3.0529742,-0.088877454,0.7076437,-0.43242943,3.6384645,-1.4564817,2.741912,0.075987704,2.3561928,1.227631,1.5057495,0.34149513,3.3259227,0.74049556,3.2069552,2.2886047,2.6522806,disgust
-552.0561,57.810905,-1.7397956,9.140096,14.149573,-1.2430078,-0.90281993,-6.2183375,-1.2971458,3.2800326,-3.4683678,1.7025373,0.03337799,-1.5559194,4.1724935,0.22855449,-4.9608145,1.8588772,-1.498245,-2.0429928,-3.7395215,1.056062,-1.9182416,0.10834661,-2.3830771,1.2349358,0.9066971,3.6382768,-0.7986214,3.9486759,4.482426,6.0959334,4.801496,3.015834,1.1539432,3.0780747,2.2969048,2.3125672,1.8847904,1.9235088,disgust
-584.38007,81.56443,-9.583528,15.471949,14.7543,-2.6640167,1.4251713,-0.9991199,-3.552785,2.2669387,0.99795884,2.4067674,-0.807819,3.2305627,1.5392019,1.1310073,1.5377517,-3.0764155,1.9454719,-0.5208416,-2.4063423,0.8067293,-2.0814183,0.74587214,-1.8529296,1.018981,-0.7848675,3.0941827,-2.1138682,1.8731219,0.63297814,1.245049,-0.27824023,-0.08053307,-0.86451364,1.5319103,-1.1454228,0.80194026,-0.082539506,0.73167,surprised
-581.86176,62.39758,-5.049701,12.026018,9.4812155,-0.9711234,2.9937825,-1.8711671,-3.870258,2.273025,0.24004942,-0.9506793,-2.483729,0.1435094,2.3300292,1.6968282,-0.20269465,-2.6827238,1.5953523,-0.23885207,-2.4712398,3.0009065,1.1135794,1.8107728,0.7049228,3.5054097,0.5559798,3.2070873,-0.9876006,1.9132411,0.4160633,1.1126385,-0.22520974,1.3907964,-0.76011646,2.1345859,1.3316596,1.9377134,0.18846935,1.2952724,surprised
-594.37646,67.02873,-7.842407,11.513243,12.075015,-2.5904853,-0.39587694,-2.2607274,-6.3579063,2.3307354,1.6245455,1.1717899,-2.6113064,1.1383443,3.2412925,0.77543646,1.0445606,-2.4094226,0.21520253,-0.8657528,-4.1365957,0.5579366,-1.1545403,-0.61208713,-2.3698623,2.1123612,-1.1330774,2.669669,-1.7884194,3.1704535,1.3243961,1.8046095,0.6896451,1.5348454,-0.791613,2.1056542,-1.0963867,0.5797559,-0.6751175,-0.5394644,surprised
-614.2443,72.72974,2.535545,14.078127,11.348114,1.0028508,0.8724608,-5.386132,-4.963186,2.8059902,-1.5060756,0.42574245,0.78242815,-1.333144,0.36018088,-0.7403461,-1.5756311,-2.8837981,1.3804239,0.87542486,-3.9749217,1.0008096,-1.9886286,-0.2721775,-1.0616647,1.3882902,-0.23137064,3.6220102,1.9060597,4.5703526,3.4288678,3.4556541,2.2916303,2.4323244,0.7058904,2.6619656,0.67716193,1.3669817,-0.51027024,-0.6809172,surprised
-530.4808,53.44593,-1.1561046,13.92801,11.03274,-0.44185105,2.5826066,-0.01964684,-3.4057992,3.929736,1.4529222,0.6103034,1.9005784,0.89509135,2.0325952,2.140341,0.3281961,-0.5678087,0.8412431,1.796246,-1.6902418,2.0594623,-0.004290006,1.2456068,-1.29042,2.2381542,-0.79130167,2.0665987,-1.0051605,2.3281507,1.1160063,2.7494314,1.4867693,2.358569,2.0303724,3.740568,2.901389,6.0139184,5.50657,4.7839856,surprised
-565.1387,61.977825,-4.881947,18.496075,15.71916,-2.425516,3.2536447,1.4301733,-2.7825952,5.5602193,3.0913374,1.0774703,1.2328835,3.648888,3.4790373,1.7683712,2.7145422,-2.5794468,1.9128137,2.5456991,-1.7836615,3.197411,0.16136605,3.1208389,-0.49125138,2.4642243,-1.1896942,2.681791,-1.4463246,2.6525896,1.7179176,1.7505529,1.0981598,0.09481862,-0.3334165,2.094518,0.50779444,2.0384219,1.1816527,1.1827307,surprised
-615.9163,73.39243,0.2718811,19.017933,16.638573,1.9781078,3.1995027,-1.8943833,-3.6698086,2.1336613,1.233218,2.1700103,2.2912383,2.7175431,1.0056138,-0.90217364,1.8935692,-1.4308399,3.0791724,-0.029784963,-2.2101483,0.43742716,-0.41898692,2.3845825,-1.1002351,3.0320678,-0.15251131,3.4953911,-1.22315,2.6094608,-0.20586556,3.020158,0.31884792,1.1929815,-0.051602624,3.0228214,0.14811969,1.9440902,-0.123405956,0.41084984,surprised
-556.39136,65.542305,-3.7447324,16.86887,15.535526,-2.4438338,-1.5438997,-2.9725468,-6.747226,0.5171516,-2.081386,0.3879846,0.047486093,0.36666593,1.6028545,-1.1240442,-1.6640126,-4.674351,0.959615,-0.31388718,-3.4447892,0.9188974,-2.853485,1.2568854,-3.7762232,2.2016182,-1.5335329,2.5537157,-1.8914514,2.135754,-0.40831497,1.12537,-0.21855591,0.58999157,-0.04635106,1.3995605,0.40490973,1.3683949,-0.6738065,0.6129787,surprised
-661.3847,57.86619,5.734875,9.329723,-0.9674279,-7.8006964,-8.779259,-5.98538,-6.4836807,-2.2852416,-8.638397,-2.7096887,-3.3878872,-5.416659,-2.7823262,-6.3075266,-2.9575663,-3.561771,-5.201056,-3.423038,-5.609271,-3.222829,-5.327112,-3.2006135,-4.6081285,-3.3817837,-4.4102707,-1.8592054,-3.029856,0.7495644,0.4936969,0.23726906,-0.4663575,0.3018753,-1.0104973,1.0104928,1.4337096,2.807375,1.7350807,2.4408994,neutral
-669.83075,57.962574,5.122001,10.897898,-0.5423205,-8.684329,-8.73612,-5.5816965,-5.0471535,-2.061936,-7.9509974,-3.0372448,-2.8989499,-5.5355306,-2.9537997,-6.1214204,-2.0241482,-3.5112426,-5.380962,-1.7733668,-5.1705112,-3.936823,-4.695248,-3.2597997,-5.043016,-3.3896515,-2.9412117,-0.46499443,-1.784409,1.0530157,-0.5575243,0.123258606,-2.646241,-1.1552755,-0.5073292,3.48058,2.7592633,2.8107247,1.3500423,1.7403651,neutral
-633.2376,51.870766,3.530056,8.55316,0.4559997,-10.85519,-14.566895,-6.721714,-6.169076,0.050389707,-8.522209,-2.5277302,-3.2238362,-6.9617324,-0.9584186,-5.6387887,-3.8674638,-3.0989451,-7.950203,-2.5440764,-4.8251343,-4.4073052,-3.6157806,-2.4922721,-4.2963166,-0.9350498,-0.68637043,0.6495479,0.9738294,0.9891475,-0.014778333,2.6343205,0.79558605,2.7816434,0.10916096,1.2750721,-0.05619191,1.3895903,0.9074666,1.7975074,neutral
-636.2109,44.55713,5.0518713,8.732716,-0.10077043,-9.577708,-11.637054,-7.4877915,-4.772523,-4.031634,-6.136099,-1.5183893,-5.4918475,-4.7494674,-3.7763042,-5.901986,-2.189051,-2.8616261,-6.7276754,-1.8488584,-5.405793,-4.291797,-3.5637603,-0.8211985,-3.4638057,-1.2942538,-1.392559,-1.6458212,-2.6785355,0.9353364,1.4129041,4.9198604,3.2808514,2.8233378,0.15023586,0.11398028,-0.39205664,3.0268831,3.309667,2.2321172,neutral
-708.1312,56.11497,3.5201073,7.942083,-0.5613512,-6.5378776,-11.419772,-4.6027236,-2.732003,-2.9082024,-8.7304125,-3.4959774,-2.9913979,-5.186997,-2.7883136,-5.1687036,-5.8955736,-2.7945228,-5.481835,-2.6535041,-3.7807648,-3.5958786,-3.916619,-4.2276645,-4.7842975,-3.5349274,-4.3500147,-2.581406,-4.41323,-1.2778373,-0.4098978,2.4671128,2.0048766,2.9472606,-0.57398117,1.4734398,-0.60400796,3.2268538,3.5680165,7.59272,calm
-647.6313,54.74884,6.411835,10.872153,1.8888038,-11.219581,-9.373803,-3.8131502,-4.7528105,-4.3144574,-8.844447,-2.6878438,-3.1262822,-3.5820363,-2.237645,-6.4847794,-4.104332,-4.0862985,-6.4003644,-2.548839,-5.343567,-3.6352043,-5.259705,-2.4165785,-3.7247925,0.33079556,-0.62773305,0.61486375,-1.4637276,-0.087378316,-1.2607723,2.2327032,1.368224,1.1664625,-1.0184269,0.67505175,-0.28055802,1.7528728,2.0485723,2.7764294,calm
-668.63855,44.037388,9.045462,9.658762,1.0042176,-10.988052,-12.244318,-6.4544373,-6.6376076,-3.07392,-9.954463,-2.4193661,-2.2213202,-7.520728,-3.2037513,-4.4907665,-4.3014073,-1.5966352,-6.287554,-4.0763483,-6.214277,-3.4314828,-3.853787,-3.831929,-4.405596,-1.9587522,-3.29636,-3.0031128,-3.0973928,-0.84412754,-0.88379353,1.7873667,1.5416027,4.255277,1.1234097,3.2312822,1.6194365,2.6646729,1.0608019,2.296716,calm
-643.415,43.113686,6.568981,10.414298,0.50962245,-8.569464,-11.917224,-7.6450586,-3.582946,-2.957844,-8.662954,-3.347356,-3.0805078,-6.1081543,-4.6945457,-4.746798,-3.450554,-3.5917907,-6.987555,-3.5324984,-5.3829465,-5.9350963,-3.8651564,-3.5028555,-5.486932,-2.5494442,-5.1149316,-2.8013477,-4.966091,-2.3802917,-2.9134104,0.8004135,0.28834447,4.1728997,1.9516187,2.1334748,0.55037874,1.759764,2.580651,4.1033797,calm
-646.4606,49.533928,1.0609246,6.8442574,-2.4073844,-7.6600285,-11.154952,-5.870489,-2.746334,-3.745987,-8.296104,-3.5009546,-3.455041,-4.183078,-2.4255366,-5.36813,-3.6545327,-2.356479,-5.8399706,-3.268213,-5.7881064,-3.3238702,-2.2247248,-2.3946223,-2.4477832,-2.8535583,-2.162409,-1.0269281,0.2787185,1.367485,-0.9709514,-0.20181201,-2.0483994,1.5816729,1.2627752,4.630898,0.94599265,1.152832,1.5462945,4.3829165,calm
-615.88715,56.18074,0.12081849,9.9089365,4.646171,-8.429942,-9.373005,-6.3882875,-3.3347054,-1.2591999,-10.845058,-5.4505486,-1.4697741,-5.702902,-3.2534983,-4.2613215,-4.284926,-1.2455078,-5.723778,-3.514255,-3.3187873,-3.216122,-3.944331,-3.8131018,-5.899725,-1.3366565,-4.241498,-0.9948558,-3.2164638,2.200245,2.5161252,5.2012105,0.47135314,2.286702,-0.16327721,3.1061776,4.002807,5.479728,3.2798567,2.4383326,calm
-671.4864,47.20544,5.685897,6.5903864,-1.1452743,-10.666016,-13.595358,-5.9500065,-6.684456,-1.0229372,-10.631811,-4.8455358,-1.3466123,-7.259523,-3.3911433,-4.74209,-5.5960217,-3.229782,-7.0122585,-3.125635,-3.7560692,-3.9068391,-3.6576154,-5.706118,-5.72704,-2.8188303,-2.308069,-1.3456333,-3.3432658,0.4936555,-1.7264407,1.6417087,-0.5348753,2.6044724,1.8465655,4.9750896,2.1512566,3.3631766,-0.33448324,0.40502584,calm
-664.91156,49.419113,5.4399123,4.762836,0.937305,-10.755995,-14.896099,-5.365635,-7.375364,-1.950867,-8.704805,-2.9572136,-1.8624346,-6.5297904,-2.5624623,-4.4450336,-5.039394,-3.5997374,-6.189971,-3.403315,-5.811592,-3.9171154,-4.267674,-4.853449,-5.6878414,-3.4371767,-2.6554651,-3.4815934,-4.422313,-4.354445,-5.119751,-2.5710166,-2.3196068,1.030143,2.6930885,5.0046787,1.9875222,1.4411172,-1.3233992,1.0983725,calm
-592.8068,41.24215,-12.0906315,7.786869,-2.8705187,-8.808645,-10.195847,-9.718952,-5.9958086,-0.20398144,-10.322725,-3.7256362,-0.6003002,-5.739053,-2.7583804,-7.094476,-5.1417413,-3.528958,-4.981708,-3.21724,-4.0236273,-5.375955,-3.8829703,-2.2862961,-3.4902272,2.017242,0.6625799,1.5378368,-1.4113528,-2.5163887,-3.0736063,-0.31603378,0.96363604,4.2723727,3.0487208,5.6589484,2.8863144,1.2386872,-0.9036163,0.034596108,happy
-569.32983,40.16785,-7.3726354,10.32196,-1.6827233,-6.3863525,-9.667097,-6.6452117,-2.8496532,-0.61040616,-8.759113,-2.7755315,-0.28117204,-4.720671,-2.080117,-4.739343,-3.8089316,-2.7928414,-3.9808621,-0.05870891,2.9005013,1.6076359,-0.11774929,-0.62704986,-2.2714968,0.7777402,0.73510534,3.2529259,-0.20361823,1.634728,0.97244704,2.3059962,0.24316968,-0.114225954,-2.6834428,0.03541279,-0.26275575,-0.1602135,-0.009829875,1.1434543,happy
-579.7299,41.741753,-4.7578063,7.5008264,0.16801444,-9.438591,-12.131509,-8.491422,-6.212281,-1.9174926,-9.006648,-5.0211,-1.9835877,-5.3059893,-4.5244155,-4.2647657,-5.2715816,-5.1461554,-4.7615056,-4.299427,-4.9968653,-5.405139,-4.725211,-4.3209467,-6.0144386,-0.9779875,-1.4209938,2.468182,-0.07417496,1.0182804,-2.9818993,-1.9511842,-3.4235744,-0.3765233,0.79669,5.185039,4.4141417,2.973274,0.77274686,0.11901628,happy
-582.2363,37.813168,-8.3283205,6.2251415,-1.0587993,-9.504314,-11.931067,-10.289873,-7.9532485,0.926797,-8.286189,-5.8015356,-2.4152932,-5.1934414,-5.1905437,-3.3565931,-5.2973924,-5.0668626,-4.2786427,-5.3124294,-3.6592824,-5.0027356,-4.086173,-2.2849374,-5.342294,1.33413,1.7920747,5.048208,4.00543,3.3027728,-0.5851124,0.8631866,0.06403567,2.1938527,2.4575725,3.6830478,2.338971,0.38630494,-0.569616,-0.3930672,happy
-537.2507,38.058853,-14.106685,4.726502,-3.8612566,-8.480325,-11.076237,-11.166878,-7.087174,0.6905158,-9.9376135,-5.417131,-1.9162587,-5.672215,-5.0088634,-6.615019,-5.856462,-5.003672,-6.286419,-3.771794,1.0103455,1.9984912,2.591426,2.747626,-3.241178,2.1935225,3.0394256,4.617239,3.9995165,0.9861015,-1.3259959,-1.027665,-1.8146362,0.7109332,-2.1590388,0.3300125,0.2761689,0.47493252,-0.30524534,2.8258648,happy
-454.0269,31.443106,-16.395184,6.697245,-4.2690516,-12.48555,-8.794032,-7.380773,-6.65695,1.2342857,-9.491821,-4.1652584,-0.045063563,-4.789046,-4.5694566,-5.7210946,-1.1901882,-0.34483734,0.93977594,2.8650126,4.0708103,2.592914,0.8316758,5.8153005,0.86898893,5.6330814,2.0155563,0.13245739,-0.9748176,0.42526326,-0.9103944,-0.7676305,-2.1688514,0.22992803,-1.0278774,0.8891172,-0.065374695,1.8100566,-0.09711744,0.6387401,happy
-520.0863,29.789667,-9.495821,5.796797,-5.9744425,-14.387767,-14.708279,-10.981912,-8.302331,-1.7950729,-12.477537,-5.797523,-4.226699,-6.922263,-3.5185795,-5.728125,-5.8888154,-6.155287,-7.747064,-5.136866,-2.7984943,-1.2324735,1.8581004,3.5938702,-0.4124681,3.521315,1.2892499,3.762769,2.9418595,3.4604282,0.5431644,0.3797334,-2.614387,0.19051965,-0.44231036,2.9239233,1.1641285,-0.073766604,-0.8773312,2.4167874,happy
-531.83014,36.177265,-9.514291,5.0538745,-3.2367587,-11.967565,-10.899472,-9.773921,-6.8099036,1.9978197,-8.246626,-5.596961,-0.61437875,-8.30991,-5.5304093,-2.2202213,-4.65471,-3.2304056,-5.3260894,-4.420537,-2.0912733,-5.0064197,-5.1707754,-1.5899433,-4.948709,1.4719279,1.6067338,3.0554686,2.1817532,3.1063592,0.36933276,1.8674953,-0.77387935,0.37855414,0.9001578,4.1956086,2.674336,2.579675,-0.84212565,-0.16583145,happy
-672.7968,44.611713,0.18129374,11.717804,-3.714227,-4.868635,-11.4453,-8.68859,-2.2597806,-4.1329827,-8.029988,-3.326642,-0.5591609,-5.9292707,-2.5903447,-4.157697,-4.5700836,-0.92494214,-5.4817543,-2.8065038,-3.493516,-3.6393654,-3.4565747,-5.24258,-3.6733894,-0.79014575,1.2941016,2.883661,2.1198556,2.3311539,-1.118517,2.2849536,-0.5663571,1.7039987,-0.4030799,2.234819,-1.9685768,0.82377976,-1.361372,2.1290822,sad
-667.4001,59.642807,3.031689,10.734396,-3.258639,-9.224375,-13.292101,-9.636474,-4.8399014,-2.5742583,-9.710681,-4.040154,0.121356525,-6.074298,-2.4972625,-4.833582,-6.436552,-2.4326336,-5.915605,-2.5136788,-1.2158083,-0.05460829,-0.47835878,-1.5522542,-1.2993785,-0.6191176,-1.2955909,0.012164705,0.5797629,-1.4389682,-2.870176,-1.7034967,-3.6225784,1.7532578,1.3367987,4.271291,2.5652673,2.5425398,0.82671,1.7963517,sad
-680.8529,46.73929,3.1917148,9.208813,2.0486114,-5.5801735,-12.643098,-8.986443,-4.683905,-0.89013296,-9.575981,-4.8910933,-1.2415992,-5.4479322,-3.5799556,-3.525313,-4.141301,-2.935329,-5.5436172,-4.6812596,-3.8170698,-4.763122,-3.634801,-3.694719,-5.105207,-1.5068752,-2.8451803,0.68787503,0.74549544,2.7081122,0.32460633,2.1847005,-0.09382666,1.4678999,1.0790642,3.2771194,1.4532788,2.0465865,1.2106845,2.7401378,sad
-685.20044,46.101902,5.398835,11.138909,0.94865733,-6.5416007,-14.709661,-7.681993,-5.78879,-2.5893607,-10.087153,-4.6205993,-2.875096,-5.39651,-2.3860538,-5.6186466,-4.9719048,-2.6069674,-7.415246,-4.030314,-3.986102,-4.6353993,-4.6833997,-5.4653735,-4.4500194,-4.265616,-2.3473322,0.62195206,1.4890925,2.8823156,1.2210726,1.542196,0.14197485,3.2408202,3.385585,6.6371107,1.6178635,1.2506572,-0.8083094,3.247487,sad
-610.1378,55.019863,-13.821913,11.335617,-0.43844646,-11.673826,-19.71942,-17.082836,-6.096431,-0.5008677,-13.301464,-3.5479224,3.0074654,-8.967908,-5.0019584,-2.4094322,-7.0723386,-2.8233502,-8.073456,-5.544229,-3.9415,-5.448306,-3.6914372,-2.6553802,-4.3823943,0.34465918,-1.7202581,0.067840196,-0.1533912,2.6625898,1.7424455,4.1972566,1.4261092,3.424376,-0.60039866,1.9940118,-0.042867884,1.4621136,1.2774863,3.133523,sad
-635.13965,49.866978,-6.909385,8.639955,-0.9244967,-7.4502506,-15.982488,-11.821674,-6.3137927,2.5080793,-12.213471,-6.009837,3.3427708,-5.6579194,-5.319003,-2.1298716,-5.9794564,-2.8591619,-4.2307796,-6.1450167,-3.777696,-1.0088946,-1.0444723,0.46544033,1.2935007,3.1568031,0.7333178,2.6020982,1.19596,4.7671957,0.69106334,0.7710918,-2.239506,-0.36824983,-2.0108654,0.83104277,-1.4245594,-0.36730188,-1.5196174,1.4037893,sad
-623.2237,49.779057,-0.06429085,7.7967396,-1.5724226,-13.899131,-17.891651,-13.158686,-10.357683,-2.2310796,-12.010121,-6.93072,-0.56456953,-9.3037405,-5.8076034,-6.487759,-9.234405,-4.698531,-8.645583,-5.911874,-2.5413516,-0.8987003,-0.17700323,3.646817,2.8179753,3.932998,2.2763093,2.7062135,2.3055916,5.5750933,2.2787426,3.688011,0.27459836,-0.21268617,-1.3930314,2.134889,0.40727198,0.667531,-1.1429164,0.0030478288,sad
-595.4007,51.960415,-8.388943,7.897837,-0.4423959,-13.809476,-22.989067,-11.996373,-3.949682,-1.8608873,-13.484979,-5.732569,2.2063332,-6.132354,-4.5873294,-6.159732,-6.0841923,-5.006163,-5.555596,-4.0471277,-2.820819,-1.551434,-1.7460141,1.8849651,2.444129,6.3325815,6.629897,5.61502,4.7142897,2.069807,-2.9204648,-1.0346471,-1.1194991,2.0633717,0.6688301,0.76796716,-1.6628389,1.5953449,-0.72655755,1.9183468,sad
-516.3607,39.63817,-3.9544833,8.232257,-6.10125,-7.1788516,-5.8920608,-9.803115,-7.196022,2.0154603,-7.0434313,-2.503003,-0.74394405,-5.1182528,-1.7750717,-3.9623652,-3.7484841,-3.3615274,-5.581565,-2.377568,-0.33967835,-1.2621398,-0.72991127,0.62380785,-4.309072,2.0554917,-1.3118916,1.6439757,1.2430537,3.8408422,4.1748705,3.1283605,0.64442444,-0.54974943,-0.5663013,3.4119377,2.3887534,2.0970116,-0.7753262,1.5114932,angry
-484.2248,37.301254,-4.630347,4.902926,-6.044148,-8.455348,-4.1947746,-8.831252,-11.480977,1.75933,-7.805763,-5.0696607,0.15935534,-4.8297315,-2.5352678,-4.595997,-1.7449566,-3.528635,-5.358718,-3.8816097,-3.4452102,-3.276646,-2.0349925,1.8701419,-1.0512469,3.3598456,0.9038128,2.3206587,2.562863,4.042633,3.9149215,3.641189,0.8386443,1.844949,-0.07290574,1.9626983,1.2580384,1.1655306,-0.40674472,2.0070167,angry
-542.2605,33.78299,-3.8036227,3.0919862,-9.681707,-6.023738,-8.644806,-11.424565,-11.61502,-1.2892503,-7.2457585,-5.946874,-3.147821,-5.415154,-6.079908,-5.4485435,-2.2839818,-6.972795,-5.9772744,-2.386894,-4.6167192,-0.18332288,-2.326658,0.3499697,-3.7624114,-1.2105942,-1.5949194,-2.0967324,1.3954653,3.8844702,3.6054175,3.812211,-0.6496135,1.0712967,-0.32892057,3.0586953,0.41418186,2.2374346,-1.0377082,2.285688,angry
-497.7165,35.110737,-4.0375,8.741479,-5.4947977,-8.112448,-7.9099684,-11.858703,-10.675444,0.51439625,-8.358421,-5.9860363,-0.44622925,-4.928971,-5.7056713,-4.046628,-2.2137372,-4.0216236,-4.670222,-2.1449404,-4.416674,-0.6692822,-1.7378907,1.3706349,-4.525661,2.2017353,0.23622411,1.958439,1.1253426,1.4124978,1.1860803,2.0361137,1.6750425,2.2184854,-0.70764035,1.8223726,1.0605146,3.2975311,-0.19302198,2.6415439,angry
-440.9078,33.383163,-8.692477,4.528369,-10.455301,-11.298502,-4.232059,-10.755426,-9.554722,1.8070228,-9.219636,-3.2875633,-0.8836385,-6.102853,-4.041291,-6.511432,-4.9637947,-2.4598405,-2.4882658,1.0511823,2.62407,0.737324,1.7657137,3.5821488,1.4597472,6.1092715,1.5909878,1.6264104,-1.742487,-0.18663292,0.4352009,1.5122088,-0.6628183,-1.5386586,-2.1740568,0.86313283,0.5795393,1.7033222,0.14632289,1.6832355,angry
-425.36636,28.141972,-18.408752,2.3424206,-10.613113,-12.770655,-4.541979,-13.798555,-12.134355,3.6467106,-8.831522,-4.7703834,-1.5623286,-7.2879686,-3.4568644,-3.9517484,3.4970818,0.50963026,-1.1967536,2.0730355,2.2849526,2.4882705,4.418067,2.672189,-0.5363271,2.7747743,0.42112845,1.6935023,-2.5814824,0.4453827,1.6224022,0.92772186,-0.83355904,-1.2448213,-1.6337342,2.255362,0.57541054,1.6302365,0.62346643,1.5790023,angry
-435.68274,22.032663,-14.917262,2.2537577,-8.417856,-13.33416,-1.1918668,-15.193333,-12.142306,4.1888976,-10.586129,-4.800987,-4.3694415,-6.9786363,-6.330925,-5.3263073,2.0605915,-1.3598408,0.25749487,3.264075,2.3442852,2.8685646,5.162359,3.0098956,0.7775248,1.0019987,-0.42054573,-0.516334,-3.756799,0.775085,-0.45928583,0.8913619,-3.3860912,-1.0329524,-2.1413224,2.7870748,-0.8386831,1.0638893,0.42016843,2.8886015,angry
-445.2739,25.886147,-11.649359,2.1753507,-8.994989,-12.142753,-2.6324358,-12.373636,-11.14048,4.9074473,-9.6001005,-2.9852684,-1.2572461,-7.385033,-3.871801,-4.2775416,-1.1463233,-2.653006,-5.7287006,-3.5585861,-1.429263,1.3906751,5.2248464,9.072632,4.2084856,5.8872437,0.9368713,0.3234721,-0.5676469,0.34151345,0.19792818,-2.0901017,-2.5402744,0.33113334,-0.57589525,0.93001366,-0.31108925,-0.13190657,-0.9940052,0.9100889,angry
-573.09314,44.544697,-9.090086,7.4588456,-3.050851,-9.040844,-10.19501,-12.724416,-8.7382555,0.8043764,-11.7098055,-9.104034,4.2537346,-2.5611622,-6.6931915,-6.103315,-4.878037,-4.0724654,-3.3497791,-0.27432975,2.7303214,4.0074253,1.8283651,4.6227584,0.9785681,5.5196223,4.482091,0.5279996,-0.7989543,-2.442962,-2.7396953,1.3170277,-1.4149494,1.9650179,-1.1927176,1.2123632,0.4501831,1.2952654,-0.6196746,1.7068193,fearful
-608.09076,40.908195,-2.3405602,9.38607,-2.1950827,-3.408693,-8.789885,-11.312394,-6.024706,0.57093,-8.627118,-7.1661525,2.58911,-2.9668255,-6.20146,-3.3932908,-4.6999736,-3.3585224,-4.9840765,-4.9777865,-4.0592837,-3.808884,-2.2267272,3.098555,-0.5486697,5.453915,0.3518804,1.9440825,-0.24770977,1.7039865,0.6029971,1.7072815,-0.6109343,1.4008799,1.7268915,3.0034158,1.8974243,0.7726897,-0.45318264,1.8478737,fearful
-583.1845,38.399662,-1.5146136,9.677088,-0.6118452,-8.201895,-13.624723,-10.661943,-4.016348,0.14135888,-9.998659,-4.0719843,1.8361651,-5.1729875,-4.06831,-5.668045,-4.6661663,-1.6849464,-7.24538,-3.402636,-3.9078357,-3.3130832,0.5875107,-1.4902494,0.09050323,1.6440254,0.32252377,2.8737094,0.2577605,2.7900553,0.7525269,1.2217647,-0.7813864,2.580045,-0.3770841,1.6016947,-1.6547697,-0.3646992,-0.1522075,2.6344073,fearful
-550.81915,37.23245,-5.9668612,4.732356,-2.0085788,-9.404683,-14.451253,-14.265599,-8.41446,0.7587995,-12.590665,-7.83936,1.5324708,-6.720425,-6.038461,-4.286007,-5.6396217,-3.1163664,-4.289155,-4.300074,-0.21320096,0.7380546,1.9806998,4.093763,1.0255641,5.797588,0.3627769,1.638773,-0.120877944,-0.35862446,-0.47404855,0.5731844,-1.2606063,0.8021692,-1.1039245,1.2855219,-0.3979817,1.5259095,-0.47698846,0.9136061,fearful
-406.96347,25.980309,-26.406763,1.7620198,-10.926497,-14.45491,-14.665293,-15.438831,-10.513911,-0.91560215,-15.93666,-8.764136,6.464899,-1.367118,0.44928735,1.478081,4.8540125,6.177561,2.0884135,0.53233224,2.2242966,2.5298173,-0.3182879,3.134903,-2.087843,1.313721,-1.6149318,1.4464949,-0.20827754,-2.1412764,-3.8453577,-1.2527801,-0.72534615,-0.4508027,-2.4423018,0.54390913,0.43926784,0.59764767,-1.7391382,1.2103542,fearful
-390.477,18.890251,-27.031872,0.8723713,-9.4669075,-16.579594,-13.888438,-13.248324,-9.088618,-0.59835106,-14.074069,-2.6092677,9.437297,1.0392565,4.8897047,5.6854043,8.467116,10.4648075,4.979049,3.4133315,-0.66455805,-3.25905,-2.9988852,2.3175647,-0.91730636,1.429949,-3.9788084,-1.9124926,-0.849664,1.680311,-0.52629316,-1.4268259,-3.4130962,1.2751374,0.2486965,2.879872,1.7040727,2.1471703,-0.062910944,3.242539,fearful
-402.5625,18.201899,-28.710587,-0.29559147,-9.608508,-18.010765,-12.938778,-17.653666,-13.400569,2.0590334,-16.326477,-6.7968135,6.921985,1.3674097,-0.38953057,2.108764,5.9472494,7.075784,4.5573735,4.19616,1.3583101,1.1524864,-1.7400495,5.957247,-0.4539692,2.1495101,-2.5181355,-0.9067281,-1.3119311,-0.41992056,-1.4186804,-0.4184449,-3.9114256,0.59595084,-1.1899239,0.11254935,1.6487496,3.4220817,1.1445904,2.3139558,fearful
-401.5738,23.687204,-25.908447,-1.582115,-8.451981,-16.968536,-13.645366,-16.698746,-10.5707445,2.2196157,-13.938412,-5.6520624,7.5476565,2.4233475,-0.60455644,3.1281433,5.8347416,7.390669,3.0106566,1.5044658,-0.32712564,-1.0395386,-3.9385626,4.253791,-1.4294074,0.40692067,-3.2767496,-1.3594062,-0.84760237,-0.11295413,-3.402796,-0.41620508,-2.986703,0.8957037,-1.5111837,0.5999117,0.9741304,2.9440768,-1.0440401,2.9274032,fearful
-625.4138,50.351124,-0.10346411,9.324964,-5.052659,-1.2022097,-9.441998,-10.114929,-6.7675557,0.7877245,-6.393938,-5.310206,1.6811858,-4.568725,-5.344858,-2.0719197,-5.4187646,-3.250185,-4.836431,-3.5173998,-2.9078946,-2.5599904,-2.2908967,-2.1038077,-2.7731755,0.7361693,-1.5613524,0.9224571,-1.7220315,-2.33574,-2.7590082,0.41523102,-1.7014228,0.73674303,1.0872548,1.8654113,1.4669269,1.9599448,-0.8561525,2.1704783,disgust
-605.6168,54.71701,-1.7419748,6.1326065,-6.523242,-1.7850978,-10.140294,-12.728808,-5.0351696,0.8588697,-8.006942,-5.7480354,-0.0878475,-4.117429,-3.7826185,-4.4473863,-5.88871,-4.362553,-4.866104,-1.8790082,-2.9385138,-3.428407,-3.6394472,-4.356966,-4.7211156,-1.7858579,-2.6340027,-0.99592304,-2.4115162,-1.7202685,-2.3305087,0.3385164,-1.4258125,0.25737238,-0.26363325,2.8446872,2.9542723,3.764444,1.5397121,3.068102,disgust
-625.2125,44.11979,0.44855708,9.450166,-4.976931,-10.867088,-12.835262,-6.066405,-6.245357,-6.1379466,-5.955895,-4.545088,-4.438449,-3.9759998,-4.1003995,-7.5352798,-1.7830079,-5.0931706,-7.7186985,-1.3379077,-5.2020917,-2.4641008,-1.6262221,-1.1402637,-3.1456065,-0.9472492,-3.4972887,-1.2559624,-2.4623532,0.12509206,0.5620577,2.1014476,1.4735423,0.46123347,-0.7937294,0.90703666,0.24612477,3.4815068,3.8610277,3.4705977,disgust
-584.1529,48.059223,1.9473695,7.9273934,-0.32814997,-6.6997848,-10.767588,-7.619088,-5.6991377,-1.0516716,-7.4607186,-3.2299469,-1.8900542,-4.1325746,-1.7621217,-4.275743,-2.6807303,-3.0836773,-5.528942,-2.0663698,-5.235356,-3.3626435,-3.5475693,-2.7984457,-3.0270207,-0.07540206,0.4610758,0.29847956,-0.92900187,-2.4944491,-1.375475,0.29442418,0.2875257,2.8614514,1.8485084,2.924858,1.9706807,3.015333,1.3383446,2.8748143,disgust
-591.3774,51.13715,2.0574613,8.324608,-4.867676,-7.3198786,-12.829046,-13.708764,-6.166743,2.4399285,-9.691351,-6.857939,-1.0409594,-5.712126,-5.8043685,-4.506916,-3.6925538,-4.6853566,-4.702818,-3.076662,-4.616321,-5.000248,-3.6974342,-3.0205767,-7.510407,-1.9342241,-4.6798363,-3.7064447,-3.2419748,-0.82169956,-0.96375275,0.9248508,0.12816189,1.6040218,1.7500927,3.7633286,4.25266,4.224762,1.29671,2.266951,disgust
-567.6983,48.268368,-0.87317896,9.672164,-6.2310143,-6.1570506,-8.001659,-12.456642,-7.3148494,3.7370646,-7.345494,-6.121378,1.0840099,-3.725729,-5.5611086,-3.1293151,-4.2380505,-4.725199,-3.5301654,-3.3432398,-1.7839681,-3.7608185,-3.457679,-1.7671278,-4.840245,-0.7505201,-2.4347234,0.76088166,-0.011950216,2.316624,0.3684749,2.2868536,0.65500516,1.5582945,1.5613275,2.1089969,1.9736875,1.1599067,-0.44643164,1.506104,disgust
-573.01886,47.702213,8.315763,9.39464,-1.6831186,-8.626709,-12.220373,-11.266495,-10.968114,2.815562,-12.174966,-5.560739,-1.4223807,-6.274596,-6.7047753,-4.033718,-4.3213124,-4.853815,-6.532602,-4.1805053,-4.032462,-5.3744583,-5.37781,-4.214715,-5.835297,-4.4088907,-4.338343,-3.2977653,-4.771405,-1.1895658,-1.4698156,3.6053085,1.5353715,3.4713078,1.3786277,3.1392508,1.1939951,2.7108526,2.3178983,3.1857443,disgust
-547.65784,37.61478,0.05249066,5.210283,-3.7895927,-12.356822,-10.20872,-8.127318,-8.822582,-0.5741936,-9.370645,-4.453285,-2.0736527,-5.6176414,-4.563738,-6.503523,-3.4192448,-3.84066,-5.7216253,-3.284871,-5.0039268,-4.3795137,-4.0844507,-1.7785513,-4.59336,-1.5954971,-0.09231436,2.1982408,3.7996924,4.9661083,4.1064215,5.034505,1.1821675,1.6280351,1.1395699,3.8664608,2.2331624,2.7809823,0.2712933,0.28287104,disgust
-610.3378,45.777775,-8.518452,4.789655,-5.6445065,-10.512263,-12.236601,-8.404194,-3.2949686,-3.0053697,-10.023213,-1.8259976,-5.563402,-3.8825228,-3.486884,-8.448284,-3.0380728,-2.8597658,-2.5075195,-0.5665467,0.046273027,1.6455904,-2.6268353,1.5198092,-2.254977,1.0205911,0.83182067,-0.7244917,-0.31983694,-1.7577847,-0.23542103,1.4639987,1.3235077,0.13661183,-1.1366469,-1.0818648,-1.1828794,0.73715824,0.3949218,1.8169277,surprised
-564.3452,41.12686,-6.468555,2.2192497,-10.326286,-12.414281,-13.351358,-6.1313925,-6.956504,-6.420755,-5.9194913,-5.436769,-7.507436,-2.1168048,-4.1864233,-3.6109567,1.4352391,0.11328924,-0.045199197,-1.3243368,-1.7415632,-3.7411242,-2.0775793,0.19789891,-2.7990963,1.5454904,-0.95103943,1.3708372,1.096746,0.64996666,-0.6518847,-0.8348396,-1.2729036,0.34810066,0.32150683,2.002981,-0.47262293,-0.6063245,-0.65750533,0.81230575,surprised
-582.6554,40.385452,-6.5142984,3.8695393,-6.550286,-10.057134,-12.808717,-11.570229,-5.127692,-3.6055384,-10.346638,-2.3639703,-5.61611,-6.253733,-2.959621,-4.882642,-2.6485722,-1.9624197,-5.258093,-2.3113077,-1.2808306,-1.469564,1.3887848,1.0048902,0.888595,2.3765008,1.4449049,2.4398966,1.411277,3.5979102,-0.2797946,0.4205995,-2.4225307,0.58102417,-1.021814,2.093266,-0.95069027,-1.465519,-2.204353,0.71765393,surprised
-533.9775,34.28267,-6.8140388,2.4528637,-9.102088,-14.345847,-14.975832,-4.984299,-8.458524,-7.266215,-8.106401,-6.1714664,-7.114113,-2.3196743,-2.0774703,-2.243973,2.8079424,0.32480964,-1.7567558,-1.4207517,1.0512071,-0.7462649,-0.3616373,-0.86260545,-1.9291604,0.5956789,0.3001219,1.7856152,2.177473,2.0589697,0.8544662,0.8860264,-2.2851875,-1.2861888,-0.8807447,0.7816956,0.6821145,-0.10345012,-0.5883594,1.016152,surprised
-559.802,43.886997,-12.69484,2.931148,-7.671615,-9.162408,-13.949363,-11.902747,-2.6967,-3.6659932,-9.781438,-4.213683,-4.8090906,-6.3781095,-0.6544361,-7.187468,-2.7410507,0.47903213,-1.3341366,2.3912513,1.1884762,-0.5408812,-1.7689971,-2.0726898,-0.2845942,2.0307662,3.686043,1.3771268,1.1176182,-0.7453653,-2.180117,-0.37183458,-2.7770123,0.49136025,-0.97051144,1.5318601,-0.5091199,1.1438447,0.6209663,3.1694999,surprised
-538.7351,43.637943,-10.010734,2.254062,-11.11717,-12.480883,-10.740067,-7.4319296,-7.7844205,-5.412877,-9.358666,-5.4684534,-5.256515,-3.7107317,-3.3525236,-4.3672056,0.82841873,-2.3790658,-2.1088889,-0.6211506,-1.1196628,-0.35088006,-3.1661053,0.9831706,-3.3730438,0.79962546,1.2057071,1.6598064,2.6080263,2.0088384,0.8160774,-1.2622136,-2.1130157,-0.05183877,-0.07504567,2.0535493,0.021673314,-0.39878914,0.21445759,1.7141552,surprised
-511.7434,39.926937,-10.429711,-0.11581064,-5.94658,-15.16559,-14.706602,-10.991037,-9.101171,-3.9145713,-11.386824,-2.6643353,-2.8705878,-5.3442698,-4.814492,-5.9960995,-1.1418736,-0.2698955,-1.3785802,-2.2348337,0.94875604,1.7090577,0.5032685,4.641755,2.1495068,3.0569289,0.2736791,-0.7223469,-3.342707,-1.5592752,-0.2488627,0.6945986,-1.4488305,0.045067504,-0.52648056,1.4390038,0.23467435,2.0448625,-0.84388596,0.71863747,surprised
-536.67645,36.950226,-9.292239,-0.22001985,-6.690409,-15.099825,-14.859607,-9.450257,-8.276844,-6.0155096,-10.883524,-4.192055,-6.3360286,-2.8406343,-2.237552,-1.8996953,1.4010116,-2.515501,-3.3824222,-0.6766516,1.6672165,-0.23375325,-2.2045074,0.70371974,-2.3147097,3.2998533,3.2961514,2.5791101,1.0064838,0.30397493,-2.0149384,-1.1777592,-1.6992298,-0.17372118,-1.2605225,-0.34698105,-1.2797382,0.12222743,0.44298613,1.2951995,surprised
-643.41547,74.270744,10.1289625,19.266329,17.357733,7.346875,10.001106,-5.4697943,-4.187753,6.554221,-0.9718297,0.6891041,5.4083533,2.385073,2.4478083,0.58177876,-0.7669474,-0.85674864,0.10947101,3.211684,-2.5102234,2.1952438,-2.437324,0.020431949,-2.382887,2.8510625,-1.6779855,-0.12590446,-3.3418484,0.17254032,-1.2335591,0.22321734,0.31198868,0.32254195,-1.7583271,-0.9623493,-1.7527953,-0.98343503,-2.1397297,-1.6564239,neutral
-646.3001,68.106094,6.514981,18.00364,14.267371,4.858087,10.486649,-0.8842275,-3.3458776,4.5166874,1.673311,0.22561112,5.887637,2.3269002,0.62452716,0.8422682,-0.38476354,-1.6093042,-0.23905733,1.8245118,-2.0176113,1.0672398,-1.4758513,1.4533819,-0.7501355,0.48293594,-1.660219,1.6857346,-3.3252494,0.24858907,-0.6130678,0.51150596,-0.59274304,0.6724873,-1.9078947,0.17885289,-0.39538565,-0.34194475,-1.0159405,-0.9409299,neutral
-635.13477,70.687996,8.320676,17.101683,13.083545,5.2851906,10.842829,-4.5352573,-6.7484827,4.712247,-1.4344002,-0.66278285,6.0088053,0.13194072,0.28380847,1.704898,-0.75763893,-1.7741327,-1.2335266,2.005755,-2.4320433,0.4077889,-0.99008363,0.41243535,-1.8321606,1.5778356,-2.702218,-0.13014401,-4.0864043,0.074496455,-0.8760915,0.07336407,-0.33910993,-0.89379066,-2.5710793,-1.6594992,-1.3071669,-0.93818796,-1.7962159,-1.032935,neutral
-626.3087,68.77038,6.1231217,16.59997,12.538299,6.208741,12.122707,-5.671224,-6.6812954,6.1465154,0.076912336,0.64340436,5.7245355,0.12346417,-0.3638842,2.8882828,0.014289577,-1.9036208,-0.58419126,1.9335665,-1.8395299,1.4885182,-0.73687285,0.2654444,-1.7211004,0.9860681,-1.9507086,1.056171,-3.2094593,0.102531634,-0.7730574,0.3708371,0.3182263,0.6758298,-1.6828898,-0.6719329,-1.6718438,-0.5588853,-2.0704222,-0.6077074,neutral
-647.11743,63.513783,6.040068,15.049637,12.956362,8.22026,6.244674,-2.6909752,-2.2044027,4.0563188,0.67914444,-0.006234933,5.6387033,1.7890093,-0.4963121,0.4510836,0.15634868,-1.0800632,0.31827414,2.3332334,-2.490964,1.7008568,-2.9470372,0.94965297,-1.3549678,0.25824177,-2.3430974,-0.6383754,-3.3007417,0.4638108,-0.6256299,0.52523565,-0.832948,0.638797,-1.7731501,-1.0632252,-1.9634675,-2.4678042,-2.6598203,-1.041665,calm
-648.04004,65.04307,14.119349,19.110561,15.406818,8.217192,7.7473097,-0.9556667,-3.0809283,5.4349413,0.0982311,0.043317806,6.1806045,0.81674594,0.7214631,0.9855922,0.17221113,0.7126043,0.0665729,2.0943632,-1.673016,1.8331039,-2.1942441,1.2359098,-0.8490743,1.1469753,-1.4686185,0.80119026,-4.2821436,1.3559273,-0.39679527,0.59120834,-1.1909851,-0.48058504,-3.515712,-1.4676113,-1.2089986,-0.9812633,-1.9253249,-1.8993359,calm
-640.57367,67.59953,16.379452,20.830208,12.9886465,9.699613,9.876498,-2.1707084,-1.7743534,5.5753813,-2.8774197,1.7500913,3.5975115,-1.1175518,2.4276133,-0.1535961,0.11816688,1.0334702,-0.8117403,3.8203228,-2.9257052,1.9082546,-2.1234329,0.77809286,-1.9698464,0.9190118,-2.1772654,-0.23731424,-3.8134007,-1.1302556,-1.4525734,-0.51604897,0.702765,-0.42946374,-3.355245,-1.9093325,-1.282152,-1.3570949,-2.1565983,-2.2783616,calm
-630.00195,68.62683,13.304627,16.321669,12.31307,7.254148,8.636881,-6.404462,-4.800525,7.025464,-2.579276,-0.9963814,4.4791255,-0.8653522,-0.0051835184,1.2648361,-0.13695882,-0.11237251,-1.3647224,0.96272576,-2.1506467,2.6277797,-3.1385865,0.2164697,-2.5564852,0.94814426,-2.0223904,0.8415634,-3.6529744,-1.6335528,-2.5825067,0.6655292,-0.20521948,-0.5145808,-2.6337583,-1.5503181,-0.7955847,-1.3067725,-3.116478,-2.475705,calm
-636.56213,68.05811,10.323644,23.259857,19.192451,10.536607,10.374525,-5.9565,-0.87828857,7.085208,-0.21479295,-1.2171484,3.6790223,-0.25698996,2.0399144,-2.3420694,-0.6569896,2.897119,-1.9680847,0.49388048,-0.58502865,3.3064446,-3.8288052,2.960489,-1.2644687,2.218177,-1.6148071,2.2124035,-3.5662878,-0.9038985,-1.7458967,0.7098768,0.41272056,0.588559,-2.9793336,-1.595039,-0.9509968,-0.48460722,-3.5750499,-2.536444,calm
-676.67456,72.603165,15.167756,23.859,14.977868,7.909714,12.061755,0.5713326,1.4427127,3.8794203,0.30871224,1.3725489,5.3262005,0.89765227,2.5895503,0.8919394,-0.49811006,0.7026451,0.18350807,2.673546,-2.4931157,1.2093322,-2.1837726,1.6918609,-1.3960534,2.1621006,-1.9025474,-0.24031131,-2.5029857,-0.4684797,-1.576462,0.5781066,-0.30698058,1.6878631,-1.2998563,-0.34762335,-1.9745014,-0.8005258,-2.1079113,-1.9743195,calm
-635.0464,63.893932,15.266428,24.416681,16.114742,9.3831625,5.3948917,-4.720842,-1.5480428,6.7038665,-3.2020702,-1.1742721,6.5548615,-2.7673569,0.5058154,-0.5642461,-1.899982,-0.3704088,-1.4675364,3.119745,-2.8585064,1.601186,-2.643028,1.6531965,-1.4383295,1.0435961,-3.6625652,0.1469103,-4.4893684,-0.6333267,-2.090939,0.07685241,-0.009889258,0.26033285,-3.6237595,-2.3515697,-0.8924323,-1.1140553,-3.3245695,-1.1389056,calm
-682.3891,79.002045,17.37911,21.396477,13.306619,13.511759,13.087049,-1.7722529,-3.5146563,7.4084272,-0.14039701,1.6077635,6.9407234,-0.9435225,0.9450569,0.21583568,0.5053153,-1.1962731,-1.0409241,2.3967767,-2.592331,2.266662,-1.6168473,1.578088,-1.5481509,2.4943287,-1.3705564,0.24354771,-3.3951678,-0.6439566,-1.0676035,0.68578285,-0.7866575,-0.13823113,-1.5907016,-0.7343211,-0.8800722,-0.09460955,-2.476892,-1.3097098,calm
-610.1369,61.733074,5.957527,14.201257,11.472875,7.9942775,3.772367,-5.5965853,-3.7501562,2.536602,-0.4505762,-1.1969374,3.949305,-0.36353552,-0.074753255,0.7575957,-2.0495346,-0.601116,-3.615737,0.46479106,-2.7213519,0.57328695,-3.6759815,0.34328917,-2.0737367,-0.06432856,-2.2513433,-0.9397407,-4.4062634,-1.0239017,-1.3607141,1.5253377,1.798762,2.6990569,1.2932509,2.7565525,2.0854409,1.216005,0.93064433,2.178971,happy
-579.5533,56.864445,-1.7325176,14.813866,11.037874,6.2699766,2.2304754,-7.3029966,-5.016216,6.1538906,0.46992233,-4.9591856,4.706697,-0.4751207,0.5155919,1.8917289,-3.9545763,-1.6334351,-2.6433978,-0.45209658,-3.5797966,-0.7759731,-1.7537539,1.3110651,-1.7146145,0.5476101,-2.1929069,1.3423356,-1.0951979,0.83746415,2.453517,3.410512,1.2800857,1.3631308,0.53765863,1.3360068,1.5989064,0.61742496,0.32319286,2.3250227,happy
-577.4066,53.992443,-0.94690347,13.104203,9.927898,1.52967,4.818401,-7.3314104,-7.3517547,2.7587748,-1.0207425,-3.073496,5.6586614,-2.1142766,-0.9029841,-0.39607298,-1.4780768,0.18928836,-3.8403442,-0.82732636,-4.348143,0.5708312,-2.5741696,-0.48865274,-0.80522895,-0.15251566,-1.6960448,2.3320596,-2.8138816,0.57122374,0.6248815,1.9323716,0.5488147,1.3049656,-0.9999577,0.4995283,1.2102638,2.557352,0.9745456,1.8846896,happy
-550.58545,63.863407,-4.44842,13.594886,4.851375,6.5071983,1.8665653,-15.731583,-7.7440457,2.7967021,-0.71663886,-4.8513756,5.0106673,-0.11197159,-2.9889762,1.4395212,-1.0425618,0.9205873,-2.9221478,1.030355,-2.6019902,-0.578665,-2.3374724,1.5103296,-0.97259164,3.1218135,-2.9685245,-0.15730053,-3.6615849,-2.4394329,-2.6608527,1.3218428,0.9871238,1.5336179,-0.88472134,-1.0693309,1.9649913,-0.048787933,-0.4652885,1.0877807,happy
-499.17606,41.350513,0.9967068,5.921629,-1.011453,-0.22103238,-3.111348,-3.8604653,-5.553369,-0.20316291,0.6400581,-3.026538,-0.5295206,-3.7004235,-1.7714596,-0.106099695,-5.5388165,0.9600901,-2.3325267,-1.0869355,0.45908418,3.9503353,1.9558758,6.269774,4.9115334,7.0928736,4.47648,5.502692,4.0236416,3.908237,4.7346606,5.585081,4.5135612,4.682683,3.3488758,3.9523125,2.5390866,2.1460257,2.2032301,4.249992,happy
-417.975,33.88232,-4.277143,3.581803,0.1625992,1.3603498,-2.0349863,-5.9920883,-6.4194536,-1.2584413,-1.7545135,-4.137938,-1.469856,-4.3132124,-3.6041136,-0.6694692,-4.7975135,0.4141575,-0.72900474,0.33556238,1.5094022,3.3550184,1.5409591,6.0507903,4.634488,5.9821978,2.5399408,4.151861,2.3857899,3.7503822,3.472715,3.9853199,3.9333937,4.807275,3.6167443,3.4285588,3.421935,4.100767,1.7486236,1.573967,happy
-485.4603,38.73135,-5.713625,4.887478,-0.5471616,5.1731634,-4.663788,-9.026835,-7.244776,-0.02736697,-0.90455806,-6.400279,1.0298612,-3.7416265,-3.003966,-0.35745296,-8.560992,-0.42688784,-3.7330697,-2.2354712,0.8441938,3.35397,4.018543,6.451622,3.3640587,5.835255,2.1512687,4.9303656,4.298746,3.2874396,3.6442845,4.954807,4.5733886,5.0755634,1.8862312,2.9060745,1.8600888,2.233631,2.2775183,3.3448076,happy
-493.38986,36.77482,-2.4481905,2.3409147,-0.34594744,3.638196,-3.7313414,-7.8429117,-7.3500376,-1.322657,-3.6178231,-5.669363,-0.6605523,-2.9484758,-2.8450415,-0.6997896,-4.4038086,1.683766,-1.5619063,2.9535487,3.7419128,4.610529,3.3696063,5.2454786,5.293872,7.807303,3.049415,2.0611541,0.097895764,1.5804838,1.3623767,2.1155372,1.7399683,2.1532335,0.24307898,2.3419049,1.0289721,1.3603935,1.557984,1.6083822,happy
-608.63434,67.913414,-2.6763551,12.063809,11.49799,4.7372723,9.130806,-6.4666495,-7.8018985,5.048292,4.3622117,0.8087415,5.8125114,1.4503247,-0.07758029,1.6717347,2.260362,-0.32777023,-1.2924252,-0.46187654,-2.5212293,2.420462,-2.0134697,1.9595679,-0.461337,3.0489535,-1.0612402,2.4515822,-3.5259342,-2.0608652,-2.0574284,0.34829682,-0.18922578,1.3594788,-1.5155013,-1.3314669,1.149651,1.5871522,-1.2105854,-0.74635464,sad
-594.5893,67.6659,0.5864589,11.003987,11.4811735,4.8641334,8.608369,-4.438407,-5.4650464,4.616315,2.459528,0.6836105,6.8486004,1.041308,0.8169833,2.0818465,1.3172303,2.1085796,-0.85377645,1.173488,-2.0570993,2.3511164,-1.299791,2.0487099,1.3313537,3.1956367,-1.2031453,3.0344303,-3.0873861,-0.86011523,-2.119055,-0.86775845,-0.23124927,1.351936,-0.7645877,0.33357805,0.8630651,1.5557027,-0.8699164,0.11250846,sad
-633.9332,72.0855,3.6037424,19.793007,11.057418,5.766803,12.411338,-4.7705545,-6.4159536,4.7997127,-3.049844,-1.1222651,6.8557034,0.4678312,-1.619982,1.1158271,0.71050245,1.581049,0.59418064,0.9492009,-1.5661262,0.1991275,-3.1328447,1.8342055,-1.0621891,1.8298855,-1.8604461,1.4006324,-1.5538839,-1.0002811,-2.0759456,0.88357615,-0.25598645,0.3254119,-1.9253283,-1.432748,-1.0241334,1.1016089,-2.4032204,-1.952777,sad
-590.1187,64.28956,-2.4364862,14.269321,7.102041,4.480054,7.944392,-4.0307717,-7.172329,4.212894,0.7366559,-1.4158326,6.2471976,-0.6959045,-0.25336173,1.6481967,1.6565446,0.53237057,-0.7632797,-0.19230647,-4.2499285,2.162401,-1.5098529,1.9021833,-1.3251201,2.5140433,-0.013541014,3.2412763,-2.094482,-0.71555233,-2.2280335,-0.031527787,-1.2001199,0.95053416,-1.7872297,-0.44050536,0.6402905,1.0212686,-1.271553,-0.6182958,sad
-541.98645,58.271225,-9.036556,8.323258,11.543165,6.102736,2.212381,-9.480305,-7.110378,9.199944,4.1514883,-0.7134834,6.4728413,1.9169343,2.7120087,5.317602,-0.033389397,1.5952278,0.35044968,1.9234515,0.18174048,3.2680721,-1.3292326,4.0041137,2.0903876,4.2381954,2.1918743,3.0084677,-1.4363179,0.4556921,-0.31984815,2.0275667,2.8203833,3.3139703,1.2108393,1.1461726,2.5679095,2.234443,2.3555145,2.9951103,sad
-557.65906,55.787945,-8.522722,12.111011,9.80406,1.1556838,3.0540054,-6.903961,-8.128246,5.9532194,1.1419595,-1.4098368,5.407528,0.61878264,1.9127743,3.4874115,-1.3671086,1.1398093,-0.2745832,1.9480072,-0.024473261,2.454033,-2.9771981,2.0349076,0.16432782,2.3458073,0.53647673,2.5044909,-1.7353323,0.7109429,-0.3183504,0.8631609,1.534963,2.4055505,0.17318496,0.13846579,0.7091789,1.0358719,1.5978796,2.2579174,sad
-532.9795,57.797264,-14.447856,13.213606,7.329324,4.1557155,1.2125379,-12.97953,-10.216127,5.6420393,3.3270385,-3.5230165,7.1566052,1.3504871,1.2244794,7.21682,0.29087004,-0.86514056,-0.061575744,0.96600026,-1.4246885,3.1067164,-1.8510919,3.5261762,2.2297285,2.712326,0.6562214,2.7560585,-1.8111652,0.049800284,-0.6702065,0.9069534,1.5181717,2.1967266,-1.6928711,-0.93047315,1.7381727,0.56161535,-1.5227194,-0.5790172,sad
-539.16754,53.853718,-13.574288,10.628253,7.7405505,2.7703195,-1.2468538,-13.05928,-10.986108,6.833076,0.7793339,-5.329584,6.852957,-0.42179203,-0.9338874,5.5726247,-0.6003527,-2.9201956,-0.76173145,-0.15181781,-2.4780295,2.9102132,-3.524059,2.9754763,1.1105735,0.7113608,0.57966274,2.902033,-2.831051,-0.41025257,-1.6849985,0.738862,0.25494906,0.6552976,-1.9205188,0.05070134,1.751306,1.3951342,0.4509979,0.8290129,sad
-641.7649,54.49306,7.0726757,15.5961275,14.794381,6.824033,6.812165,1.3340627,1.8020952,4.6208544,1.4182926,2.9333587,6.208747,1.9701579,1.1219736,0.20868678,0.73212045,0.9831097,0.9113375,0.6541682,-0.42198867,1.1247979,-3.0823898,0.39985037,-0.9438835,2.1751668,-1.3750185,2.285271,-0.71370685,-0.88030183,-1.504599,-0.44751745,0.66305256,2.1312833,-0.47295776,-0.10492204,-0.8796637,-0.17787556,-1.5541323,-0.37681293,angry
-594.48914,65.46621,4.326873,15.879797,11.388667,5.0765085,7.6904755,-1.9026377,0.55218965,7.1590605,-1.34096,1.4464391,5.2304554,-0.41768226,-0.23914881,0.012356758,-0.40511766,0.82083213,-0.09500241,1.4682982,-0.74154127,1.3410196,-2.030997,0.8329541,-1.6057339,0.54693997,-1.4850945,3.3491569,-0.627209,0.2547666,-0.23011121,-0.60143054,-0.91019666,1.3222125,-1.3984642,-0.027563715,0.004630646,-0.7266624,-1.6966861,-1.069166,angry
-568.7948,56.275955,-2.8641255,16.210632,10.341207,-0.20120318,9.284495,-5.1839876,-5.939372,5.027119,-2.7768345,-0.060476158,7.169596,-2.294728,0.4852697,1.370076,0.9983188,0.8364255,0.3426242,-0.5853855,-4.034625,2.0737135,-2.3906493,1.9072473,-2.0300407,1.1804622,-0.84394825,3.1440468,-1.4834441,0.15197258,-1.535354,-0.016824702,-0.4696447,1.5758561,-1.1422522,-0.31456184,-0.8766409,-0.18090881,-2.466816,-1.4121276,angry
-616.10614,57.966923,5.3546343,18.125034,13.297169,5.637138,8.387172,-6.558272,-2.4071758,5.8679104,-3.2523606,-0.06225212,7.1696715,-0.39495948,1.9150357,2.1799815,-0.28788078,1.404405,0.6019127,-0.47710612,-2.1146548,0.7030518,-3.1344266,1.0323815,-1.3156954,0.8248045,-1.8976382,4.6139407,-2.431026,-0.37897903,-1.976089,1.8894703,0.2745708,1.1730403,-1.5995066,-1.164648,-0.6441631,0.18013269,-1.9805052,-1.708164,angry
-446.66174,44.11984,-12.628798,11.272433,6.6586237,-2.3296175,2.8683326,-1.3336436,-7.8111663,2.7443476,-4.450609,-3.4525635,3.9227831,-3.17821,-1.8393898,-0.6113678,-3.9700072,-0.9092092,-2.1605527,-0.94715095,-2.598489,1.3433201,-2.4097946,0.31792596,0.5880995,2.7918856,1.1851194,3.0101404,1.0723623,1.196936,-0.9365218,1.3359674,1.8296,1.5003589,-0.13041757,0.81379956,1.7943319,1.6251186,1.4503284,1.1387316,angry
-388.09854,40.811184,-15.649466,9.20965,3.660056,-7.2018905,1.4131639,-4.551253,-10.41601,4.403443,-3.667292,-3.9561958,4.3246593,-3.9084513,-4.5858073,0.16904914,-4.6605954,0.104578,-1.9635128,-2.7231412,-2.8670692,-0.08724805,-1.7335628,0.49645633,1.2313893,3.0157125,-0.26848683,2.9239717,0.5043523,1.1497308,-0.6437975,1.1237199,3.742447,6.2296004,4.794257,6.4886155,4.351728,3.0904334,1.2685091,1.6158135,angry
-466.1172,47.087505,-9.3294735,8.377161,6.12285,-3.6829896,2.469383,-0.44208795,-11.773796,2.1289036,-3.5406952,-3.9529035,4.077891,-2.5677779,-1.4343364,2.5889971,-3.7856925,0.8549577,-1.7469448,-0.7647588,-4.286174,0.7184429,-2.296564,-1.3321116,-2.2806008,0.8917354,-1.8562776,0.826683,-2.3646007,-2.2409883,-2.0721946,1.3740902,2.0884447,4.927452,3.7444768,3.5413477,2.3247423,1.9831246,2.6126783,4.0248547,angry
-438.70746,42.740883,-18.446585,13.064196,5.844322,-2.879333,1.253091,-6.118627,-12.818413,3.195633,-4.280478,-5.834003,4.892675,-4.572225,-3.490613,1.0350797,-4.1752224,0.21874577,-3.6689959,-1.3244016,-2.2811694,1.483578,-2.6044538,-1.8987632,-1.182774,1.9768928,-1.3481039,3.3487942,-1.3892078,2.4975646,0.81419325,3.7646158,5.536573,4.2047863,0.947969,2.4891603,3.9898875,3.8155897,2.9430184,3.936627,angry
-556.2728,56.37991,-2.3770742,9.249948,14.1540985,11.603291,4.296411,-8.402613,-7.5673814,5.585204,3.9952178,-2.2150671,3.9914558,1.6415184,0.8926691,5.0485787,1.5443486,1.5913875,-1.1163216,1.7986096,0.1692614,3.5205355,-0.9744408,0.46799678,0.49842244,3.943722,0.96355104,3.0911624,-1.2746136,-0.086835325,-0.0081073,1.8294499,2.7782886,3.8424354,2.3270729,0.38321713,1.2060963,2.6951857,1.7931675,3.097173,fearful
-527.991,58.09335,-2.4987066,9.931732,9.660175,6.1495442,3.5511713,-5.9949427,-7.525609,5.7640085,3.7954254,-2.1339943,6.033367,1.7565554,0.85925263,5.1947346,0.327423,1.6035682,-0.6488,2.2991176,-1.1452392,1.7303455,-1.1968583,1.4099874,0.70125455,3.1637602,1.0996457,3.4797955,-1.5552999,0.1185215,-1.1821153,0.39407697,1.0693688,2.6498094,1.8386817,1.8825841,3.625161,3.6547225,3.1111856,3.4122016,fearful
-509.456,61.376415,-8.839114,10.134283,11.146513,6.242722,2.2011507,-10.7745,-11.233102,7.8054743,2.9656305,-2.4225457,8.100012,1.4152609,-0.22675279,7.2395244,0.6740878,3.268402,0.2781593,3.1436484,0.6581877,3.5891232,0.7123323,3.5973682,1.279093,4.8693175,1.4643835,6.1400957,0.4887124,-0.22499444,-0.4264811,1.2270148,2.757678,4.33414,1.5589443,0.8772306,2.063911,1.6758207,0.4831154,2.7044892,fearful
-433.25504,31.59274,-4.9919615,7.8054237,2.469215,3.4343226,1.3787805,-1.6571418,-5.621179,3.5171003,0.32468644,-2.7346523,3.2106924,0.30985543,-0.18397765,5.0023766,-2.8551564,1.9537104,-0.18340515,-1.3680679,0.25546148,2.7879343,3.811513,7.011499,5.001237,7.3824635,4.4488535,4.341715,4.2989626,4.925028,3.1181319,4.7423267,4.7911954,5.7332835,5.461798,3.0717347,2.3846571,2.7170343,1.9796345,4.3611693,fearful
-398.91257,30.023468,-4.8793263,7.0913153,3.7345703,3.480297,0.823707,-2.602635,-3.275673,1.4539969,1.1734152,-2.4282227,-0.14666972,0.4168849,-1.8516128,4.1301627,-0.66401446,2.8298893,2.5573862,0.52616465,1.960058,5.181571,4.1730337,7.665255,5.8589263,7.2286835,3.4679198,4.7785645,5.0230665,6.072973,4.3773427,5.1901617,4.9202046,5.836341,4.0947156,3.9042943,3.0477326,3.9158797,1.9672892,3.1233697,fearful
-439.9635,31.649323,-7.578806,6.162612,3.9549875,1.061071,-1.4179009,-1.2168578,-4.0048456,1.5954578,1.4388148,-2.8479774,2.4386725,1.2809677,-1.4360197,3.502518,-2.9403136,2.3812127,3.0380971,3.56902,3.7123098,4.431814,1.9796329,5.335494,4.523466,8.6251955,6.5344906,7.392601,5.0416875,5.0419703,3.3047876,4.0724187,3.3535588,3.8289351,2.7702808,3.9912508,3.7030158,4.836604,5.005798,4.5157776,fearful
-453.9747,33.316418,-6.158022,4.653771,3.092501,3.290378,-1.6199064,-2.5744984,-6.7018285,2.1544192,1.6111243,-3.4074476,1.9891409,-0.6206744,-1.918894,3.073565,-4.2557116,0.28381923,1.8044497,1.7168045,3.5312386,4.443045,4.1219835,4.637885,3.3135173,6.6535735,5.1702113,7.476865,4.693251,5.501133,4.621465,4.563009,5.4130583,4.5580587,2.5367746,2.1365576,3.149204,3.9238396,2.8552887,2.9960542,fearful
-425.13553,28.831585,-8.427588,5.738923,3.1494353,4.5526934,-2.9508152,-2.479055,-5.478449,-0.3785101,2.8324845,-3.1025498,2.6218688,1.6023769,-1.307474,4.7897377,-2.740266,4.349188,3.0785878,3.082826,5.0799737,6.2284927,3.1498008,5.5682397,1.3579571,4.039665,3.2238784,5.295649,2.0926611,2.6793585,2.3870108,5.839667,4.3154593,5.63816,2.4940083,3.8186653,3.6104476,3.878196,2.4956994,3.5745232,fearful
-602.2244,52.795216,4.488654,15.993023,7.9604855,4.246426,3.8747714,0.28712752,-2.4634445,4.8021703,-0.2423979,0.31987587,3.4918513,0.33135408,-0.042422365,2.0020747,0.5599832,-2.2111235,0.8564157,1.0646309,-2.4970353,0.94602764,-1.7827911,0.9981961,-0.46859705,1.7969848,-0.42429456,2.9162233,-2.011676,0.0357379,-0.5205073,1.4721812,-0.24898104,1.2838397,-1.3532457,-0.11068285,-0.16400753,-0.18795097,-0.42273468,0.0050535547,disgust
-614.9007,59.88457,11.601454,17.549053,11.184234,5.7949705,5.1088877,1.758754,-2.2189975,4.163989,-0.14656058,-0.032818507,4.6236978,3.0484834,1.0588987,0.9464904,1.1637348,0.73882425,0.5093944,1.5676221,-1.1875776,0.70575696,-0.46384445,0.15980908,-0.32675478,1.7743814,-1.0071247,1.3100042,-1.0241165,0.8945667,0.059952736,1.8243701,0.1644338,1.742698,0.2516938,1.4246991,0.63759816,1.0631199,0.142024,0.88374615,disgust
-582.4461,48.863873,5.6797338,13.83985,9.732798,5.5043063,4.6439786,-3.5675762,-3.9662294,5.6441736,-1.9080122,-1.7453903,4.316178,-0.0075655477,-0.3851404,1.2495923,-0.33861512,0.035153106,0.8251337,0.6243816,-2.2496123,-0.3175361,-2.4616377,-0.6832944,-1.0516249,1.6411986,-0.9676732,1.2173749,-0.86142313,0.11311804,-1.8856441,0.3474544,-1.1641173,0.11070367,-1.6771312,-1.0369096,-1.0483775,-2.322184,-2.4294257,-1.6263478,disgust
-606.3514,60.87057,6.2075524,15.446459,8.91234,11.426213,10.660782,-4.2528276,-4.748148,9.308037,-1.7442441,-0.67669755,5.9304624,-0.42342237,0.600435,1.3924645,1.3869796,2.1843002,1.7211646,-0.82208395,-3.7630765,1.4323361,-2.2709012,1.4534409,-0.8883337,2.859403,-1.1988177,2.7740366,-2.793858,-0.56878424,-2.3063216,0.52749306,0.04617307,0.3144592,-0.32692784,-0.7012452,-0.67581797,-0.42750892,-1.4730427,0.87115157,disgust
-543.04376,39.17172,7.2840266,9.059317,4.5599732,4.4436245,-3.0651312,-1.1601748,-2.8612046,4.8887725,-4.1968455,0.5128672,2.8401177,-0.059121855,1.636974,-0.32354856,-1.7105103,-0.19527777,0.4399353,1.2842886,-1.6178069,2.9550378,-0.532906,3.990449,1.4523488,3.5247252,2.848753,3.1919463,2.752219,2.1586268,1.8432935,2.7608273,1.8782384,3.259411,-0.010792973,1.3763702,0.6850827,1.5978279,0.98792964,1.4920845,disgust
-544.763,44.693695,6.442477,8.703506,6.180234,4.227541,-4.3901267,-2.514524,-4.3258667,4.4793158,-4.9997444,-1.5314555,2.6212533,-1.8897359,-0.70128536,-1.9445567,-2.0710747,-1.6436399,0.32072923,0.3497689,-2.4736197,2.9243805,0.24960344,2.243608,1.3493704,3.408859,1.3655446,2.8124404,1.5609493,0.5831467,0.8076429,3.0735652,1.4996723,1.7481374,-0.6478709,0.55456287,0.27014786,1.1387511,0.42044568,0.8762436,disgust
-530.5419,34.004772,3.5500557,9.185852,4.4407268,8.999503,-3.950796,-5.2554183,-7.505551,8.199636,-1.7384977,-1.000479,3.8361359,0.67327297,-0.76848936,0.9204814,0.020393332,-1.1782784,0.83333987,0.62304896,-3.9374993,4.932423,-0.5386876,1.3639953,2.272599,2.790422,1.1546818,3.1324415,-1.0056494,1.2584964,0.1971551,3.4013538,3.6000035,3.9378908,0.15017514,1.0676733,-0.39457735,1.5701503,1.1046275,0.9884063,disgust
-542.7193,38.76492,10.15391,9.869173,4.7292876,6.490799,-2.168149,-5.41093,-5.709869,5.5095983,-2.989245,-2.4040494,2.811186,-2.4371018,0.33091992,-1.129978,-1.5850236,-2.6123838,-0.5492998,-1.3199184,-4.532955,1.2516388,-3.2062547,0.17780139,-0.07839291,3.7575736,3.571832,4.7603025,2.3606431,4.1226707,2.59088,3.103591,2.3372526,3.1905947,0.11125678,1.8350234,1.3490757,1.6670805,-0.27735066,0.71001345,disgust
-560.2413,43.535385,-1.848852,7.772685,5.6617327,3.276703,1.016966,-4.465504,-5.148318,-0.09680414,-1.4298108,-5.039868,1.674695,0.5575251,-1.4183079,0.8228648,-1.3847541,-0.040072974,-1.026378,1.3759925,0.5773888,2.9726877,2.3596969,6.334169,4.062773,6.8915973,2.473726,4.9433055,1.2937799,1.6566963,1.0137485,2.3405175,2.1574728,3.3681488,0.33447924,1.4035175,1.3400775,1.3791467,-0.27913484,0.27829874,surprised
-561.74585,45.268932,6.7633157,13.041379,5.400476,7.017509,5.5638437,-0.511865,-1.8083434,3.1117315,1.16648,-0.26283997,3.6458309,-0.7851605,0.42206365,1.4286894,-3.7837684,1.9937556,-0.7752907,-0.6245037,-0.40046975,2.3867571,1.911056,4.198195,3.864736,7.1078076,3.2291143,6.14627,2.7090456,2.5979052,1.5488526,2.8197896,2.2917495,4.275588,1.2601699,2.5308018,2.6571124,3.1140394,1.8624707,3.6074965,surprised
-553.6738,39.752914,5.814755,11.754297,1.9084467,8.718876,1.6656214,-6.803347,-5.8815346,2.22327,-1.8675015,-5.3559813,0.035560496,-2.5399919,-3.0752718,-1.8241732,-3.9956648,-0.66804624,-1.374209,-1.6861131,-1.4252741,2.2762928,0.9078805,2.6648054,1.8704995,4.186132,0.7753872,5.1660843,1.5311873,2.3082495,-0.016422741,1.4358788,2.1097279,3.017257,1.0011201,1.6286016,0.84621805,-0.17837815,-0.27048695,0.6059564,surprised
-567.5041,54.492767,3.1281903,11.667905,3.9791682,9.5031185,5.1726265,-6.3126535,-6.5232997,5.262831,1.7869257,-1.7644802,2.2127721,-0.051659066,-0.42062998,2.1304169,-1.199897,-0.6542559,-0.5510782,-2.0575156,-3.1347177,1.5085918,-1.9755896,-0.98338646,-0.57847625,4.2624207,1.0333539,4.947503,1.9031899,2.3380365,1.0313046,4.1655827,3.372343,4.4088397,0.8460509,0.6208646,2.0570352,0.78710777,-0.01333736,0.91029185,surprised
-505.7452,36.26691,4.1524763,12.93009,3.9361627,4.2173977,3.9895647,1.9202372,-0.5649814,1.4699265,1.3139524,-1.8042703,-0.8754871,-0.36740232,-0.68373823,1.888714,-1.940715,-0.018557854,-0.15085712,-0.69931954,-0.39921844,3.1740613,0.95732665,3.5654924,1.4871211,5.4326844,1.3015528,6.0697255,4.8128047,6.210744,2.50162,5.187523,4.0733395,5.1073985,4.665783,5.236769,3.392993,4.230406,3.0096905,3.9629943,surprised
-484.96777,39.593258,2.3516054,10.072573,4.4900174,6.7035904,2.7526238,-1.6916196,-2.5209143,2.778117,2.1745906,-1.3063806,2.6740136,0.6330892,-0.57378113,1.692039,-0.22578324,2.5216079,-0.12342915,-2.109219,1.7311307,3.3890142,2.591752,5.207911,5.272915,6.8664904,3.157796,6.334941,3.7650933,3.0181668,0.5703268,4.199023,2.8071754,3.9906087,1.6242033,2.847156,2.7176356,3.6384335,1.8930308,3.6730478,surprised
-451.5745,33.759045,5.180044,9.241871,-1.3843293,2.438384,0.6752859,0.96156526,-4.2238784,0.79877496,-0.40419355,-3.6614523,-1.4511119,-2.038033,-3.351778,-0.39010778,-3.7923436,0.4562276,2.2050087,-0.10185703,-0.123468794,4.538282,2.0541477,4.8849597,4.459774,6.595258,3.092632,5.0500126,3.0326838,4.5773764,2.6315262,3.5728018,2.4128482,3.339555,3.805977,5.9666386,3.292419,3.854291,2.9107294,4.2058177,surprised
-468.19852,32.913414,5.05608,7.3331466,-0.6576799,3.717886,-0.583241,1.4114877,-4.4338884,0.11838187,0.5967653,-3.2516267,-0.85536134,-1.2918261,-3.3563735,-0.94887435,-4.2838073,-0.71043676,0.8638503,-1.8194289,-1.6672044,3.8426323,1.4958541,4.9342375,3.881757,7.417856,3.6746962,6.091119,2.8766534,4.7364836,2.186203,3.6545198,3.4574726,4.1035395,2.9571693,3.3340702,1.9255483,2.1617222,2.2225046,3.7481594,surprised
-751.19867,54.40895,6.180119,9.967446,0.44338125,-5.4271164,-1.8321078,-13.977192,-6.9333057,-1.662574,-1.1481075,-5.5754213,-5.6391864,2.420509,-4.156021,-6.3416066,-4.3491316,-2.3491447,-4.0426702,-6.0511727,-2.680573,-1.8843179,-6.5274844,-1.7751963,-3.227623,-3.9209595,-4.1203904,-0.8005127,-3.7000616,-1.1936513,-3.2577264,-1.2698607,-3.8927605,-1.2536271,-1.6623882,1.6148242,3.5141113,8.072654,9.98015,11.113859,neutral
-741.79596,56.14055,6.200316,7.7142596,0.07230392,-4.553029,-1.6176461,-14.066451,-5.2338047,-2.7179148,-1.7795455,-5.6719627,-6.641134,1.7151074,-2.870416,-7.660876,-3.9806778,-2.4480855,-3.338974,-5.839686,-4.050545,-3.2166598,-8.013259,-2.988676,-3.9150176,-3.7794018,-4.1487584,-1.1465824,-4.4196067,-0.6197939,-4.278319,-1.8034122,-3.1401167,0.0777175,-1.0617325,2.7523205,3.0933318,5.70479,5.9015403,7.506945,neutral
-760.00256,47.68589,12.610181,6.4351606,-3.5098124,-3.2792041,1.4554214,-12.939928,-7.124497,-1.96691,-3.0457585,-3.019438,-6.570781,-0.21618159,-1.4168798,-6.297613,-4.3813224,-2.3469172,-4.371209,-6.842216,-5.139147,-2.9487438,-7.810835,-2.7446268,-3.4700036,-4.3550425,-3.2393668,-0.657997,-5.421775,-2.073553,-4.898631,-1.0128294,0.36146137,5.8049526,5.4657893,7.1105356,4.092054,2.7179341,1.1781094,1.6963067,neutral
-761.6654,57.792286,5.345233,5.889796,-2.632334,-2.483999,-3.0029597,-13.6933365,-7.9243484,-0.094430186,-2.1420584,-4.487682,-3.1700554,0.16084476,-3.726104,-6.7666993,-4.425636,-2.0859547,-5.265479,-4.9516754,-4.4308925,-2.1251144,-6.992503,-2.5321712,-3.0298467,-3.9515347,-4.8517294,-1.7839925,-3.554537,-2.7393472,-4.17141,-1.6043947,-5.0886188,-1.2811177,-0.7850461,2.931021,4.3419905,7.501224,6.427784,5.486095,neutral
-689.32025,45.559467,3.4257956,8.939783,-0.322647,-5.316424,-0.7081165,-12.766838,-6.0544133,-3.9020357,-3.5295308,-5.297581,-4.1893826,-0.8192307,-3.9204469,-6.453099,-5.4562054,-4.629616,-5.884396,-5.2151394,-5.2345214,-4.881027,-5.1105475,-2.6030533,-5.570635,-3.7524207,-3.4169,-1.6105586,-1.67923,3.7497897,0.46607685,5.5459867,2.640704,3.5518413,0.8028064,3.2680755,2.3875678,3.457568,1.7553409,1.0556103,calm
-700.2076,51.974495,0.10405446,11.584207,0.99331695,-4.9434648,1.31132,-13.547411,-4.4003696,-3.1837378,-1.7566509,-5.837371,-5.714686,1.6439992,-4.7124186,-6.1478987,-5.924099,-4.035725,-4.4482365,-7.0465617,-4.6741576,-5.647096,-6.181049,-3.0652552,-5.5185156,-3.990085,-4.5361586,-2.01785,-3.3066435,2.0963235,-2.5531247,2.8203843,1.1215904,3.5921905,-0.08958393,1.9691237,-0.24780627,1.55094,2.764983,4.3434987,calm
-688.9655,49.9204,8.799583,5.350063,2.2361326,-1.4212376,-1.598159,-12.267881,-5.1309133,-5.539937,-4.323621,-4.888618,-6.250862,-1.2903981,-5.2802033,-5.1952744,-4.8654194,-6.4862046,-6.6403084,-4.815484,-6.375863,-5.6098614,-6.8769493,-4.2075076,-6.2402987,-5.309761,-5.108974,-2.0512571,-1.8147801,4.260014,0.84392554,4.496297,0.253441,0.5272837,-0.72822726,2.6064029,3.7757459,4.8396487,3.0530214,2.8164692,calm
-679.84344,47.631664,10.464093,4.410514,3.6012075,-2.959418,-0.36622712,-12.8086815,-6.0740304,-4.478188,-4.8290296,-4.281909,-5.919485,-0.5073546,-4.1522636,-5.3646574,-4.670658,-5.962562,-6.3650937,-5.6185083,-6.3714504,-4.5182343,-5.931732,-3.4472632,-5.5611224,-3.6589622,-4.164124,-1.7642869,-2.7684846,2.1415982,-0.9237297,3.385468,2.791033,2.9769766,0.91166604,1.6863097,-0.30922467,1.260167,2.3297846,3.8469164,calm
-710.42993,43.079964,2.9264169,10.533279,-0.5246228,-5.28157,0.83151287,-13.466609,-6.3695016,-4.479781,-4.9004416,-5.079677,-6.657548,-0.69778603,-5.282721,-5.4590373,-5.2278786,-5.2941685,-5.118071,-4.001395,-5.8228254,-5.5984488,-5.7946835,-3.437325,-5.455819,-2.8147964,-5.4007397,-2.041036,-3.9605012,0.86188036,-1.7672446,4.7221947,3.9987311,6.410974,4.650935,5.2227635,3.0080414,3.4733648,3.1587858,2.8268485,calm
-709.78156,48.956806,7.0592675,12.370886,1.8128796,-5.1892447,0.5026914,-11.318309,-6.326186,-3.1304,-3.7488391,-4.583767,-5.424834,0.21875675,-3.8436286,-5.857136,-4.7836437,-5.1204925,-4.4084606,-4.357421,-6.1959505,-5.731416,-7.1106496,-3.740254,-5.8797617,-2.8516269,-4.8759313,-0.8503699,-5.6307883,0.6490292,-4.398061,1.7892374,1.363985,3.8008552,2.3187952,2.0574098,0.2095354,0.09836143,1.8763467,3.7257466,calm
-701.8058,45.00499,8.180783,6.275293,2.8701549,-2.8287764,-0.68661207,-12.8032465,-4.760559,-3.757713,-3.2111433,-4.613778,-7.2150817,-0.43669352,-4.751293,-6.819076,-4.8973145,-6.073821,-4.4597387,-4.894065,-6.7775316,-5.320427,-6.64608,-4.0121126,-6.510769,-3.651093,-5.1789193,-2.996283,-4.5617356,-0.5844984,-4.71368,2.3470647,1.9402224,5.6219954,5.488552,6.6212626,3.135917,2.4144623,0.9959343,2.1781144,calm
-699.7999,43.77162,6.547404,2.9006426,2.3747423,-3.884631,-0.0801284,-13.268996,-4.679235,-5.099986,-5.150364,-4.957903,-6.710159,-0.3569879,-3.157616,-4.8651953,-5.3508134,-5.4479084,-5.4942017,-4.491932,-5.820086,-6.0521903,-6.506782,-2.7124481,-5.3733644,-3.8748589,-4.63758,-2.8134816,-4.5749154,0.6050879,-2.5552878,3.4540954,2.5502107,4.7539926,2.123442,2.953966,0.9012779,3.1219182,2.8743806,4.541947,calm
-628.15875,45.05206,-10.687616,2.072388,-0.71824723,-6.4885497,-3.1441975,-14.8357,-7.5317373,-5.959596,-5.7251635,-5.2864814,-6.5087194,-2.0785449,-3.9558291,-7.98672,-7.1601706,-5.3255615,-5.2273207,-4.7369986,-2.8349853,-2.655614,-0.7267145,2.2196414,-1.0318774,1.0239239,-0.51416,1.9471573,3.240582,3.656747,0.5573711,2.4057856,1.0424072,2.787135,0.83084613,0.5207976,-1.4242929,0.3523403,-0.41710433,1.0021588,happy
-628.40735,42.05372,-13.939923,4.790251,-0.5372396,-9.554271,-7.566366,-17.344685,-6.1383524,-1.2843635,-5.079163,-7.486701,-6.1776624,0.5302544,-4.281351,-7.3660154,-4.0888553,-4.4307394,-5.4392514,-3.405431,-4.219247,-4.485156,-0.88477147,6.4532456,5.567846,7.8978424,4.889389,3.348223,2.0602245,1.2379189,-0.4614943,2.5350816,0.2628076,1.4671712,0.95865226,2.8058808,0.3058566,-0.073529415,-2.6993003,-0.5692807,happy
-667.24646,49.291515,-7.0733585,5.427686,0.3930672,-5.020691,-4.6512814,-15.912792,-7.278917,-5.001693,-5.58,-5.31122,-7.0010166,-0.20599578,-3.858457,-8.053611,-6.190083,-4.515046,-6.9775605,-7.0296383,-4.540891,-4.897025,-4.932844,-1.1877205,-3.707143,-1.6857036,-0.2270007,1.980837,0.7025378,3.367579,-1.6494477,0.920157,-0.02883696,3.5637372,2.110496,4.009988,2.6142244,1.777356,1.4444771,2.1122992,happy
-646.25085,42.55036,-4.2096467,4.504076,-1.5288577,-10.668394,-5.9279933,-14.912213,-7.4563127,-4.6778793,-6.590782,-7.3887405,-7.5784507,-1.9050356,-5.3068304,-8.061379,-6.2449265,-5.9479704,-6.4049687,-6.547995,-5.1499085,-2.6028328,-0.6866616,2.8406599,0.19694044,3.8963437,1.5812031,3.3419743,3.7004354,5.2292757,0.89414793,1.8327256,-2.012832,-0.057031795,-0.5066955,1.5620522,-0.06128094,-0.42625538,-1.2068868,-0.9841089,happy
-414.26715,11.108298,-23.210482,-7.4191904,-7.2887845,-8.882564,-6.3302054,-7.0788374,-12.507563,-1.6781361,-7.5759892,-4.1236115,1.7700884,10.235661,11.706281,10.986854,4.188895,1.5739264,-0.68817544,1.7199591,0.24902508,-4.120132,-6.9600177,0.6369187,-0.42458582,3.3378992,0.5981431,3.5318034,2.40882,1.2876772,-2.8994808,1.19685,0.26878297,-0.3529415,-0.54222685,0.1809785,0.14651187,1.4426526,1.441582,0.70580584,happy
-429.6723,20.209476,-21.637276,-3.863656,-5.841028,-7.0994277,-6.8162374,-7.544781,-11.529515,-0.9230611,-8.350879,-5.549892,1.6876405,9.159038,6.748109,8.654014,5.1030626,3.9020827,-0.7870189,1.4616375,0.29365098,0.19926623,-5.1745586,-0.9041249,-1.2836349,3.8383527,0.55985016,2.6431024,1.9892079,1.6522611,-1.007687,1.6978326,-0.46292743,2.0002341,-0.53192985,-0.35810053,-0.1351979,1.2366787,-0.0929762,0.098847106,happy
-461.68634,16.185984,-33.52153,-3.715781,-6.232139,-13.501504,-12.440285,-11.28624,-13.31723,1.7393477,-7.179388,-8.278609,1.8580621,6.8287625,5.961683,10.945333,8.579121,6.5555983,-2.4747622,-2.6052043,-0.5580274,-0.6126737,-4.413351,-0.31132245,-5.1434283,1.2313993,0.5492388,1.2304602,-0.33127338,4.767293,1.4500873,2.4702294,-1.349026,2.0168314,-0.11674975,1.4686512,1.0188905,0.3124545,-1.7245609,-0.30753013,happy
-409.97815,8.036109,-25.479773,-8.056434,-7.8224044,-10.435479,-8.744299,-9.364064,-10.210475,0.31889173,-8.535005,-4.4551406,0.28795084,8.037991,10.47914,12.60929,8.5356245,2.5908937,-1.8601685,-1.5339884,-4.323436,-4.193484,-5.904841,1.0912263,-2.380514,2.4402826,1.2309799,3.188117,0.15081117,-1.1859529,-3.0075893,3.5101237,1.3876704,0.0059459643,0.6319136,2.253525,-2.1404788,0.70261455,1.8764334,0.59697247,happy
-645.1596,52.292377,-8.568373,1.360317,-0.090502456,-11.668196,0.5321026,-12.015314,-12.34738,-3.0314877,-3.1242375,-6.8643656,-3.4843593,-5.4351373,-3.8938792,-4.9398813,-5.8840604,-3.7130015,-4.6713924,-6.988473,-3.2526782,-1.5912035,-3.6293447,2.8162763,1.690118,5.9488254,4.495201,3.590651,2.5090249,3.0445004,4.0918684,4.1611238,1.672652,1.9614841,-1.0385686,1.1965027,0.8691361,0.9186825,-3.5373564,-3.0920799,sad
-662.43134,49.88233,-5.37261,-1.0776565,-4.939733,-8.052366,0.21583955,-11.379194,-12.613914,-1.9441054,-3.9464104,-8.26724,-3.5775561,-5.1420918,-3.971406,-4.688282,-5.08349,-4.313269,-3.5170043,-5.732476,-3.3551924,-0.18483777,-3.9988928,2.532155,0.23486173,3.7584488,1.5535749,4.181559,2.0291767,4.5715394,3.299203,3.0497224,0.5875286,1.3489574,0.235544,2.877035,1.1025013,1.8209383,-1.2076242,-0.40788177,sad
-695.7013,45.88652,8.123737,1.5161978,-2.7556193,-4.774906,1.1333786,-13.753619,-7.8016987,-3.5870552,-5.6046987,-5.118009,-6.6826544,-0.68350667,-4.502899,-6.3434033,-4.6155376,-5.260104,-5.6468344,-6.3413534,-5.179145,-3.5817049,-7.53702,-3.125246,-3.8843794,-4.4853964,-3.9671774,-0.5309097,-3.4538717,2.0577142,1.2556479,4.957435,3.4385915,5.5339746,3.1262994,4.59975,5.2025023,5.077803,3.626596,2.3631742,sad
-680.13306,48.998135,4.397506,-0.024485983,-2.25832,-4.9699135,-0.088938914,-14.177773,-10.821666,-2.4043045,-6.1082015,-4.3381233,-5.686322,-3.5330966,-2.6071396,-6.7370977,-4.6419287,-5.3882613,-4.9623,-6.930744,-5.1309195,-4.196208,-6.8213825,-3.7744906,-4.9311895,-3.9591143,-3.9084244,1.4161762,0.17666452,5.141135,4.0901814,5.4135656,4.639879,5.198539,4.6840096,5.0555606,3.9469461,0.96925277,0.08742227,1.4416852,sad
-508.33783,28.122475,-29.698603,-7.485642,-13.078842,-13.520774,-11.188858,-14.846081,-18.338945,-5.7614517,-0.5413205,-10.456257,4.48885,6.8106427,3.5614603,6.43596,2.0330203,4.9345026,3.2599535,4.583217,-0.21508577,-0.6351443,-10.571473,0.101301126,-2.5464194,-0.50686693,-5.0176044,-0.5055963,0.39323807,1.1399556,-5.6086626,-4.3398795,0.39246294,0.99822116,-0.049128182,2.0337987,0.15386674,1.1780026,-2.019118,1.1998535,sad
-481.61157,28.262577,-25.967796,-2.8581862,-10.422979,-15.474447,-13.354701,-16.746727,-18.464365,-5.0668507,-2.2098534,-12.4569235,1.0883757,1.8198853,-1.2452915,4.29821,2.7814043,5.7841854,3.9610984,5.2998037,5.4841375,3.7681308,-6.495288,0.39349008,-3.197147,-1.1382791,-3.1453798,-1.0693718,-2.69847,1.319278,-1.399095,-3.1358907,-2.641771,-0.53909904,0.33096838,1.969042,1.1625329,1.5285783,-1.5956178,-1.2594016,sad
-496.7547,35.62529,-25.012392,-8.106059,-4.79951,-18.411127,-12.561723,-18.189451,-19.997227,-1.8998307,-1.7084059,-14.202248,-1.7139862,-1.6449038,-6.4287205,-1.6692244,-4.4722557,1.8779764,2.577403,7.0339255,7.6120768,12.309117,1.710974,3.7816544,-4.4770746,-3.6123607,-3.394808,0.9569827,0.046522256,-0.73781455,-4.6646075,-2.2646346,-1.2201053,0.17745394,-1.1273755,-1.4189948,-2.0997307,1.8239906,-1.8960178,-0.30055368,sad
-501.362,29.30745,-25.765537,-7.103436,-6.657317,-18.079803,-12.879893,-14.035046,-21.375399,-1.2141584,-2.7369046,-14.600492,1.5495795,-3.601204,-3.6097386,-2.0825799,-3.1641552,0.9775725,3.6517327,6.70614,9.190064,11.091797,-0.8398125,2.9681983,-3.0125473,-2.1412628,-1.8206662,2.782141,-2.2354927,2.3821106,-5.784496,-2.49946,-2.2268426,-1.6418098,-2.6803193,0.97121614,-0.828801,1.4066454,-1.5533345,0.5739691,sad
-544.12146,46.69985,-21.977333,-0.24575885,-9.125067,-10.916754,-4.484226,-14.391761,-14.669271,-0.43821552,-4.4182177,-6.025873,-3.9524763,-5.804712,-3.7650833,-8.12976,-7.2815895,-3.29848,-5.1762943,-2.845629,0.15535451,1.2506427,0.5203419,1.1712242,-1.8050412,-2.5444825,-3.4099877,-0.13020153,-0.37987992,2.9539788,0.09098141,2.4778194,3.1117203,3.6261835,2.1087353,2.0462604,-0.007849157,-0.63120747,-1.1136031,0.9298111,angry
-558.3125,50.410427,-15.666469,1.975256,-10.307768,-5.2987046,1.4623746,-15.555854,-14.331328,-1.7544259,-3.9142523,-4.633807,-5.1181073,-4.856297,-2.5836525,-4.4796066,-9.32224,-6.402849,-3.8613384,-4.174394,-2.8031213,-2.9972463,-2.2334282,0.6759074,-1.717985,0.4850742,-1.0294731,1.7328025,0.1575748,1.9785566,-0.44789317,4.5790553,1.7586802,3.5897882,1.6385792,3.5189319,0.94131386,0.9807751,-0.46025464,1.1420128,angry
-544.0694,38.238033,-10.403605,-1.4367192,-7.756021,-9.004867,-4.1203446,-13.219693,-14.917849,-3.8922107,-5.2500887,-5.372695,-5.911455,-5.2867928,-3.9762723,-6.7291837,-5.271859,-3.901746,-4.3466496,-3.2963815,-1.9907914,-2.4463038,-2.776782,0.06019414,1.595214,3.7303185,3.1738439,4.0222297,1.4688212,2.9146664,-1.049147,-0.0874772,-1.2272664,1.1932238,0.92403156,2.2161794,0.9315425,0.3493478,-0.9234471,-0.13281131,angry
-572.6638,44.86327,-14.522158,-3.2797253,-8.638647,-10.151652,-3.3986485,-12.768838,-14.379844,-5.014271,-4.272388,-6.67666,-6.0734553,-4.87895,-3.7879233,-7.4837465,-5.0816116,-5.6072288,-3.6933377,-1.5185539,0.53653204,1.7785089,0.13187851,-0.66208935,-1.1412342,0.10394015,0.7625834,4.6463246,0.79763114,4.672437,2.0507226,3.0644088,0.39092454,-0.51911867,-1.6786903,1.8912367,0.7757067,0.2990363,-2.110627,-0.16807698,angry
-394.6983,3.0036664,-31.253637,-4.582312,-15.281146,-9.647146,-6.338894,-4.70249,-11.499353,-5.4355955,-5.7845206,-7.145488,1.737087,4.837323,12.14498,8.622643,3.8363032,-4.032167,-6.162614,-2.120692,1.1414709,3.0505605,-4.613105,-4.387485,-2.7930615,2.4389088,-1.3776772,-0.17614073,2.5999622,5.034977,-1.9908222,-0.98678714,-1.834748,0.65110844,-1.4469587,0.16096552,-1.552043,1.0619725,-0.9180913,1.226237,angry
-376.66278,-5.350825,-32.4778,-7.014609,-16.746399,-4.082447,-6.712602,-4.6528583,-9.492421,-6.490082,-5.7313957,-0.8655783,9.70959,12.719729,12.547662,0.0031635307,-5.12961,-7.1083784,-3.8070195,3.10726,-2.8088584,-3.9907632,-4.273414,3.9234698,2.191643,0.8060314,1.1749074,2.5158436,-0.35603622,-0.79791766,-3.3913627,1.4428147,-1.3269325,-1.4785548,-0.038984474,2.2074554,0.64901876,1.1224523,-0.09721637,1.6651046,angry
-386.99405,-4.024561,-31.859602,-9.607421,-16.537586,-7.0856137,-8.216528,-5.9168124,-10.211082,-3.7062922,-8.615573,-8.022974,4.1203547,8.39984,13.601977,6.858394,-0.9575129,-7.0194488,-4.403476,3.399073,-0.36167246,-2.5756214,-7.7019167,0.8183105,3.9015198,1.4366571,-1.9660255,4.260902,4.69037,0.14695446,-7.607673,-0.7522776,2.1147165,-1.0158345,-2.7583933,1.0999765,-1.5246142,-1.7353255,1.1268896,4.943205,angry
-368.29218,-1.4989978,-32.31181,-11.2415495,-17.770937,-4.492569,-5.7690964,-5.829003,-8.921157,-4.4179635,-7.934254,-5.8736253,2.9019055,8.961415,13.301289,8.420711,-1.6328079,-6.191709,-2.88832,2.9584517,0.25953647,-1.1109222,-8.285795,-1.381239,1.5082338,1.6041977,0.020746866,1.756599,2.4105988,3.3578706,-4.3009686,-1.5703038,0.36912528,-0.00020603534,-1.5216848,1.020942,1.6866109,1.6887507,-0.73692244,2.3554344,angry
-572.483,43.66747,-12.338446,-7.673626,-4.3396797,-9.263049,-3.1234784,-14.411972,-10.86219,-0.6543231,-3.1244307,-8.585005,-1.5858529,-4.536063,-2.3230827,-5.1412616,-8.998286,-4.775988,-4.054413,-4.56147,2.7602105,4.300932,4.330807,11.456638,4.8926377,5.9009695,1.7866904,2.271748,0.47395447,4.2465763,-0.47434443,1.1759689,-1.9550841,-1.1145533,-0.38398808,0.059345167,0.84027696,-0.12230165,-2.2573473,-0.6132844,fearful
-599.76776,39.09046,-12.069918,-3.10915,-1.5502186,-7.918523,-3.700081,-10.717209,-10.710888,-5.190018,-0.7382825,-9.10715,-0.21155657,-4.4692335,-2.262002,-4.4277086,-9.15756,-3.639934,-5.0672135,-3.6150243,0.27325025,4.4819417,2.4480648,10.250665,6.0330954,6.64399,3.569664,4.2264934,0.73736554,1.4376473,-3.2867713,-0.29784995,-0.89126444,0.0035602024,-0.79811686,-1.1907533,-1.1686277,0.12496227,-2.679539,-1.995767,fearful
-599.87646,38.44205,-1.2363192,-1.9101343,-0.69033986,-4.9946957,0.19013713,-12.197558,-10.014218,-1.1018487,-3.6630743,-6.494655,-0.6607786,-3.7378035,-0.76064575,-3.8954964,-6.827626,-3.6385908,-4.8797703,-5.0784965,-2.6171033,-3.458127,-3.2602992,2.6462624,2.5454628,8.0711155,6.4886436,7.502408,5.2979555,5.3244443,0.6280892,3.3049083,-0.9125776,1.8860165,-0.09641276,2.2061927,1.4451294,0.081516065,-2.556423,-1.6932486,fearful
-573.80347,50.80825,-10.013379,-4.2318435,-0.42712638,-7.518024,0.30993733,-16.550362,-11.061664,0.37120768,-3.8012187,-7.360249,0.097330935,-3.765682,-0.21434112,-4.0677123,-10.7575655,-3.9985669,-4.5421457,-3.132028,1.1559066,-0.48060587,-1.4877864,3.2609093,1.788655,6.6190276,5.3862486,8.398758,6.933274,7.626586,-0.23164245,1.650931,-0.74513775,1.9461011,1.6548053,0.8793941,-0.1447171,0.6820517,0.40795353,0.013443349,fearful
-479.47614,24.485775,-25.481995,-8.686618,-6.6589828,-10.575424,-7.8830037,-10.503307,-17.91308,1.9403772,-1.5778265,-11.384305,-0.44062042,-2.4623644,-3.132526,0.53591824,2.3114376,7.295718,8.05702,5.760189,5.675902,3.8476734,-5.610594,2.128098,-2.461162,-0.9823501,-1.8777864,-1.8095362,-3.5762787,1.0831522,-0.7322237,-0.0663963,-4.1160917,1.6645575,-0.5164453,2.188331,0.38526416,0.97762835,-0.9049292,-0.48701367,fearful
-469.20496,25.095575,-22.377947,-6.330382,-6.452789,-8.746283,-6.286772,-8.858514,-14.157978,0.6494571,0.16933018,-7.8586044,-1.2480797,0.49397165,-2.9276965,-0.12765779,0.42021734,8.439108,12.082336,9.45402,6.322635,0.010783132,-6.1108766,2.127932,-0.33858824,-0.33553898,-4.039372,-0.9561394,-3.119024,1.7266978,-2.6205614,-1.7267914,-3.2667527,1.1691699,1.4965851,1.3351281,0.23822294,1.6893994,1.1776271,0.3536397,fearful
-518.51294,25.149551,-14.049212,-5.8426843,-4.172737,-7.955735,-8.387475,-12.563681,-13.135885,1.3176852,-3.2112408,-9.04194,-1.6380503,-4.434702,-6.172779,-3.2681193,-0.8708952,5.94788,7.3552604,10.140761,6.2778125,4.199995,-1.5615088,1.9527425,-1.0989031,0.22794779,-3.5252512,-0.38141796,-3.1999998,-0.17567946,-0.8540484,-0.82010984,-3.424236,-0.16359395,-0.24515134,2.8381128,0.6484268,1.2446902,-1.0532842,1.4198385,fearful
-474.04562,20.939781,-23.740177,-9.125883,-6.276874,-12.921997,-8.479092,-10.62549,-17.740532,-0.7423436,-3.1416938,-9.406858,-1.4740181,-3.3821619,-3.7032545,0.0050181877,1.8382456,9.080331,9.211546,8.160183,7.305177,3.7961633,-4.776832,1.140367,-1.3634664,-0.53400457,-3.0829723,-1.6382072,-2.7384543,0.004586848,-3.794281,-0.62254924,-1.5507206,3.9077952,-0.4380911,2.0880768,0.9930086,2.0930555,-1.8058771,-0.70690185,fearful
-622.23016,53.514874,-3.5073373,3.0967526,-8.308413,-2.7469976,-1.8033718,-11.341995,-10.871564,-3.422085,0.61022574,-6.8497763,-2.2161639,-2.6286306,-2.704264,-6.1317334,-8.79952,-3.0207179,-4.654524,-5.930417,-2.9346063,-3.655971,-5.6058807,-0.97220963,-3.0585952,0.7811098,-1.3835324,-0.13201872,-1.0477409,0.8254298,-0.9080802,1.8943406,-0.062900834,2.9238124,1.3936759,2.7626343,2.1723416,2.5995033,0.04225446,0.65355164,disgust
-549.3018,46.510326,-10.334306,-0.43052518,-8.804012,-5.4703007,-2.4016297,-12.604173,-12.828039,-0.26787853,-2.8855696,-9.62034,-1.2469989,-4.1532393,-5.969513,-7.47019,-8.074545,-4.0235176,-6.441824,-7.350586,-2.5241346,-5.3074946,-5.0181775,-0.10444043,-1.8731691,1.6752639,-0.31737968,0.5833624,-0.9387488,1.1022038,0.6765704,4.036609,2.8980799,4.1299987,1.6550053,2.1460388,1.4620627,-0.07311604,-1.8910321,0.5370616,disgust
-584.845,46.91504,-7.8198833,-6.633574,-5.647395,-3.0719805,-7.8223023,-13.846684,-12.100023,-2.1964438,-2.1523952,-7.382166,-2.8689945,-5.2752657,-1.0709614,-7.812477,-7.574701,-4.097358,-7.9345675,-5.5805755,-1.6701138,-3.0065348,-4.005325,1.8770435,-2.3438199,3.376291,-1.5157837,0.020124327,-0.5188002,0.44014648,0.044452306,2.3826554,1.2248724,4.279493,3.28422,3.2966452,2.3796844,2.053536,-2.2050204,0.7744355,disgust
-568.81244,45.626686,-5.465986,-5.8921323,-3.3321815,-5.855275,-6.9533653,-14.176324,-11.275321,-2.6756675,-2.4104047,-7.424735,-1.8062602,-4.6476994,-2.8556097,-4.6703863,-6.5641794,-3.795012,-5.652488,-4.612433,-3.2692826,-2.8337739,-3.7495205,0.9288013,-0.64257145,2.829743,1.2193379,2.5530353,1.51971,5.356187,3.0340486,3.696988,1.1105896,1.5361375,0.78628767,2.4692645,1.2760743,1.8815434,-0.48778355,1.8281121,disgust
-499.49188,20.359835,-26.06632,-0.79730386,-13.466188,-7.570105,-4.634367,-14.129155,-15.127379,-0.8155878,-5.815522,-7.802327,-4.765342,-6.103185,-3.6498718,-6.4399333,-4.1629386,2.4454787,5.113209,7.1952496,4.5207496,1.6196166,-1.4107032,0.9531794,-1.0364813,-0.90145254,-1.2419655,0.013052663,-2.3906698,-0.4606787,-2.7417948,0.10466942,-0.4339355,2.325323,0.61453915,0.98594856,1.0335616,1.8976922,-0.5558119,0.7296383,disgust
-494.90552,27.909843,-17.7696,-1.9407693,-12.789035,-7.9506054,-6.505001,-13.267508,-14.689535,-3.1544404,-4.0368423,-8.446738,-5.2017183,-5.845224,-5.8771152,-8.326207,-7.5521507,-4.515118,-2.522613,0.70467806,4.4038334,4.016643,4.4559517,4.9938116,3.9975855,5.5559626,0.7195904,-0.2168559,-2.6265862,1.0880995,0.009483693,0.002407489,-2.8225386,-2.1607757,-1.3730624,0.71308345,-0.18468092,0.2845012,0.14755914,1.6532375,disgust
-481.7221,32.366623,-16.953447,-6.5130835,-9.3761015,-9.362711,-4.3095207,-14.898704,-11.764624,-0.17533784,-4.758113,-5.5848503,-3.3121989,-4.853401,-5.2218647,-9.030801,-6.9755187,-4.945223,-3.565797,0.24552338,2.9363098,1.0495647,0.07615291,2.3274212,0.17550851,2.532468,1.5463971,2.478365,-0.7869278,0.23365796,-1.5782224,0.21414424,-3.0829,-1.2509197,-1.4595358,0.1544704,-0.72616637,0.27899706,-0.8501468,1.0802516,disgust
-460.04077,22.07409,-20.109749,-6.67017,-10.12836,-9.166005,-5.8316946,-12.712946,-12.797387,-0.4225969,-5.3613048,-8.618347,-3.9327474,-7.492909,-4.8547277,-5.8342013,-2.8461945,1.5491751,0.9820645,1.2587533,-1.4084637,-0.7641078,0.7180541,4.5064063,3.235748,0.84208083,-1.3560766,-0.14624663,-0.53046125,-0.56923175,-3.0851326,-0.024333296,1.0320833,2.0782468,0.05756141,1.9522448,-0.2358428,0.14281546,-2.1365004,-0.11369215,disgust
-660.55853,46.69857,-4.462431,4.1368732,-4.0513306,-10.3209715,1.9648579,-17.973434,-10.055799,-9.002686,-8.22498,-6.047845,-7.0814157,-4.026337,-3.2539468,-4.4534454,-7.063695,-1.4066039,-1.4539664,-1.8295583,-4.278642,-5.196228,-3.035122,-2.0598662,-2.9845777,0.61873823,2.6821477,5.054644,4.0488105,5.6748786,0.6043337,3.5364707,0.15779045,3.934957,3.175784,4.378224,1.2799678,1.1666061,-0.33225706,-0.031560246,surprised
-671.9018,47.573124,8.133456,2.761762,-4.9073706,-6.5715775,1.5464783,-14.36688,-9.300094,-6.4334226,-5.852396,-6.21841,-5.807699,-2.6158352,-4.6974597,-3.9187603,-6.104146,-6.3301177,-2.7857301,-2.311755,-4.029938,-5.6881247,-4.463551,-1.1819801,-4.2946844,-1.8789133,0.13950399,1.3551797,0.7978746,4.006964,-1.0736406,3.3952549,-0.48130566,1.8639474,0.1350518,3.010787,1.4326738,1.4184549,0.41875327,2.358746,surprised
-626.61633,38.18152,8.700212,-4.2438526,-2.8806648,-7.8785806,2.1417472,-14.158726,-9.955407,-6.7578216,-9.259554,-6.2349553,-7.9291983,-3.5256104,-4.3778386,-5.618021,-5.0182695,-5.708395,-6.4824176,-3.0379527,-3.6261284,-4.067081,-2.648609,1.4921556,-3.5473528,-0.34618917,-0.5342443,1.8693031,-1.3423856,3.2890763,-0.70405036,1.4626168,-0.8924959,2.4343405,0.76800364,1.6883951,1.5299441,1.7892406,0.45417917,1.9916406,surprised
-667.3429,40.748005,6.382224,2.1529384,-0.58190304,-3.6610777,1.9494617,-10.684786,-8.748016,-6.5831685,-8.120846,-5.966727,-7.551567,-3.0136893,-3.0257506,-6.0546937,-6.330955,-5.0803576,-4.2351913,-3.617245,-3.255539,-4.471559,-4.269296,-0.25106576,-3.3163936,0.12497312,0.32142118,2.8209798,1.2126117,4.2463775,-0.32158023,1.7191569,-0.7946972,2.0653815,0.7228916,2.7813063,0.6007727,0.40329593,-0.557934,0.22957964,surprised
-594.937,31.847952,-5.512038,0.8029855,-2.2672706,-1.0073943,2.913732,-7.8777137,-7.7511835,-5.7071657,-5.954426,-3.1219573,-4.185425,-2.4453175,-2.949016,-1.8191476,-5.532922,-2.4139419,-1.7721468,-0.23884748,-0.3109718,0.2790126,0.43002352,1.8785758,0.17985156,2.1885962,2.2875934,4.2146306,3.8934498,3.6696026,0.5987366,3.6456735,-0.7254252,0.7517057,0.65922403,1.0438648,0.26652482,0.2176249,-1.792746,-1.0940206,surprised
-597.57764,31.650173,0.8106999,-0.54088795,-7.340549,-3.1083302,3.7935739,-8.382632,-10.935117,-7.2547083,-7.099718,-4.84431,-6.350873,-1.7353421,-6.4494734,-3.870599,-4.478357,-4.323583,-2.7409081,-2.0404122,-0.028144937,-0.59754527,0.51572263,3.2594573,-0.79211223,1.6512237,2.3903155,1.175282,2.357763,3.8938239,1.1397666,3.623531,0.0029754639,2.1603692,0.9442137,2.207516,0.23262523,0.6217282,-1.2970737,-0.6663062,surprised
-574.5478,31.0831,4.644789,-1.977455,-5.5003233,-7.172913,0.8774586,-12.652686,-13.531674,-8.403602,-10.115032,-6.150232,-6.623394,-3.1144435,-5.876097,-3.7899418,-6.864388,-5.901161,-3.6192086,-2.7210934,-1.8822142,-2.2770102,-2.1412578,0.73706985,-2.125226,2.6947,2.1266837,3.263929,1.8644687,1.4471387,-0.94974273,1.7072842,-2.3709874,-0.008700525,-0.06449164,1.2914062,-0.20794532,1.2164094,0.25135288,0.67336506,surprised
-587.14856,27.732378,0.06092742,-0.544257,-6.6828747,-1.1666741,3.1117265,-6.3976135,-8.255038,-5.853138,-6.296541,-3.9211464,-4.180996,-1.2772032,-4.2176514,-1.7910899,-3.7761612,-2.6147146,-0.59606814,1.6300566,0.56323826,1.9875386,1.4242815,3.0945768,0.69161785,3.8997934,3.6378481,2.7249541,2.569916,2.94229,1.50774,2.945825,-1.7388512,0.55414385,-1.0652158,0.46945944,0.23468903,1.4161711,-1.3113182,-0.41524827,surprised
-720.9089,77.156685,12.188697,18.508013,7.5342426,7.921146,3.8615205,-2.41318,-5.8950415,1.0444317,2.149443,-2.0528452,6.5107746,3.1952121,-4.104552,7.5189676,-0.91824675,-0.3131358,3.4845946,2.417976,-4.8414116,0.82219833,-1.7577002,-1.1483018,0.26202923,1.5269717,-0.19503355,3.0261607,0.9684346,1.562649,2.1242743,-0.17323096,-1.1937816,2.058031,-1.5178244,1.8510934,-1.583078,-2.0444643,-2.7504206,-0.372269,neutral
-715.2329,78.78551,12.331404,21.444433,8.497773,9.027193,0.8834322,-6.4131856,-8.974746,1.2024007,2.1749907,-1.5778722,5.333693,2.885599,-1.5954053,5.849564,-0.67843467,-1.8567902,4.084095,4.664115,-3.9655004,-0.06891999,-2.404746,-1.7170663,0.19741368,0.80949014,-0.1950509,2.3494189,1.1814902,1.9776404,1.9896942,-1.523031,-1.589676,2.2961693,0.1872479,2.4411325,-1.4562014,-0.12076078,-0.76030165,0.76521593,neutral
-719.37946,69.116356,12.223126,24.287367,10.61512,11.088133,2.7483995,-2.8110933,-8.260198,4.246188,3.149526,-3.034463,5.15219,1.7782187,-2.1498964,7.511083,0.47839144,-1.0062695,4.9069695,2.4564676,-3.9013503,1.4740614,-1.8133566,-2.4082022,-0.3453884,0.72125864,-0.9382994,1.5253806,-0.9719181,0.33044463,1.3822604,-0.93549705,-0.73232,1.9685966,-0.9101486,1.7215356,-1.189757,-1.4124863,-2.3818967,-0.15111636,neutral
-704.80066,62.916454,11.644162,21.798393,7.5285296,9.319738,-0.25668314,-6.3060308,-8.013032,1.497658,1.0483445,-3.9194772,4.884593,1.5481046,-2.9570506,7.6300764,0.0068827276,-2.5529494,5.3475785,1.6928493,-4.419668,1.3121046,-3.262116,-2.647326,-0.6351427,0.2799489,-1.5092952,0.9468551,-0.17388974,1.1512508,-0.75610906,-1.0916578,-0.9339382,1.0463182,-0.35834202,-0.024069699,-3.1285713,-2.994227,-2.971863,0.19107087,neutral
-758.505,67.32437,26.20381,24.980007,12.7644825,16.556383,0.66160506,1.2376857,-0.29616427,2.5899374,3.8221893,-0.2751011,0.4436154,0.41690183,1.1070275,6.207639,-0.37707734,-0.3181717,2.7519023,1.7028377,-2.3732395,2.4989443,-4.6657014,-0.9578222,-1.0177141,1.3543816,-1.185014,3.8858972,-0.59304446,2.3542778,-1.0743474,-0.048471365,-1.9099896,1.2442675,-0.56010073,1.6361583,-1.0715473,1.2233185,-1.7167125,1.0313054,calm
-744.20105,72.78098,24.093513,26.378986,15.05493,13.426864,0.58829516,0.6203308,-4.1008134,4.17407,3.671918,0.8955104,0.92062956,2.353824,-0.79505044,4.986385,-2.1170373,1.4144393,1.1218227,2.0406005,-2.7454278,2.015782,-3.3294778,-1.5341339,0.10500331,0.64383185,0.99599135,1.3478583,-1.2523316,0.11874606,-0.7219355,-0.9752608,0.46358544,1.9469804,-1.1688799,1.5166602,-3.3210375,0.17435998,-0.33934352,1.9174421,calm
-738.5635,62.29621,23.084864,28.577156,12.606311,12.887264,4.4254174,-0.489828,-7.19717,5.271091,1.657217,-1.5406867,3.3644726,1.3876429,1.1515958,4.5715537,-1.6018043,1.7133205,3.8217282,0.4234731,-1.7331327,2.249086,-3.5814319,-1.4118624,0.61541224,2.2676601,-0.9271348,3.0531394,-0.15370634,1.488833,-1.1913062,0.019242605,0.93195766,0.59548074,1.337366,1.8996915,-0.62851834,0.9553229,0.06311914,2.6149313,calm
-753.2195,63.72345,26.526838,30.90487,13.45772,16.27805,1.9826435,0.39092377,-0.38138726,6.042294,7.107824,0.98126584,1.805175,1.5828464,1.2767922,4.408232,0.37573645,0.42963365,2.6334388,3.735459,-4.015944,2.792458,-4.6321034,-0.6000674,-0.9840574,3.1659634,0.52053297,2.466639,-0.38981944,0.0471345,-1.6836386,1.7557002,0.12943135,4.1564846,2.728834,2.3321025,-1.300128,-0.78846055,-2.2768056,1.8539855,calm
-674.6044,69.135506,14.75174,19.503649,9.512896,10.719618,-3.6831686,-4.380858,-8.5403805,-3.5437677,0.6485085,-8.633649,2.1157131,-1.2185506,3.0142918,9.173686,-2.4022205,-5.004429,5.2581058,0.14762364,-4.2585764,2.24212,-6.2611685,-2.2767758,-1.5392761,0.8514186,-1.7031324,0.83974326,-1.0043403,-0.78476536,-2.65121,-0.86044437,-0.8657548,1.8585405,-1.3565168,2.1119013,-4.072878,0.7098101,-3.1514275,2.1499484,calm
-680.2883,64.41692,18.46964,23.471369,14.8071165,12.186268,2.585983,1.5898072,-2.111163,2.5951686,0.33378443,-2.5179765,3.5300748,0.048123065,3.4488287,6.2419252,-1.5573162,1.1616875,3.5351942,1.0626116,-1.9652947,3.7438922,-5.004367,-0.55436236,0.17621659,1.8627464,0.17577799,3.174106,-0.91805416,0.9227771,-1.5816271,-0.3942699,-0.055793587,1.5944726,-1.1247704,1.1631994,-3.4751332,-1.6650689,-4.075436,-0.7730499,calm
-700.3929,61.621437,16.980684,23.538042,13.520002,12.606575,-0.519369,-4.6754465,-2.5160286,6.177148,3.3582497,-2.3456883,2.3331287,-1.623175,-1.1802636,6.2498837,-1.2353035,-1.5786448,3.3327787,2.3676033,-6.2871423,2.3462098,-5.4032493,-1.3772683,-2.6244168,2.1055086,-0.9921184,0.8080579,-1.108341,0.14590864,-3.0169861,-1.6352073,-1.0470237,1.6264927,-0.7601977,1.2199055,-1.7149668,-1.3369439,-2.055138,1.039619,calm
-703.18176,66.35715,20.432516,25.90258,14.337355,12.698691,-1.7259475,-2.050441,-8.252957,1.1598799,-0.75819945,-2.1705377,3.5550604,1.4758759,2.5916724,8.828932,-3.1376066,-5.3436093,5.7433243,-0.585692,-4.070735,2.8930361,-4.4673495,-0.66210353,-1.0659447,0.35090342,0.44830683,1.8998551,0.9296092,-0.7446821,-1.6101048,0.5290858,0.11994348,3.5751867,0.67775977,2.2327907,-1.3965135,-1.5681959,-1.1495,-0.5101033,calm
-653.7886,74.39236,8.322385,11.348934,3.74832,8.154742,-6.0013266,-5.279405,-7.9763937,-1.2269654,5.6431427,-5.6507072,-1.2746403,0.16587688,-0.3703961,0.48622808,-2.489091,0.6207847,2.3526163,0.20978357,-2.090104,0.93586963,-2.3306437,-3.2026021,0.39032754,-0.63588935,-1.2027128,0.9124813,-1.8306949,0.7936446,-2.2783,-1.8040814,-1.1144179,-0.7052068,-2.1432447,-0.33257434,-3.2809374,-1.7497975,-1.2337049,3.7795615,happy
-620.7034,65.76584,7.1538744,17.170689,3.6706786,11.238317,-1.4635775,-3.6702366,-4.2807145,-3.2870598,4.2488656,-8.081536,-0.103484534,1.0250605,-1.8250717,1.0267603,-2.360937,2.5872374,1.0944164,-1.0017312,-2.331065,-0.27291888,-3.4383194,-2.4420466,-2.2642832,-0.32774365,-1.1356475,3.1049654,-1.2831202,2.581656,1.1635747,1.9600163,1.9406555,3.6247215,3.4900105,5.390101,1.9110079,2.5375056,1.4137747,4.750865,happy
-688.4569,78.13203,15.737865,19.704098,5.8113074,17.669943,-2.0204682,-3.310179,-6.1272473,0.2465461,3.337183,-3.0471013,2.8938231,-0.5624103,-2.3058987,3.5588326,-2.2489116,-0.9806168,1.5929666,-0.39409074,-1.8418338,1.2578173,-1.2923286,-0.33244774,-1.4422593,0.45060876,2.8002756,3.1324627,4.6514773,4.9528794,3.0325117,1.7397912,0.7365943,1.4218825,1.5522453,5.1732073,2.29132,3.1496007,1.9610052,3.6321814,happy
-654.0794,69.5262,3.1824958,18.595871,0.67250264,14.328771,0.106471345,-3.164278,-6.186625,1.9518181,4.6950426,-4.903758,3.983675,0.9702842,0.78224444,1.2930992,-3.9347897,1.138941,4.207601,-2.1993418,-3.6370742,1.2087394,-1.3425529,-3.869121,-1.0486866,-1.4251633,-1.219386,0.16060463,-0.19467627,1.4754094,-1.9787649,-1.3372446,-1.5029649,-2.0185325,-1.9453652,2.3799846,-1.7785815,0.005369026,0.5015402,4.691657,happy
-589.8053,56.514385,8.00578,12.291095,-0.6592066,6.4381247,-4.2525296,-5.804587,-7.172017,-0.14448571,6.475973,-4.6306634,-0.5421842,2.7357152,2.1851008,0.74753165,-3.285154,-0.17178981,0.0030753599,-1.3807898,-2.9882388,2.2540963,-0.072879344,5.2524595,2.9842577,5.250618,0.034446668,5.2981906,0.9523673,4.983731,2.0040503,1.0929048,1.6268557,2.2941346,1.9124086,3.2010608,-1.197424,-0.54322255,-0.6493684,3.4403272,happy
-512.04504,45.327835,-14.858356,2.5537384,-2.5825565,3.4458961,-11.730612,-15.518188,-8.652678,-3.3532312,2.332693,-8.222858,-3.5416856,0.25989136,-0.77398914,1.6558254,-4.247854,5.772905,-1.4248011,-2.4051907,-4.5756435,1.7475202,-0.38824603,9.909309,13.078927,19.391962,13.072355,10.758811,0.5833816,6.073607,1.2187299,5.0652905,3.061954,1.004548,-0.7510376,5.708446,-0.27233085,0.75196296,-1.3759155,0.34883288,happy
-496.21652,44.479256,-5.1337433,10.619377,-0.9217926,4.3994417,-9.489511,-11.718454,-9.245917,-1.5012845,1.5846655,-9.393461,-0.5877882,-0.726141,-3.9908261,0.5737219,-3.998142,-3.4140544,-1.2082338,-2.444949,-5.172198,1.4151894,-0.31049073,3.273269,3.805394,7.443713,2.4101777,6.5703034,2.3226829,7.1988883,6.251529,4.853705,4.7623296,5.356751,2.7860327,5.7465687,1.7592287,1.9098706,1.8074996,3.115207,happy
-597.3228,54.197563,13.435555,18.300003,0.9876315,6.3637443,-1.9027036,-2.3356757,-7.223956,-2.5983102,1.6532681,-7.3848715,-1.0984824,-0.92187613,-1.0355479,-1.9642044,-4.212548,-0.14132713,0.72515976,-1.5791932,-2.7965617,-0.6405194,-2.3395212,-2.6974857,-3.4278529,0.20960857,-3.7314022,4.179879,1.4662,4.2855945,2.8373322,1.9048586,1.0497516,2.7126243,2.3076973,5.2125835,1.6327405,1.8103398,-0.014405267,2.8275483,happy
-723.7131,67.2247,17.922281,18.497843,9.7938,13.589759,7.002606,-1.639939,-0.71689975,1.2053945,3.7638078,-0.91945446,4.5006576,1.272595,4.2413726,4.001855,-2.5100284,3.5300043,0.6832077,3.4218287,-4.7312684,0.91610247,-0.43322283,-1.9488522,-0.14048778,1.1449075,-1.6656411,1.9719301,-0.6654275,2.8401952,0.027925273,-1.0058489,-1.326412,-0.6554772,-1.0767136,1.0201321,-1.2387768,-1.7991835,-2.7641273,-1.3601539,sad
-746.20166,69.81427,17.723703,19.790928,10.562505,15.267721,4.127471,-4.6235304,0.5109154,1.2657975,3.049766,-1.619721,0.9664005,0.9906044,3.5849555,5.130953,-2.5098996,1.3118722,-0.670598,2.1843102,-4.092248,0.4392561,-2.5583081,-0.5061938,-1.6494571,2.1354067,-1.6989409,2.7515693,-0.07820705,2.0897846,-0.8909478,-0.18663989,-1.3743614,0.7991513,-1.3020042,1.9393373,-1.9040616,-1.3291564,-2.795444,-0.8866657,sad
-710.8944,73.407845,9.818446,14.052331,8.82936,14.780571,1.7163376,-9.149676,-2.9311132,6.036692,6.2791767,-3.7994568,5.985358,0.4469022,1.7574567,6.2994885,0.260522,-0.34727412,2.2002974,2.8501198,-4.676539,0.7158207,-3.7844763,-0.26639026,-1.2903359,1.0983692,0.17435463,2.1956546,0.93089193,1.4156215,-0.05818182,-1.3003112,-2.343909,0.5871844,-1.7193582,2.0762737,-1.9417377,-1.31404,-2.1406307,-0.6666102,sad
-732.8713,77.67088,16.079626,22.8306,9.022008,13.979756,4.3485904,-3.443725,-3.215895,2.0780501,6.34928,-0.5328107,6.0280247,2.1330423,-0.1309197,5.344101,-1.6270466,-1.0612123,-0.9421774,3.0031207,-4.103819,2.748171,-2.1242278,-1.5631442,-1.1241124,-0.06760723,-2.0961754,2.919122,-0.6318556,1.6914055,-1.1865813,-0.5818102,-1.1287084,-0.44852802,-0.9326894,0.8806262,-1.5196201,-2.9306216,-1.8862071,-2.2669919,sad
-527.9239,47.095097,3.1827118,14.730713,8.611145,3.3703127,-9.21803,-4.8669004,-3.3626401,-6.1321683,-1.9571229,-4.739739,-2.9758434,-0.84535617,-1.0328828,-0.047714762,-0.9052483,1.9981837,0.11188714,3.884686,1.249649,3.1729066,0.16050208,3.408943,1.0206327,3.5648313,1.4255964,4.131345,4.315893,6.182104,4.928148,5.725758,1.9959315,5.160202,4.1164613,5.0256786,2.8892336,3.1858609,2.0369768,5.00818,sad
-649.3551,67.22551,1.5718971,17.73429,8.385168,7.0160203,-5.8679285,-4.749009,-3.7605903,-5.6193705,1.3675448,-1.7770027,-2.3987997,1.0262693,0.109864235,-1.1523762,0.33636406,1.97393,-1.0398242,3.6543164,-0.5013278,0.8071844,-4.0704684,4.117274,-2.4766521,-0.12199154,1.2931201,2.6221833,-0.15193167,2.6461616,2.7123063,0.9864071,-0.07923551,2.79508,1.8498853,4.1439786,1.8540394,2.4531713,-0.42025796,3.5307808,sad
-626.9533,67.89747,1.6370763,12.935053,4.4544873,7.4641128,-11.544701,-5.503592,-4.0293975,-11.448175,-4.908047,-3.1096554,-0.91300476,-0.7112258,-0.28302464,-0.4093028,-1.442399,0.44089222,-2.0644038,3.3764474,0.33758733,-3.431759,-2.7375164,1.837292,-4.185078,1.2563721,1.0618858,3.2098615,-0.51796144,3.2866423,2.2722647,0.5050938,-2.6752539,1.0319426,2.2513735,2.076697,0.2589681,-0.104377136,-0.7541225,3.4638524,sad
-602.4325,68.88659,-1.860632,15.500684,9.796136,8.231955,-10.699218,-2.7847135,-3.4582884,-10.586457,-0.86157954,-3.8031127,-1.152277,3.1783543,3.3804064,2.9778414,-0.13031724,3.0574584,0.5849733,7.0957093,-0.56075007,-1.261933,-0.0016117451,4.5698495,0.043194503,2.954828,1.7713733,5.642868,1.7191699,3.198099,2.796474,2.500512,0.37266836,3.4783602,6.5148926,6.211814,6.8444953,8.80483,7.5720925,10.716122,sad
-527.4075,47.9863,-5.806479,12.859312,-0.092045136,-1.0074635,-2.6718621,-4.159374,-9.203556,-3.9634159,4.6946535,-5.433742,-0.082507856,-0.85458994,-3.5121243,0.9562957,-2.3564298,-1.0729233,-0.021416599,-1.2726836,-2.7784817,0.10912333,-1.960655,0.7385418,2.001327,3.5831082,0.028596656,4.731983,2.1912358,3.604842,3.591695,2.092297,1.6229924,2.4754245,1.5174534,3.862722,0.14673573,0.6891405,-0.1515464,2.1046627,angry
-555.4774,56.743267,-3.7796617,16.597498,5.283414,2.7290711,-3.629277,-2.8404539,-8.249214,-0.717041,6.021836,-6.601494,1.6466792,2.3537726,-1.8688856,2.8404942,-3.0366635,0.5043906,2.3943808,1.9962639,-0.74243736,0.50998825,-1.8582022,0.001268673,-0.4738017,0.5878854,-1.6314802,1.9861393,-1.1389028,0.2306169,0.6087619,-0.9908702,0.38208,0.32214236,0.2102913,3.7653522,0.08088751,1.391711,-0.36856613,1.7406723,angry
-588.5234,45.45077,7.311466,14.144736,1.115483,1.9374495,-4.5257144,-6.2335525,-6.0377464,0.62545216,1.1844156,-6.3650956,2.7289824,-0.54100645,-2.3628242,0.17440978,-3.8766484,0.73407054,4.3897614,-0.46986943,-2.8001554,-0.77585727,-3.9937916,-1.297114,-0.5586324,1.9921685,2.4616823,3.9622316,0.4918456,0.5951077,-0.8604191,-0.47606045,-0.4617415,2.4930348,0.48008147,0.9846251,-2.51104,-0.9384219,-0.41917804,1.2588232,angry
-539.57227,53.837452,8.056619,17.697254,1.695823,-0.39242366,-0.8792995,-2.2433078,-10.379378,-2.0652633,2.2684886,-7.3525105,0.056687392,-0.5493182,-1.5825924,-0.17884783,-3.2963448,0.24640036,-0.013996484,-0.9531506,-4.20617,1.1883596,-2.601467,-4.209189,-2.6152432,-0.089265004,-3.4383323,2.1382728,-0.6131847,-0.46812776,-0.019632462,-0.32846844,0.6168802,3.1663814,3.7445064,5.3091516,3.0779507,2.22211,1.090809,3.1504278,angry
-405.7788,30.750465,-20.098661,7.260508,-7.363235,-10.164591,-6.5748363,-2.5392826,-11.707139,-4.125695,1.8933977,-9.83238,1.3837937,-1.8753346,-7.0405216,-1.5509877,-3.4047592,-3.6129165,2.4454825,1.4638712,1.1018517,4.3350434,0.7289616,5.2782164,3.7844574,4.965663,1.3008593,5.553425,3.1864321,3.6513367,2.301786,0.4949623,1.8968962,3.9823725,1.723094,2.8278458,0.22667898,0.7956428,0.48464927,0.6764673,angry
-347.855,33.44112,-35.798573,1.0275843,-17.729235,-12.269428,-7.8326936,-3.2187965,-12.785456,-4.5414486,5.625282,-10.893543,-0.3196964,-3.5039992,-7.725546,-3.0320468,-0.9404678,-3.963383,6.811846,7.1953106,5.952021,11.316144,7.208653,2.39139,0.57935655,6.8578644,-0.99176365,6.8691154,0.48890808,1.7819015,3.014489,2.7148936,0.9507927,2.2478251,-1.2867324,3.451899,1.6430016,1.2745585,1.0385123,5.3978252,angry
-307.82556,28.292263,-33.72174,-2.3927777,-15.855716,-10.578614,-11.1157255,-2.957041,-11.549768,-4.435759,2.9168048,-11.1946335,0.25848144,-6.3303695,-7.6899943,-5.1937537,-1.2729377,-3.6035202,6.943064,6.5255866,2.9619727,7.402607,5.714823,-0.6773532,0.36497483,3.7247128,-3.2950115,4.6738877,-0.06277898,2.4944606,1.4007614,1.1793811,-2.0741894,3.0253518,-0.2119489,1.8629119,1.0744864,1.6312976,1.901973,4.060471,angry
-404.84164,27.947756,-21.580801,9.363353,-7.7175384,-12.304215,-9.229842,-3.6733854,-13.242593,-4.502452,2.7416246,-9.525413,-0.6882432,-3.0909686,-10.0831585,-4.1502285,-5.238484,-7.780479,1.380474,1.162969,-1.5607347,2.172394,1.9706683,-0.17806947,2.2856548,5.4564104,2.4238992,7.6682296,4.7396483,2.016613,1.4011145,1.8004537,-0.25573605,2.945653,-0.7408526,2.457291,-0.06559081,-0.094755396,1.5315752,4.4984255,angry
-611.49084,53.697186,-2.787698,15.713755,3.3997235,0.42947713,-6.5267167,-8.406367,-5.2088547,-2.6514435,0.93517745,-9.086231,1.4717758,-0.12187624,-4.134417,1.8632257,-3.4015498,-0.5109027,1.7502906,-0.49699116,-3.913777,-3.4237988,-3.398744,-1.9537483,-4.7152567,0.009609222,-2.6986985,2.379727,-1.2982132,0.8607246,2.7149706,-1.3903849,0.75419104,2.1639268,-0.67554724,3.6492546,1.4144299,1.7722626,0.15970707,3.0446286,fearful
-641.91693,53.971024,3.363122,13.621787,8.870889,4.7283826,-8.052875,-8.171871,-2.196716,0.10560646,0.55016595,-2.4648418,0.70026475,2.5609038,-0.55269283,5.8684382,-0.24360359,-1.7269537,-1.34478,2.5423381,-2.0037951,-2.8373728,-2.1382148,0.16791421,-3.2422967,3.6736665,0.66646546,3.3039389,-0.12953171,2.1599512,3.5838232,2.3244998,4.324826,8.085386,4.7080164,4.3113813,1.0829511,-0.54693025,-0.43444782,4.2692733,fearful
-620.8491,37.739964,-1.2242038,14.249456,-0.5798752,8.097855,-8.898539,-13.757989,-2.7904775,-1.3085248,-2.8050451,-6.6869025,0.23091352,-0.23377495,-3.1212776,2.279471,-5.623181,-3.2731068,0.74477136,-1.5240883,-4.8436112,-3.212867,-2.5262537,0.6509213,-2.324325,6.5296516,4.4230094,3.6585443,2.3224087,5.333938,3.9152064,5.305596,5.9280267,7.6526403,4.0563636,3.8015144,1.4672474,1.7646008,2.0340528,6.755674,fearful
-650.553,56.693207,14.16307,20.68129,5.5985985,9.607708,-3.5153353,-8.629577,-2.695506,2.2635143,-0.26282293,-3.8181024,3.0980306,-0.042972937,-2.1970234,4.6900353,-2.9566243,-1.5801365,0.24044056,2.501192,-1.909153,-2.6796205,-0.13989747,-0.0094597265,-4.9257054,4.80613,-1.2588252,2.2695816,1.1334356,1.2666993,1.9733347,0.01729537,-0.15673347,1.8228891,1.1467443,0.18176414,0.60566103,1.6430901,1.6862903,6.0275574,fearful
-488.19852,42.980167,-32.8679,4.5906277,-4.9839582,-3.6056643,-19.530748,-14.279503,-13.213704,-8.078819,3.845111,-15.884318,1.8152058,8.694245,-5.3498793,4.801936,0.29547176,-1.232947,2.4599788,5.4722667,2.0242105,3.157504,8.213479,11.330154,6.7900734,9.666263,1.5731099,3.8165047,1.8580427,1.0771552,3.5560057,2.0633621,0.12809142,1.4121294,4.946216,2.6838033,-1.2204101,0.3594687,-1.1466898,1.0254877,fearful
-429.91806,13.987488,-25.794744,-0.56750715,-13.151172,-9.664351,-17.374819,-16.18596,-8.834062,-4.984041,-2.60371,0.9205716,2.7866793,11.432088,-1.2724808,-2.850046,-3.0472083,-4.643775,3.1662397,11.993475,7.555305,7.1686726,5.5243115,9.673502,-0.8781982,1.4396124,1.6128427,4.08437,-0.20926495,-1.0764796,-0.6422696,1.5278767,-0.9246773,1.5179539,-0.09242289,-0.12955298,0.6746596,3.7164445,-1.5449629,3.6631591,fearful
-459.72464,18.374693,-18.822193,-2.7690647,-13.273498,-2.840079,-11.864756,-12.17954,-2.925361,-3.9706972,-2.2168705,-5.183168,6.2745137,3.2374392,2.6548216,5.890793,1.7869897,-1.3675557,8.863679,9.85278,5.5265937,6.1084666,5.003936,3.3040748,1.5718898,8.052877,2.0812094,3.2148232,2.0963106,2.6614773,0.3073899,2.2578275,0.04412505,2.207394,2.4026108,6.4503355,0.5238265,0.67194647,1.9512341,6.0545306,fearful
-421.60892,23.5916,-23.464869,2.6500208,-9.310788,-2.4989936,-14.611822,-17.830303,-4.3177295,-1.5379426,-0.09147223,-5.6349998,5.4742837,5.997877,2.2196357,9.005519,1.3767984,6.391731,12.191549,14.681438,7.4060674,1.935201,2.3159368,2.4719892,-0.7113975,8.131252,3.9901855,3.489101,2.6584182,6.2487283,3.2874627,1.6343853,1.93944,3.152581,4.8117814,5.8503475,2.2844827,4.3130317,2.804045,4.5189176,fearful
-611.4188,70.55178,13.21813,20.108461,-3.5324523,3.0900908,-6.042665,-8.805466,-2.7453642,-7.3818307,2.961525,-4.551994,2.4116156,-3.7785263,-2.0048678,4.990093,-2.1517334,0.18994446,-1.1616514,1.0984292,-3.9620843,-2.7033403,-2.6394854,-1.9208146,-2.5558984,-0.2780029,-1.0314022,1.9762838,-1.4805994,3.130446,0.0052273762,0.030313635,0.75207806,2.4964669,1.5965524,0.44951344,-1.9314,-1.482759,-1.9399498,1.3362383,disgust
-610.9525,73.9217,3.004444,9.20349,-2.6038716,4.661634,-5.5650263,-13.24523,-1.9621769,-3.9715784,1.537178,-5.619384,3.5524902,-5.6958113,-3.7245426,3.4223394,-3.5361261,0.5995158,-2.3545177,1.8029705,-2.0564995,-2.411675,-1.8467661,0.66092557,-2.9272423,3.8033476,-1.9728134,3.801993,0.20033352,1.7341634,-1.6408035,0.8686084,0.16077088,1.4617972,2.0004063,2.3481393,1.1261984,1.3538351,1.0205169,2.4166138,disgust
-600.77997,61.937077,10.454112,15.238348,-0.9374371,7.586994,-7.072657,-9.415427,-3.653431,0.923382,0.33872733,-5.3292747,4.277949,-4.236044,0.42147845,2.7405398,-2.8895185,0.08178211,-1.1247966,4.112438,-1.6346222,-0.42518517,-2.4296672,-0.18679106,-2.66247,1.5961999,-1.1853207,2.281737,-0.61479187,2.2233915,2.2829638,2.9968085,3.9396305,4.69441,1.8977854,3.0079315,0.3090291,0.6706567,-0.05272971,3.2164755,disgust
-613.28876,47.951588,3.741335,9.859426,-9.253013,4.4127545,-8.412171,-10.120081,-4.2375984,-4.373463,1.30666,-7.2366548,0.6151846,-4.623148,-4.0081434,2.1893408,-5.3272943,0.8421033,0.44572145,1.7115614,-1.5371282,-2.4499476,-2.4318373,-1.0625248,-4.7028112,1.5653169,-2.676542,2.8203464,1.8271315,3.2653441,1.1386832,-0.21000932,-0.20240295,2.284524,0.6826893,3.360669,0.18477178,1.0692533,0.8740793,2.4128463,disgust
-536.0109,38.65566,4.1223936,10.077127,-2.82954,-0.4689755,-5.9358606,-11.744131,-8.169708,-10.245455,0.24084856,-5.719638,-5.7224693,2.4212162,-4.8005276,2.4096022,-2.4116263,3.055391,2.320677,4.0333924,-0.1112684,0.5055272,-3.545512,0.35772225,-0.7416214,1.2250934,-2.5618427,3.911323,4.2398815,6.0625215,3.7711842,2.2746227,1.4500892,4.6087794,4.1702375,7.963265,5.124532,2.145027,-0.60985464,1.946806,disgust
-462.58087,27.427086,-11.273849,7.746214,-12.376983,-5.1013746,-10.368075,-10.745537,-7.3626604,-8.935661,-1.4785196,-5.735004,-4.148855,-4.06459,-7.865096,0.90856344,-4.5479755,-0.77094805,-2.2456303,-2.140396,-0.5915961,0.15051538,0.39434293,5.43921,1.3710017,6.1041255,3.077277,4.3478193,2.1350725,1.8580608,2.1403706,2.065024,0.8910742,4.50506,3.3566804,3.9675999,0.52978253,1.0738872,-0.60154885,3.1819606,disgust
-432.0462,6.456399,-3.9966443,2.3966892,-23.257391,-0.10892465,-10.391572,-15.024603,-6.507032,-4.9295216,-2.9989986,-3.1663775,-2.852349,-4.548627,-2.0872831,2.521188,-3.6991422,9.105551,5.59317,4.409519,2.9722083,2.4728603,0.71152014,6.173565,7.088645,8.272712,0.13593104,5.93086,4.237695,4.6739836,2.766255,0.1793356,0.6848367,4.577726,4.4059625,6.1552653,1.8051896,2.4313927,-0.7692632,3.213346,disgust
-461.8207,42.560097,1.0175214,13.702183,-0.3739014,-1.8548241,-2.5859187,-4.931312,-8.516482,-3.6068087,3.311025,-6.0900235,-1.768051,0.55000436,-8.203765,3.8027291,-1.9233993,-0.25275704,0.8657987,1.8489339,-0.386289,0.9762792,0.011778639,5.514045,0.88636106,4.196125,0.33053395,4.0966587,2.1826637,5.5519104,3.9731681,2.9703553,1.6146909,7.5890117,5.863154,5.144191,3.3144662,3.2575855,2.8597083,5.1144953,disgust
-658.7429,72.99359,10.064396,17.44562,5.805037,6.9497995,-1.6157022,-8.050134,-7.66157,-3.2846582,-0.6894245,-5.637568,1.1468221,-0.87517345,-1.5169266,4.196745,-1.7098527,-1.1509869,2.0647476,1.1259005,-1.0745014,-0.15810148,-1.1708302,-0.67539173,-0.329971,0.93770146,0.4097524,2.770939,2.2484086,2.2519157,2.1094759,1.3912733,-0.080806285,3.19037,1.0703924,3.5103798,-0.16965736,1.775006,-0.5673122,2.6673608,surprised
-647.87634,78.78641,2.3922932,8.779392,-0.52615297,3.9145699,-3.8181686,-10.349932,-5.101917,-6.318324,1.3437755,-4.13021,1.880554,-1.832045,-6.7339125,3.947066,-5.060165,-1.2607124,2.3448613,1.8771306,-1.9356574,-3.3078299,-2.3232975,-0.47949898,-3.4798229,1.3101536,-2.8364246,2.7865999,0.12906681,-0.13373162,0.9186327,-0.15928331,-1.0251038,2.5434299,1.6955323,1.1751847,-1.050957,-0.38707963,-1.1654755,1.6897414,surprised
-661.369,72.99152,11.900956,24.883938,1.6417639,4.494986,1.5281155,-8.164683,-1.4110136,3.6911218,0.28295046,-4.851383,2.983526,-2.809955,-5.1416283,6.208572,-7.5703745,-2.07528,1.5681821,1.2393509,-3.792995,-1.2633036,-1.2884679,-1.4749216,-1.9088428,3.5384097,-2.425358,3.4432912,-0.947718,0.7531864,-0.5767074,1.5510988,1.046442,2.0696192,-1.096054,0.19792369,-1.991595,0.22687104,0.27349332,2.0181036,surprised
-744.68634,67.081535,18.314054,21.004875,5.289451,7.817583,5.3798113,-2.2679353,-4.100271,2.317279,4.18106,-1.7214884,5.420078,0.69857776,0.35993266,4.434261,-0.83687377,0.966307,3.8382742,3.1739485,-0.056098707,1.8664844,-0.51283276,1.4806739,0.43634772,2.3474436,0.27944347,2.3146808,-0.28495416,2.090667,0.20652705,0.44759938,-0.0073278253,1.672858,-0.10921173,2.1578033,-1.0029322,0.30971858,-0.07661036,1.804983,surprised
-571.72986,58.163986,3.4545515,10.492102,0.5376986,1.266896,-4.8831773,-12.496986,-5.8489265,-7.0708284,-2.6089392,-6.1435876,0.55865324,0.8867491,-3.8940513,5.5479307,-5.380986,-2.6167812,2.091582,-0.78389996,-0.21662873,-0.5684668,-4.3592095,-1.3666115,-4.6407166,1.5685059,-1.4806794,1.836031,2.120025,0.030000417,1.1349281,-0.4250715,0.9760858,2.963748,0.3606101,2.6078675,-1.2672535,1.483585,-1.7582687,2.4094124,surprised
-566.9929,53.43414,-2.1927025,13.196092,3.609497,1.2126056,-8.423932,-13.740658,-9.8003235,-3.3352273,0.057782974,-8.794668,2.300412,1.0246699,-2.3375447,2.6342318,-7.0787926,-3.7134864,0.04488203,-4.005851,-2.6529408,-1.4027666,-3.0467489,-0.9522831,-3.3815155,0.243221,-1.2829822,2.0876772,0.059508953,-0.28354615,0.017824402,1.2723895,0.9926311,3.5066776,0.020891877,2.8674881,-1.2979572,2.0580957,0.8018622,3.2695632,surprised
-604.0621,68.545105,5.8287163,16.088617,2.6470914,1.6866611,-1.7424059,-6.686626,-2.1180468,0.087533675,-0.7216122,-5.515542,3.7212567,1.0662714,0.815954,5.601715,-4.123284,2.7281783,-0.2947839,1.6114358,-2.2853332,-1.4430429,-1.646999,-1.2467958,-1.5809565,1.3695482,-0.7644113,2.0833147,0.9977587,2.8589551,1.7512021,2.381612,1.7795314,1.4597356,0.030016804,0.47010443,-0.9031906,1.9531208,1.9099916,3.426855,surprised
-662.58167,59.485302,14.303701,17.203342,1.426826,8.966417,0.80214953,-5.766179,-0.82902604,-1.3970653,2.2625086,-4.88903,2.2767866,1.1068895,-0.069017775,0.94949114,-0.69268703,1.9857918,3.4608397,1.7795593,-0.74468714,1.5500664,-2.2995453,-1.2893199,-2.5732095,0.5408177,-0.5540439,1.3975233,0.25383276,1.3656977,0.9319047,1.0716636,0.6079828,1.4284092,1.2602991,2.789343,0.34997445,0.5753517,-0.95890117,1.4004135,surprised
-716.3534,35.54762,-6.0226827,7.942268,-6.1502595,-6.971257,-7.0630207,-11.555155,-4.877772,-4.673671,-2.1677942,-6.6348276,-4.3071814,-2.3838348,-6.330024,-5.2437925,-4.1624074,-3.1248126,-4.1112947,-3.400423,-3.5823438,-1.8261733,-3.179679,2.1374853,0.79927635,1.5574305,0.8149997,0.40056098,-0.3524995,1.6734824,1.6530988,3.3280249,1.6256374,2.6842794,1.8317868,3.7657292,1.6044773,1.8759137,-1.8490535,-0.4955158,neutral
-706.14124,35.002113,-7.671686,9.358679,-6.6919675,-9.426923,-6.437806,-12.181662,-5.5207767,-4.0778794,-5.006567,-4.8960586,-5.760537,-0.5618733,-7.308583,-5.0861125,-3.78764,-3.6160414,-2.1755338,-2.3029485,0.75841284,0.80709994,-2.2301347,0.8376362,-1.8170019,1.936706,4.0504704,4.808604,2.3011186,3.072231,-0.5627813,0.8062108,-0.92075485,0.7964189,0.39356047,1.1368846,-0.93153083,-1.0021745,-2.5400643,0.49551588,neutral
-727.40466,39.942905,-1.6782712,7.223197,-4.634714,-6.3276267,-6.674175,-11.066922,-4.136505,-3.850264,-4.059075,-5.652624,-4.3996983,-0.34828576,-6.7705646,-3.9143693,-3.4758768,-2.979159,-3.3527749,-3.1193943,-0.75877297,-1.7643812,-2.0498106,2.2917476,1.6618214,2.8530638,2.6742601,4.1116962,1.5264605,2.7852876,1.4002485,2.9843903,0.7504241,1.3978829,-0.23814481,0.0798558,-0.7790474,0.52091736,-0.21179631,1.3973148,neutral
-709.3892,32.52046,-5.2249227,6.45404,-5.5436563,-8.129784,-7.816564,-12.571193,-3.7953355,-4.843219,-3.8683734,-5.657686,-4.462496,-0.9633817,-8.223982,-3.9743285,-3.776526,-3.3136804,-3.004222,-3.469508,-0.9848454,-1.0832165,-1.1046362,3.6224597,2.6863523,3.4439418,1.8413417,2.209088,-0.057077147,2.0416284,-0.40582898,1.5171387,0.7746291,2.8550172,0.17724225,0.939858,-1.5272989,0.48369485,-0.80104905,0.6858677,neutral
-790.88794,35.024326,-6.144309,11.189781,-3.7430432,-7.731189,-8.974464,-11.212101,-4.7247114,-5.155792,-3.0792599,-7.415829,-3.0577977,-3.5215886,-6.0626016,-3.809672,-5.5552,-2.8997872,-3.8630915,-5.069727,-2.5008044,-3.1252282,-4.553302,-1.064551,-3.0935707,-1.9476029,-1.6771944,-0.8519019,-0.099022545,2.1040952,0.20563503,4.1560183,3.1183686,6.948802,5.9688716,6.2710114,3.3473752,1.9284612,-0.27337477,2.2278056,calm
-797.79865,32.446922,-6.7139907,6.684239,-4.769311,-5.83923,-9.006455,-10.979172,-6.6288233,-4.447314,-5.2814198,-9.05754,-4.236371,-1.6491475,-7.3711886,-5.440933,-5.45555,-3.2976632,-5.5111947,-5.197827,-2.6368713,-2.6521635,-3.0328984,0.9188207,-0.8334184,0.4594877,1.0139513,-1.0987327,0.52718276,0.6124025,0.11579405,3.6428325,2.6480916,6.1150746,5.7853594,7.038216,4.3862505,3.6691055,-0.19875365,1.0295444,calm
-814.40356,35.418686,3.5164971,7.559878,-0.33657327,-1.5695114,-7.271125,-10.071697,-7.477751,-4.165861,-5.3041677,-5.3642874,-3.813753,-0.37076628,-8.597198,-5.419399,-3.5934024,-2.230626,-3.8608916,-3.8883488,-1.8209338,-2.7283068,-3.4768896,0.5749929,-0.09391112,1.4716042,1.9417051,1.1673805,-0.038425658,0.59640676,-1.5406591,2.0800638,0.6193155,3.2216039,2.6121182,5.3138056,3.667449,3.9128282,-0.9177952,0.9814589,calm
-787.88214,34.851734,2.81575,6.904305,-1.4044154,-4.3676353,-6.735886,-10.346631,-4.001651,-4.3905635,-2.613884,-6.8828335,-3.0951364,-0.30739984,-7.4314513,-4.535025,-3.1950731,-1.2495292,-4.7074246,-4.0042796,-1.6167026,-2.317778,-4.8704815,-0.12230353,-3.591927,-1.0712988,0.42564452,1.2944742,2.7316153,3.5697095,1.483967,4.6417356,2.5495226,5.706114,4.250397,7.00873,3.1163921,2.821671,-1.0685799,1.3865002,calm
-823.3475,42.34107,-2.530972,10.536536,-1.9172186,-5.621395,-8.272225,-9.560358,-4.5549135,-5.556112,-4.4641805,-3.8888729,-3.0891764,-0.7993683,-6.471527,-1.0490816,-5.6811247,-0.868885,-2.0234034,-4.4831457,-0.12626958,-0.44946572,-1.9007552,1.9079435,-1.6068231,-1.8459846,-1.0029502,-1.4436386,-0.2825986,0.46976408,-0.8658259,2.2455962,1.8529791,5.975242,5.9547,5.762168,2.3533838,1.0922662,-1.1763006,1.0307039,calm
-818.1348,40.67369,-3.2050636,15.063767,-0.28101018,-4.9361095,-5.370554,-10.663362,-5.2482452,-3.7326784,-4.979526,-6.6168227,-3.4013383,-0.47814178,-7.878558,-4.0396705,-5.5202756,-2.9436076,-3.9188392,-6.050522,-2.5953321,-3.9015226,-5.3138475,-0.70572907,-4.0461774,-2.1947649,-1.0304389,-1.6994053,0.16499354,1.9955344,0.6793903,5.3190136,3.0459619,7.31198,4.8390408,6.7628984,3.5765672,4.2696996,0.36093923,1.6815133,calm
-807.10645,41.26715,2.3186636,10.466209,-0.7968014,-3.9531403,-7.999305,-11.103649,-3.5931778,-1.0736934,-4.393924,-4.9376674,-3.4010646,-1.6724867,-6.501221,-2.968224,-3.540661,-2.3904035,-2.0542467,-6.0290246,-1.5302432,-2.6253123,-3.7577436,0.82858366,-2.2031476,-1.1514657,-1.1559304,-2.0737247,-1.9322059,-0.7200121,0.29570317,4.328653,3.7985995,7.9987707,4.506744,4.6947713,1.7222576,2.2264967,0.7660638,3.814134,calm
-848.5936,32.293472,1.1860751,9.396781,-4.269927,-3.7131581,-6.2824287,-10.420859,-6.60703,-2.972279,-5.8717513,-7.808586,-4.529826,-1.0879083,-8.806532,-3.7806916,-4.1484833,-3.1533065,-4.5480285,-3.5371351,-1.3902634,-0.025387758,-1.9898143,0.9435554,-1.3384441,-2.0373845,-0.06315574,-0.83835775,-1.6794677,1.2615296,-1.280858,1.820164,2.3190794,5.775362,5.3353257,7.529222,4.4739885,4.2752733,-0.44292563,1.8725151,calm
-572.8164,34.408527,-14.771352,3.9322925,-8.077449,-12.511955,-6.8386197,-15.844431,-9.628416,-4.7358203,-10.094336,-1.3581773,-9.728367,-1.9270585,-5.348502,-6.42942,-2.3193371,-3.1907675,-2.9718733,-2.0729218,2.0756423,0.40090224,-0.40144706,0.807861,1.5075079,2.270708,1.6995921,1.2031739,-1.6389514,1.2949693,0.467528,1.3074309,1.0285641,0.64535093,-2.3542871,-0.93655664,-1.184445,0.60990566,-0.65004885,0.36439234,happy
-630.4018,33.548485,-13.2710285,1.9080355,-8.341204,-11.790522,-5.84701,-15.826535,-5.6594796,-8.911412,-4.5070624,-3.0241504,-9.143472,2.157676,-9.017245,-4.6378508,-5.229054,-5.130879,-3.5316055,-0.9834366,2.252187,2.637937,2.3978562,3.8257785,1.3150947,-0.7332945,-0.29271168,0.6002663,1.5821664,2.2652361,-0.49886113,0.8907259,-0.24143746,1.359249,-1.0517488,0.8700822,-0.1584673,0.72153634,-1.4520884,0.62229156,happy
-629.4866,37.42071,-2.4512224,10.417361,-3.4824646,-5.3692355,-8.344803,-14.070184,-7.1920824,-7.900625,-7.86629,-3.0695734,-7.3869076,-0.6344409,-9.56156,-8.041691,-1.6460625,-5.099951,-7.9043984,-3.512708,-3.8179688,-4.386873,-5.437847,-5.141627,-3.094644,-2.691643,-0.216038,4.3835545,3.5562491,6.4573126,0.040962525,0.13244891,-0.016488038,1.6653532,2.8560002,3.549514,1.1265831,0.3632192,-1.0835629,2.293841,happy
-673.9103,27.615295,-13.983659,-1.5622805,-5.716148,-10.465156,-8.6013565,-17.099243,-7.765977,-7.115991,-5.6261096,-0.83338296,-7.872592,2.8265872,-6.0245724,-4.5264707,-0.73967886,0.6785529,2.939991,3.7068074,4.236046,2.697264,-0.44414037,0.37063396,-0.22999649,0.2495981,-0.05022376,0.95920867,-2.67876,0.06399702,-3.6475635,0.0023723266,-0.25734892,2.3448162,-0.02214725,1.7643131,2.1720042,1.8103414,-1.0373523,-0.05716342,happy
-538.0495,27.486656,-34.084827,-3.541279,-17.587187,-18.483433,-10.359675,-17.461157,-10.396801,-2.9474404,-12.058153,-1.8556169,-9.410999,-2.7641084,-1.7380352,-1.1941689,4.629816,2.8300586,2.108779,0.9755821,4.9741755,2.8809335,0.35800272,2.253253,0.8556937,2.5747247,0.29564124,1.4709433,-1.71141,1.6936221,1.2559516,2.209493,0.4098705,0.21588336,-2.6681485,-0.81733924,-1.2120486,-0.31349817,-1.2961745,0.6572209,happy
-483.98975,31.332003,-36.66193,-2.5267744,-16.020794,-20.133307,-10.0673895,-21.066883,-11.018093,-6.540895,-14.63147,1.1334414,-4.120026,7.9629393,-1.3521559,2.2068784,4.6020947,3.2996476,1.7416878,0.9732351,0.08752675,-1.2931696,0.6194729,2.1610403,-3.6423604,0.037491746,-0.5783358,-0.38690472,-2.7083566,3.0679853,-2.0148933,2.398145,-1.075289,2.1897547,1.1600817,3.6602418,-1.1749755,-0.84815437,-1.195642,1.4815847,happy
-473.65646,22.779186,-27.781593,-2.4766433,-15.722082,-15.869232,-14.930588,-16.87676,-7.820433,-3.1334012,-3.3939848,-1.0868932,-2.7694929,2.7971492,-4.4087324,-0.9900568,2.960616,3.1581445,4.000092,-0.21213561,2.2315962,1.3197085,-0.28633192,1.7425576,1.1943681,-0.3535078,0.11298501,0.6114277,-0.5775471,2.6294763,-1.3758115,1.6503673,-0.62568384,2.4114482,0.7343438,0.88050276,0.32290554,1.187617,1.1134388,1.108183,happy
-418.2967,10.282399,-31.424139,-14.007898,-16.701633,-18.26779,-12.180178,-16.12798,-7.386583,1.4613161,3.9191551,12.931555,5.8200073,7.1813545,-7.5187197,-6.4899263,-0.053255893,-5.3078914,-2.9829488,-1.1636893,6.605737,5.272933,-0.31460658,1.4469888,-0.5852112,-1.7752193,-2.3056293,0.1496679,-0.44674462,3.7390702,-1.1803386,1.212217,-2.3938606,1.3004827,0.9036266,0.5443967,-0.3907918,-1.2646351,-2.1679964,1.7209203,happy
-748.3826,41.678886,-9.606701,11.924767,-6.833634,-2.2697725,-9.544798,-17.103355,-5.689906,-4.280839,-6.6698985,-5.1118574,-3.037491,-3.9696045,-4.9805636,-1.2825634,-4.1112204,-1.300568,-4.5825043,-2.3528757,-2.4082146,-0.21380278,-5.495473,0.19083615,-3.4142914,-0.52436084,-1.7674772,-1.8475698,-4.5965524,-0.2608704,-1.6157414,1.9869766,2.2324824,4.987772,6.485699,7.2911644,2.6075702,1.5528435,-0.2823131,0.7106374,sad
-838.71875,42.25891,-2.245949,12.443267,-2.3016827,2.7046154,-8.481028,-8.499538,-6.8461843,-3.1491206,-4.0226107,-5.0580087,0.19252914,-1.8360256,-6.3557096,-3.7988293,-4.7243004,-0.7046715,-3.3588884,-3.676365,-2.1622438,0.3179752,-3.9569695,-0.15496042,-2.229257,-0.2689053,-1.6122766,-0.04305747,-1.6633644,0.9897493,-1.1470282,2.013264,-1.0137551,2.5640516,2.2926393,4.9820275,3.7559612,4.6668105,-0.22481838,1.2445121,sad
-802.7148,39.45842,0.11079346,9.741202,-2.2791443,2.1098502,-5.175622,-12.984359,-3.8202267,-1.7401009,-3.3669627,-3.516938,-2.1583304,0.8701357,-5.6350946,-4.995482,-4.7860165,-1.674642,-6.2279687,-3.3679307,-2.61445,-0.9129728,-4.214763,-0.022662168,-3.5126383,-0.7351452,-1.0283542,-0.87624305,-2.149946,-0.25952312,-1.0128343,1.2098114,1.1519995,4.6374474,5.874005,6.15869,3.4590092,3.312948,0.052994054,1.0778979,sad
-795.28186,44.76906,-1.8909984,13.641996,-0.082623206,5.2937164,-6.86294,-14.351247,-8.375111,-0.11432528,-3.037451,-5.5562415,-2.8404047,0.33874837,-6.2638254,-5.281838,-5.37963,-2.238711,-2.2794955,-3.3875408,-4.5930047,-1.6388936,-4.4776425,0.67907953,-2.4246395,-1.1734514,-0.9250143,-1.0113246,-2.827753,0.8519272,-1.8956265,0.063965656,-1.4366477,1.3127005,1.0063963,2.7825577,0.95588505,2.1603227,-0.8878046,0.40645808,sad
-668.1253,42.334232,-11.874656,8.760902,-2.5136766,-14.843212,-11.375772,-17.029959,-12.100386,-3.292598,-9.500825,-0.27100235,-5.134672,-5.1945953,-2.5260458,-5.190676,-5.022928,-3.1554265,-2.8947604,-6.217755,-3.672078,-0.37901372,-1.6266592,4.452798,3.5584178,3.1473908,3.2795238,0.40933114,1.3696152,3.348495,3.1894176,3.8606443,0.8322127,0.51914406,1.0434773,3.832316,2.3182895,1.4464887,-2.8647256,0.2832145,sad
-484.49747,25.881422,-31.882252,-4.4387245,-10.472032,-24.525002,-11.578903,-19.889175,-22.445847,-0.75327355,-14.098101,-0.57462764,-0.105032496,0.01657288,5.108592,0.26610652,6.561134,10.772658,2.9216862,-0.08722383,-1.8766204,-0.66453135,-1.0546923,-0.2991767,-2.579294,-1.5213153,-1.3864226,-2.9166033,-3.6118758,2.5467079,1.1536297,-0.2799104,-1.7590792,1.1662266,0.54266566,2.2334125,1.4069645,2.518328,-1.394659,0.7050031,sad
-707.0014,36.547977,-2.5585473,2.0887022,-4.0135183,-10.808273,-12.337747,-16.72845,-12.15315,-2.8295631,-10.164288,-0.6368117,-4.117458,-4.728319,-0.856711,-6.991143,-2.569627,-0.36184716,-3.3149421,0.19901045,0.8963326,3.2193403,-0.16202103,5.084853,2.0526018,3.6908863,1.0576482,0.1633958,-2.9985754,-0.24897917,0.5189705,0.49028537,-1.4479355,-1.574305,-2.882801,-1.3187413,-0.6198628,-0.67126364,-1.9840705,-0.49782577,sad
-524.672,25.805256,-28.759981,-4.4782057,-13.203759,-23.170145,-15.342791,-17.67038,-23.752401,-1.3071364,-8.108773,-2.7471335,-0.4042637,-1.9857316,5.6572156,2.1747327,1.6073371,10.546641,1.4728376,-0.19914912,-2.4215105,-1.250983,-3.963171,1.8539982,-1.5632567,-3.2865949,-1.3478353,-0.92668134,-0.95393175,0.3718397,-0.13125461,0.22344403,-0.16219233,1.583556,-0.40844297,1.6752687,0.063432634,2.8293285,-1.9618117,-0.85436326,sad
-718.8174,35.305687,-2.139513,4.4882774,-4.3577514,-3.5814204,-5.334898,-11.133236,-5.956142,-7.668054,-2.8542554,-3.8021715,-6.889691,-1.8843602,-6.228837,-3.7206404,-5.754827,-3.1064162,-4.6938677,-3.7575622,-3.9432504,-2.5611024,-4.240532,-1.5914896,-2.0921226,-0.5990258,-1.1212404,-2.0984917,-3.7308738,-0.34596914,-0.7418542,3.2339878,1.966554,3.920588,2.9576347,3.7137005,2.112077,2.811818,1.9887767,3.5119681,angry
-577.73236,27.2024,-10.663376,-4.0691085,-9.579174,-7.151253,-5.5385604,-12.176257,-8.965185,-6.5626273,-5.358118,-4.1356936,-8.40884,-3.441539,-8.810401,-4.782472,-4.1498766,0.23120458,2.9956343,4.5429063,5.486265,1.5958515,0.07138431,1.9928236,2.290011,0.98730564,-0.8930725,-1.3175337,-1.4077754,0.85957974,-2.171514,-2.0457418,-2.7678256,-0.44357803,-0.32002375,0.8126351,0.08272946,2.0450437,-0.39684492,1.3612324,angry
-637.98096,29.067953,-14.885406,5.4605374,-9.839304,-8.342687,-11.442345,-15.2401085,-7.317311,-4.161224,-3.8832593,-2.5466645,-6.536671,-3.3334966,-5.703433,-3.438237,-2.9084105,-2.1964014,-5.309415,-4.2880683,-2.045681,-0.95718086,-4.1255865,-2.4524887,-2.7789104,-1.7168214,-2.1438947,-1.2528955,-1.6852694,3.553226,3.3577943,4.363467,5.1336994,5.2055106,4.1665072,6.039922,2.4918623,2.1380222,-0.40451145,2.4387264,angry
-522.80347,31.8108,-22.78809,-4.722715,-12.351964,-15.02138,-12.539617,-17.151905,-10.308578,-6.2061768,-5.2554903,-6.462373,-10.526881,-2.6720078,-13.097034,-9.4320965,-9.342799,-7.6276374,-7.4789257,-3.281835,1.1901854,2.285142,0.38018268,1.4983656,0.35022232,0.54068047,-0.5198562,0.27008548,0.011923092,3.125802,0.42926794,2.2100596,1.0410236,1.0097976,0.078117706,0.8945999,0.6284759,0.49896374,-0.6029613,0.12255683,angry
-427.59357,32.06393,-11.780366,11.589546,-13.965401,-9.615099,-6.647114,-15.024161,-6.4743214,-7.271001,-5.890027,-2.2694187,-5.980469,0.67473745,-5.0789576,-2.667617,-2.9972298,-1.5783768,-4.8743944,-2.6516163,-1.7711158,1.0255104,-0.46751583,1.7423226,-1.5309318,0.370994,0.33676705,1.7900643,-0.2825602,4.103133,1.1837447,1.9630873,-1.3847458,0.5095984,0.4459289,3.1257691,1.3274068,1.9419246,-0.21012022,1.6586807,angry
-361.089,20.357244,-26.542664,-8.855534,-20.563604,-18.640947,-8.611228,-13.854032,-7.0043,-2.8904355,-3.332778,0.24253239,-7.1913495,-0.34290454,-1.0721824,2.177518,4.607347,6.0350947,2.6763005,3.3572443,2.006245,-2.1750047,-3.7992454,-0.47567233,-4.1467533,-1.861739,-0.8057991,2.6215732,-0.56190497,3.0096946,0.17453319,2.1331336,-0.009668004,1.9449792,-0.39966297,2.7311342,-0.050339926,0.7501616,0.5381062,1.9387568,angry
-332.7133,20.409542,-24.743662,-12.518737,-15.651565,-15.80243,-6.9514413,-10.635041,-7.466793,-5.074693,-3.8230314,-4.8845973,-3.8841436,2.5088332,-2.5525703,2.3794436,1.927651,5.2121067,-1.0253216,-0.2118858,0.25493422,1.1649102,0.41461655,0.91296035,-2.0513327,-1.0443308,-0.15707317,0.39790145,-2.3858974,1.2688062,0.74178225,1.4735825,0.17810388,1.388749,-0.88164365,0.70309246,-0.3285147,1.5121653,1.0286399,1.3146037,angry
-473.23233,21.334826,-10.114378,6.507585,-10.93503,-5.6334257,-8.835558,-14.495771,-7.6875815,-8.649399,-5.2989783,-5.679678,-7.9349885,-1.7710005,-5.5334067,-2.9687803,-1.6196736,0.87521285,0.9049234,0.69026774,0.18699557,0.96010244,-1.5213946,0.9288896,0.12348868,0.9758201,0.4629943,-0.10112734,-1.2855624,1.006079,-1.1271048,-0.25871003,-1.3976773,1.1055677,-0.15188152,2.0012395,0.73057985,2.1726227,1.3705171,2.383596,angry
-711.3894,26.909382,-5.676499,4.625255,-6.4992805,-9.896238,-9.0224495,-11.170864,-3.7889404,-5.2305017,-6.7182446,-1.9605713,-5.8386936,-2.0280461,-2.7617223,-4.5787754,-2.1713889,-2.4309666,-4.0177455,-2.356937,-0.6601543,-1.0615004,-1.3593591,1.0913845,2.2948663,2.7260976,4.9577746,4.129972,1.9951123,3.4469998,-0.65364265,2.2103956,-1.072528,1.4525548,-1.2899759,0.116642416,-1.9187168,-0.85232365,-1.6924542,-0.42534918,fearful
-716.9557,26.38051,-7.190039,2.6832545,-5.7247295,-12.158397,-9.29732,-13.688541,-1.8686447,-6.5472546,-7.576274,-0.8790214,-7.0622816,-1.8797231,-3.0204606,-5.553276,-2.6576908,-2.573548,-3.5505097,-1.3671492,-0.54048514,1.444948,1.3204342,3.9300618,3.040717,5.0072565,4.8168364,5.572215,1.0011717,1.7728254,-2.1483655,0.7052417,-1.5569382,1.755695,-0.59089595,0.83112115,-1.7679788,0.23783313,-4.2486445e-06,0.62530077,fearful
-751.18695,24.323202,-0.40146142,7.704156,-2.033858,-4.151383,-12.629107,-13.451913,-0.18576871,-4.3850436,-5.9079857,-4.754424,-3.3043406,-0.3375763,-3.6857264,-4.733689,-3.2608445,-2.2440946,-3.5992742,-3.5307858,-1.7215353,-2.0755525,-2.4373734,-0.69010717,0.12576608,3.3108692,4.562374,4.825564,1.7266706,3.5469856,-0.28986004,3.5495088,2.3048303,4.0416617,0.18859765,0.31198815,-0.82635325,0.24506316,-0.7441934,0.2813228,fearful
-763.5245,36.75869,-1.4255728,10.815436,-4.25378,-6.831034,-14.415073,-17.199429,-3.331904,-4.564998,-7.6657166,-2.1363618,-4.6396813,-1.5692023,-4.7323484,-5.975422,-5.2799654,-1.51419,-5.2094646,-3.6598873,-1.4178766,-2.468346,-1.7963103,1.629842,-1.4303066,2.0302389,2.2242522,5.8166685,3.085736,10.7045355,5.021417,9.379995,4.8606076,7.497929,4.7799754,3.5011046,1.9944015,1.3618666,0.05015537,0.44385847,fearful
-355.84085,27.353868,-35.878235,-6.4600883,-15.6,-14.640551,-8.840479,-16.646618,-2.9034858,-0.8545432,-6.354803,2.329088,0.468155,12.481205,-2.309892,2.0122921,6.605104,1.9974436,6.520757,2.3021224,4.7553077,3.4523816,0.63899046,4.1077237,-4.442622,-0.54904574,1.9567711,-0.5584325,-2.7219698,2.4955347,-1.3954105,4.3703117,1.1970527,3.3237967,2.1844006,1.9682771,1.1892061,2.554517,0.81477773,1.5008198,fearful
-317.35898,23.297575,-39.682816,-12.729726,-22.555914,-15.028671,-10.055991,-21.065582,-5.627685,2.649389,-8.437782,7.2377443,1.6966302,16.216587,0.183009,0.39510685,3.6691315,0.77522737,2.2953124,6.2371087,4.2905116,3.1208582,-1.1443818,5.4893064,-2.3302443,0.64646065,0.04394156,0.90939146,-2.1065073,2.5160398,-5.1757727,1.1612016,-0.098493025,1.988826,2.2660744,1.8082095,-0.49387246,3.330796,0.31465366,2.3739762,fearful
-371.2867,17.98975,-34.808216,-19.066021,-15.570872,-19.657444,-11.063187,-12.256653,-3.1288536,0.6911189,1.5212913,-1.1974409,-6.0054493,3.7863736,0.42869484,2.886856,1.9833257,-2.0880551,0.79251117,-0.71769285,-0.6008731,-1.8056237,-7.3404665,-1.8247104,-3.7666957,0.0050152075,-0.71344274,0.8440773,-0.14355318,4.9625826,-0.98716706,-0.9682767,0.012248605,1.8900696,0.43869483,0.3161651,0.008194518,-0.099315345,-2.9093757,0.3480995,fearful
-338.56052,9.739463,-23.762583,-12.000755,-14.014739,-13.600856,-9.955664,-14.172213,-5.490282,5.2278323,2.7344327,12.879958,5.1622686,7.9276433,-5.614099,-5.5153174,3.4406753,2.1097462,-1.6537956,0.8713588,4.4186487,5.7851825,-2.0238936,-2.3375964,-2.5908878,-0.7459382,-0.8747536,0.05368394,-0.14417073,3.903603,0.26859203,1.2443057,0.19270355,-0.36020023,0.52004564,0.81341803,0.3122999,1.9050013,0.16583836,0.9780986,fearful
-646.4779,39.661736,-7.900525,1.3174216,-7.5296135,-8.056024,-8.008975,-11.600614,-7.775033,-2.6135514,-6.354181,-5.4827175,-3.25633,-3.915517,-6.0577292,-7.5075393,-6.0361767,-2.7674408,-5.5723886,-2.106485,-0.6294075,-0.80767053,-2.9569263,-0.13343126,-0.8459077,-0.4803845,-0.044562493,-0.9695418,0.060088128,3.1675928,1.2415534,2.0126321,-0.3268766,1.6796093,1.5914818,2.1556587,0.047184013,0.7304534,-1.4260889,-0.19592744,disgust
-681.8906,57.402634,-5.854907,3.685335,-3.2249453,-8.471834,-10.205029,-6.967834,-0.5742546,-2.3423228,-4.07266,-2.821419,-1.9535025,0.15989637,-3.6296527,-4.8138957,-4.981592,-2.548677,-4.900018,-3.7000327,-2.0090947,0.31125426,-2.2186935,0.6365973,-0.28535092,2.5033314,1.0502473,1.8624191,0.55960995,1.8847377,-0.96899563,0.92118895,-0.05227102,2.3663008,2.1230557,3.8242214,1.7558908,2.6950033,0.14713192,0.7744616,disgust
-711.90674,41.217934,3.1859262,1.0049273,-3.9418125,-3.2899582,-9.494143,-10.74068,-4.1702394,-5.21729,-5.8398285,-5.754578,-2.3729644,-3.3435473,-5.1943097,-6.236104,-4.8477564,-3.3192687,-6.4422235,-5.6757097,-4.5249715,-2.7132802,-5.9140115,-2.8161795,-4.491468,-0.46360362,0.3921951,1.3905842,0.4224562,3.6246738,1.4166838,3.9176679,2.696822,5.973438,3.3968039,3.0980434,0.5704873,1.4180629,-0.86166954,0.953467,disgust
-683.2839,36.40722,2.4992368,0.69317,-3.6331728,-7.3780003,-13.95176,-11.922803,-5.4231,-5.844708,-7.4196453,-5.2500224,-4.707232,-2.9600368,-8.376836,-8.207296,-7.1383,-5.355358,-6.8075585,-7.3752294,-5.2745776,-3.601844,-3.7742884,-0.55181915,-3.602842,-1.6470989,-1.7369889,0.7433516,1.7020993,5.263326,4.25129,4.8119802,2.4768353,3.2385547,2.1434958,3.0010993,1.320019,1.0704331,-0.9410656,1.9586854,disgust
-644.3734,36.132797,-0.019421594,3.061274,-7.6875167,-7.4593773,-6.7287154,-10.855754,-11.11746,-2.3004274,-5.448659,-6.066709,-2.5772429,-2.531525,-4.627529,-4.747458,-4.739358,1.0508671,-1.4950229,1.603728,1.2466817,0.6832075,0.7274321,1.657283,0.23649424,1.6395631,1.2969271,-0.23903312,-0.16522902,0.4949781,-1.1938016,1.0247811,-1.078947,0.984114,-0.85464436,0.84233516,-0.010201168,0.49772152,-0.102969445,0.65419734,disgust
-600.2845,25.344883,-7.6191425,0.1635918,-6.323227,-9.356351,-7.489069,-9.378301,-7.3501086,-5.5220222,-4.9046493,-2.9893367,-5.617053,-2.8488598,-6.4346724,-5.7424374,-4.7479515,-3.119951,-1.4614882,-1.537277,1.4749444,1.1999643,-0.502702,2.2835631,2.5815895,5.3769765,6.201459,3.4584892,1.2337984,-0.8172179,-0.5512869,-0.09341989,-2.3930597,0.35881388,-1.5909923,0.008309359,-2.074653,-0.99474293,-2.2095559,-0.0225468,disgust
-561.3209,17.590826,-6.509107,-11.442612,-10.626551,-11.461067,-14.088865,-13.513495,-10.363774,-3.120889,-8.715496,-9.468602,-4.4030876,-3.8329232,-6.377485,-3.0807707,-1.2893016,0.08936656,0.017987953,0.41869864,2.1403425,1.5841203,1.8295232,-0.5639259,-1.7165589,-0.06776197,0.23013961,-0.027957004,0.38409668,0.21765138,-0.73212445,0.50301397,-0.13273725,1.2263526,0.14368829,2.153104,0.17119485,1.1979418,-1.7371024,2.8625119,disgust
-538.601,32.994755,-10.199847,-9.196613,-13.171096,-7.6060286,-9.206811,-15.677616,-12.207045,-3.902577,-6.874881,-9.534216,-7.6598353,-5.295671,-10.098428,-7.29514,-4.4075093,1.2560558,-1.8397089,3.6436925,4.262056,2.9402778,-0.83270246,-0.059227034,-4.3643923,1.7464541,0.44367734,-2.0647674,-0.83143973,-1.7557589,-1.9236676,0.17765923,-2.1021717,0.11951639,-0.82836944,2.0650997,0.07186789,0.63762313,-1.3745002,0.42923704,disgust
-648.93774,32.60108,-16.753366,4.9764075,-6.875793,-7.721792,-9.387773,-15.873527,-5.6018295,-5.0806265,-6.667914,-3.0568771,-5.2962227,-2.0486724,-5.9348683,-6.983964,-6.756969,-5.9355865,-4.431284,-4.3346176,-0.27071184,-0.7128819,0.8894327,2.0412273,1.7072272,0.15902513,0.70968723,1.8015126,1.8121706,3.9864202,0.6616037,-0.0027234894,-3.0230286,0.94676644,1.2695134,1.9043382,-1.2531067,-1.0683087,-2.3356035,0.62690145,surprised
-584.0843,38.62264,-13.848334,3.095492,-7.668482,-10.693735,-7.9534874,-12.658571,-7.779194,-6.3020706,-5.7218146,-5.661475,-5.821154,-3.0754611,-7.4137073,-6.4710345,-2.6181543,1.1621693,2.1683905,1.537299,5.11053,2.5203078,2.5293398,2.0870633,0.8744485,-1.2819513,-1.5679688,0.20048949,-0.82446235,0.17469683,-2.0084932,-0.66289175,-1.1315621,3.3191867,1.9062485,2.3940887,0.6185838,1.5885679,-1.3132563,0.7443176,surprised
-697.1783,34.360622,-10.023998,2.26217,-5.1408854,-3.7022226,-10.1130085,-13.919273,-5.329113,-3.9390044,-6.0587626,-4.6677885,-3.5296915,-2.4791212,-5.7157817,-5.9581685,-5.742678,-3.7620373,-4.33809,-3.737402,-0.14734212,-0.6995113,-2.5817437,0.97822905,-1.4521434,-2.4604805,-1.8066651,-1.8155259,-2.1283326,-0.36058345,-1.6617463,1.3588445,1.8380207,4.1569066,2.7119503,2.2980886,2.0672846,2.610641,0.39380786,1.4429165,surprised
-680.0299,37.35937,-14.873527,4.3875513,-8.966157,-7.5625505,-9.875604,-16.452969,-2.3112223,-6.693788,-4.897814,-4.0932946,-0.91787064,1.9873626,-1.1785713,-3.1996918,-3.5349765,-3.1830502,-3.1785686,-3.1064656,-2.6383834,-1.2709925,-3.3508668,-0.3863992,0.37585658,0.064768255,1.009492,0.68214273,-1.3065304,0.48328146,-2.6010494,1.5168903,0.9181438,3.6800888,3.7132392,4.4512434,3.32486,3.6368177,1.1751988,2.5583363,surprised
-491.45468,33.53713,-22.894012,1.3118417,-14.4585705,-13.20324,-9.766088,-16.279686,-8.406198,-5.2869577,-10.154553,-4.6355915,-3.95625,2.0896337,-3.8269382,-3.4435477,1.3742386,1.1424098,-0.6461376,-1.3831745,1.6133931,-1.7779342,-1.1013724,3.1523616,-0.19488424,-0.5479433,0.23813207,1.3902084,0.010739581,1.5367227,-0.016118754,3.3976762,0.17314735,2.5131943,-0.29749537,2.9532983,0.082688145,0.885318,-1.2987021,0.92667145,surprised
-661.64075,39.60979,-16.560135,1.4690546,-11.140989,-9.155743,-9.520963,-16.308973,-8.225517,-7.2757497,-7.4385324,-5.7414055,-6.670029,-2.8788216,-4.965056,-5.3988404,-4.2448816,-5.4264274,-3.2439792,-3.5259478,-0.30905652,-0.0659141,-2.104983,0.9405949,-0.34395555,0.8025146,-0.30910644,0.42017278,-0.33778742,1.5080996,-1.0373669,0.8176988,0.871755,2.61596,0.5225656,1.0850735,-0.79144496,1.3430356,0.3810017,0.61898315,surprised
-496.97263,32.771957,-25.746128,2.8428435,-8.916679,-9.610417,-9.263019,-22.2606,-13.259587,-3.6816769,-13.249469,-6.624546,-6.3879347,-2.4462993,-8.605746,-6.9627376,-1.250538,2.5553596,1.7779734,2.3984632,6.1004,1.1800659,0.37231365,3.8719256,1.1261067,2.5732436,0.6226644,1.8655155,0.6301852,2.994473,-1.0149148,2.640225,-1.6364076,1.5702034,-0.958459,2.2811787,0.52209765,1.9970629,-0.24692006,2.0722764,surprised
-597.75964,33.127747,-17.432682,3.7646341,-6.836936,-6.8433323,-10.605316,-17.508242,-4.1711884,-3.9833276,-8.670634,-5.2224646,-5.9003353,-3.6550715,-9.254919,-7.9451976,-7.8197308,-5.238201,-6.3083014,-4.520422,0.6586964,2.2631774,2.901731,6.202411,2.5313935,0.43268436,0.6504766,1.5466608,2.8136694,3.8703876,-0.65497375,0.9663502,-1.1527822,1.6544411,-0.19414552,-0.024407765,-1.2282165,-2.2262042,-1.937237,-0.8495224,surprised
-593.522,65.67917,3.8455207,12.965606,9.039052,-6.03596,3.4791903,-4.248185,-8.886654,-0.34461355,-0.5867235,-4.0614038,-0.759651,1.7855479,-2.2534912,-1.9607192,-2.8453388,-0.49696788,-0.80098623,-0.89751405,-3.0864894,0.08112002,-4.20799,-3.7227395,-2.6607409,-1.818378,-4.0492973,-0.7407023,-1.7141433,-0.34860322,-1.6122057,-1.3731736,-2.733659,-0.75370616,-1.8460106,-0.33134207,-3.1001453,-1.6846836,-2.0973604,-1.9456091,neutral
-598.21796,69.94994,9.131299,16.657465,8.884527,-3.0784862,4.1420813,-4.962177,-7.762237,0.78429013,0.8248667,-2.303238,0.23463657,2.99052,-0.98504984,-0.39885524,-1.7040743,0.6031797,0.5440834,-0.7891682,-2.4651232,0.3192702,-2.7749524,-2.6648858,-2.2067027,-1.0591353,-2.9566412,-0.51718533,-0.7581996,1.4876179,-1.4718462,-0.6635065,-2.5900931,-0.4576523,-1.7213168,-0.36229408,-2.7435472,-2.045165,-2.687065,-1.1920758,neutral
-608.67285,69.2496,3.9284785,13.504942,8.574532,-2.6180897,2.3759592,-6.7859535,-10.046229,-0.8034255,0.4596541,-3.1524978,-3.0551007,1.6493875,-1.1473811,-0.73356885,-0.40153065,0.90263,-0.7883458,-1.5190853,-4.1501102,0.47307083,-3.7712982,-4.0667887,-2.4799194,-0.24985768,-3.435517,-0.97546947,-0.8975955,0.7433953,-1.4003558,-1.5070126,-1.9905769,-0.21454215,-0.6321472,-0.16678707,-3.305332,-1.8780444,-3.1142778,-1.3456653,neutral
-611.5813,67.66456,3.4359097,12.832647,10.667484,-0.68198806,0.5264921,-7.356468,-8.93383,0.5287088,-0.40370774,-2.552994,-0.7624837,1.8038619,-1.4300436,-1.7854322,-3.1899092,0.29326412,-1.2330486,-1.7158502,-4.1840005,-0.54594964,-3.5027215,-4.165321,-3.099165,-1.5066099,-2.5579505,-1.7614526,-0.89083457,0.43785018,-2.6867096,-1.9323915,-3.156151,-0.61616987,-2.0992131,-0.70250475,-3.1646981,-2.0725808,-2.9527557,-1.565778,neutral
-635.5427,78.01568,10.508265,16.849632,12.388648,-1.1890783,2.3835757,-5.83921,-5.2632785,0.7450461,2.821864,-1.38472,0.8446478,3.87935,-0.6580217,-1.56196,-2.669761,0.77843887,-1.320541,-1.4132838,-4.2303553,1.4454199,-4.667481,-3.121881,-2.145629,-1.1103586,-2.6859167,-0.6171752,-1.3109965,1.028775,-1.6633364,-2.0847728,-2.310881,-1.4272361,-2.525914,-0.37337652,-3.0181458,-1.651103,-3.2324355,-1.307276,calm
-609.8963,77.64435,4.5322194,14.751968,12.104192,-5.938866,1.3100804,-6.503903,-7.2347856,0.3692595,0.5305225,-2.9250119,0.9224162,3.8484204,-2.6090214,-1.4007323,-2.424012,1.3017756,-1.5763075,-1.4111679,-4.333842,0.27071282,-4.6276116,-2.4718978,-1.9428478,-1.3624395,-3.2647462,-0.5535331,-0.8147689,0.9847947,-1.8698053,-2.2214966,-3.2088616,-2.0707288,-3.3136911,-0.41919076,-3.261037,-2.8112042,-4.063477,-2.2498872,calm
-643.26013,77.6254,17.36073,20.897846,15.753915,3.086104,6.1825495,-4.675484,-2.7503664,2.031886,2.8997512,0.9410003,3.3794205,5.1080213,1.9839132,1.099585,-0.6838612,2.6007483,0.1573423,-0.72179925,-3.4148202,1.8025742,-3.1162493,-2.1561742,-1.6551186,-0.4884797,-2.1471918,-0.40128675,-0.01294228,1.2709857,-0.496538,-1.2954968,-1.664642,-0.055131353,-1.5305332,0.52034676,-2.723223,-1.5114952,-2.3778858,-0.7019813,calm
-628.5015,78.78504,11.820984,20.80819,16.61766,1.8816895,0.6173065,-5.4521565,-3.0151865,2.8396614,2.1808124,-1.6834056,2.127737,4.6878476,0.06584506,0.11100327,-2.1375477,1.5330745,0.16134332,-0.99666876,-4.7183595,1.540799,-4.304955,-3.0141747,-2.5560822,-0.8260701,-0.76287466,-0.5481746,0.007327226,1.2301781,-1.358321,-0.9651849,-1.7293053,-0.08938804,-3.018563,-0.15018047,-4.0714483,-3.1651292,-4.01781,-1.17508,calm
-613.26483,71.52391,3.8605642,20.973902,11.693527,-0.6271673,1.1723784,-6.5906596,-3.5316796,1.9243113,3.18505,-1.7410963,1.7131969,4.812057,-1.5885211,-0.2730039,-1.5295036,1.294893,1.5854833,-0.40939164,-4.2866597,0.8644944,-4.3290443,-1.8764962,-1.4957755,-1.8362672,-1.6130819,0.45508766,-0.80731416,2.281294,-1.5233654,-2.4730995,-2.2371478,-1.8843534,-1.018356,0.3063268,-3.409773,-1.9137565,-2.9603899,-0.433708,calm
-593.54785,74.188545,-1.7872574,20.155338,9.931461,-2.8597348,-0.43344185,-9.541704,-7.4750943,1.6761214,1.4608655,-4.0243087,-0.17148794,2.690629,-2.7962759,-1.6688112,-3.4751763,0.5893962,-0.6572234,-1.30969,-4.751498,0.6313204,-5.342133,-4.1484528,-2.6805916,-3.5288815,-3.1095026,-0.91385406,-0.4483483,1.1286159,-2.5422418,-1.627776,-2.9747813,-1.3374004,-1.7211432,-0.06563691,-3.793054,-2.8355334,-4.615262,-1.5367416,calm
-590.59656,70.0079,1.4231664,17.864353,14.092059,-4.778455,2.357944,-8.790384,-7.766895,1.6831532,0.46800223,-3.0416915,1.5960329,3.8909533,-1.0211309,-1.0273788,-2.3267918,1.4683821,-0.7783516,-2.4486804,-4.729043,1.621492,-4.548392,-4.044148,-2.9111648,-2.0118067,-3.0528438,-0.7324554,-0.71326154,1.6272871,-1.5623045,-2.759364,-2.5266097,-2.2113411,-1.4506919,0.37826496,-2.4148567,-2.7444935,-3.6760888,-0.5000801,calm
-608.0181,76.910805,-1.7398642,18.734133,12.7859125,-1.199599,-1.9854304,-10.171736,-6.2175975,0.49271172,-1.0543063,-2.61252,0.29704756,3.7357745,-0.5785813,-0.6851847,-2.4133651,0.83281726,-1.0838199,-2.532205,-4.6637425,2.6428802,-4.6859326,-3.2077177,-2.3843856,-2.6502168,-2.3050275,-1.6799939,-0.069071904,2.1755836,-1.5910132,-3.0743003,-1.8421539,-0.79863197,-2.6034656,-0.23804897,-2.886213,-1.4259685,-3.8510275,-0.8388777,calm
-577.3719,62.68403,-3.1188447,13.210939,7.984893,-6.376448,-1.3685364,-6.1890464,-9.481479,0.8019969,-2.6025927,-4.7801085,-0.0656111,-0.7971369,-4.096922,-3.6380115,-3.6329834,-0.9585743,-1.7446557,-3.142045,-3.4276273,-1.001184,-4.4632144,-3.8982728,-1.9100199,-2.340991,-2.4643984,-0.98599213,-1.3407912,-0.30491072,-3.1113646,-1.0579187,-2.5480452,-1.8554561,-2.2714002,-0.5574012,-3.0060458,-2.356065,-2.8338432,-1.8152275,happy
-571.6765,65.34757,-6.9428353,14.912702,12.832799,-6.8796563,-0.42680517,-4.3394504,-10.359017,2.245116,-1.1697422,-5.2371945,0.73737955,0.9725654,-2.8691127,-2.5409698,-3.5671446,-1.3864262,-1.3734219,-2.164141,-4.25675,0.049086735,-3.3966355,-3.4400852,-2.1838996,-2.0564268,-3.0032218,0.138056,-1.1712083,0.67190605,-2.871795,-1.1297616,-2.3411183,-2.1813595,-2.4578967,-0.8159488,-2.3088534,-2.9446075,-2.7147388,-0.5162723,happy
-549.6603,65.37474,-10.739663,17.20938,9.080263,-7.2956667,-3.4442737,-9.699301,-11.155634,0.7205189,-4.3185973,-6.163099,0.3203292,0.99110717,-3.4686866,-3.550363,-5.6676054,-0.38120288,-1.8074605,-4.1310987,-5.6818147,-0.42583513,-3.8929894,-4.71939,-1.1014163,-2.380785,-2.210457,-1.2424699,-0.37892556,0.5122906,-2.702065,-0.8617695,-3.0095294,-1.8810241,-1.4994274,-0.1891758,-2.530079,-2.7002401,-2.0673687,-1.0178621,happy
-578.7637,65.38314,-6.9769664,12.738156,7.1540937,-3.815537,-5.134234,-9.445828,-9.314979,-0.16907069,-2.8909113,-5.2850833,-1.027204,0.07452689,-2.9961607,-3.7235608,-5.0185013,-1.2743275,-3.0700166,-4.5955,-5.6397524,-0.6831361,-4.485415,-4.73875,-1.8023045,-1.3798412,-2.7310317,-1.0377576,-1.577457,0.6402574,-3.4596448,-1.4805143,-3.104589,-1.7321774,-1.2664174,-1.2313477,-3.0138524,-3.0950916,-3.6617126,-1.5166172,happy
-479.3951,55.127827,-16.727932,12.098017,4.379314,-12.06254,-4.0588937,-5.551989,-15.203384,-1.1661336,-4.125969,-9.760888,-0.3362672,-4.5071716,-4.832409,-3.6301255,-5.5419188,-4.116297,-3.38824,-4.696849,-5.833732,-1.3225617,-4.9152646,-6.090704,-3.1578686,-3.922814,-5.025869,-1.3130344,-0.95892763,0.31740496,-1.1078837,0.36341047,-0.34845197,0.35335484,-0.08148496,0.6357716,-1.1296537,-1.3868833,-1.6739153,0.28647122,happy
-488.80295,51.4028,-16.119652,10.139318,6.978862,-11.043946,-3.5821137,-4.3213797,-16.318949,-0.6027137,-4.239184,-9.049331,-1.380731,-3.732715,-6.1187067,-4.0599422,-6.440546,-4.7314425,-2.6866663,-4.7433643,-5.219228,-2.0311685,-5.524266,-5.9390583,-2.9273927,-3.9474134,-4.451289,0.11139724,-0.26273224,1.3504543,0.10325521,1.0527837,-1.4195026,-1.3254004,-0.5798622,1.634284,-0.85848355,-0.977827,-2.1082313,0.045689527,happy
-501.41504,60.548767,-11.125348,9.911538,5.790588,-9.850237,-6.3869743,-7.4223495,-13.895754,0.7018013,-4.6989193,-7.727378,-0.681558,-3.9489338,-3.4372892,-3.5798352,-6.6202617,-2.0611088,-2.64505,-4.0650434,-5.002674,-1.6630573,-3.6558378,-6.2198615,-2.6879764,-2.7670522,-3.7163286,-1.674169,-1.8868251,-0.23021655,-2.6932476,-2.134234,-4.1461663,-3.2226164,-3.399947,-2.421974,-3.3400872,-3.2989917,-1.5028812,1.2901204,happy
-456.24246,52.536407,-15.026608,10.117497,2.260364,-11.237265,-6.025092,-6.554767,-16.307138,-1.8982928,-4.601019,-9.430439,-0.89566916,-3.591262,-5.5057573,-4.4356675,-7.1935635,-4.249791,-3.0708785,-5.888823,-6.2946076,-1.8677909,-5.1219335,-6.7720537,-2.621193,-3.1578608,-2.9290442,-1.5144519,-1.5168716,-0.05782825,-2.7679508,-2.4101844,-2.4648755,-1.8335024,-0.6225838,-0.16735785,-1.1645625,-1.6611772,-0.6267809,0.8660806,happy
-649.42505,67.04791,6.0374045,18.783705,9.487035,-3.45213,5.1014395,-7.8670483,-8.149533,-2.922767,-0.84551084,-6.2540565,-1.3542324,-1.6917856,-1.4872973,-1.5862267,-5.0921783,0.18587957,-2.1565316,-0.636026,-3.9185305,1.1216977,-4.388022,-2.6296082,-1.8110574,-1.1376029,-4.2524304,-0.759932,-1.4094905,0.31969276,-3.0125515,-0.13108826,-2.2378037,0.2570407,-2.56229,1.0574946,-1.8533427,-1.0279174,-2.508205,-0.44334042,sad
-653.72003,71.21062,6.8802004,20.510036,8.238561,-2.4147332,6.0076804,-7.119926,-4.8841386,-2.597319,-1.9711219,-4.2208858,-1.0299675,-1.070629,-0.91207504,-1.735185,-5.6631637,-0.095552,-2.208229,-1.3965646,-4.695735,-0.6540069,-5.4208107,-2.4508219,-1.9557165,0.5049557,-3.565283,-0.37189445,-1.3652874,-0.37296015,-2.6318302,-1.1596273,-2.2663662,-0.13449633,-2.9517744,0.88678676,-2.2681866,-1.6693265,-4.1383657,-1.0345577,sad
-615.93463,63.874844,4.867468,18.321978,7.1550527,-1.2293274,4.129071,-9.456396,-7.1259418,0.64660364,0.30975115,-3.735776,-1.2129995,-0.346553,-1.6308812,-3.4177482,-6.2870984,1.3958668,0.5079605,-1.276826,-5.135019,1.3418704,-4.513887,-2.3139753,-3.1650405,-1.1085743,-2.555816,1.163322,0.76603854,-0.68732363,-1.2388732,0.3113851,-3.1598608,-0.9613753,-1.457515,1.7003541,-3.3483253,-1.3519362,-3.405179,0.35729316,sad
-635.8742,65.12513,2.357158,18.707115,9.498401,-1.4522696,5.068998,-7.2732754,-8.002488,-1.284075,-0.783544,-5.032209,-0.4730928,-1.1006223,-1.1850533,-0.5929021,-5.0508637,1.602268,0.0015659332,-0.726546,-3.9548965,1.4481746,-4.7024093,-0.88712394,-2.6077604,-0.66799027,-3.6277556,-0.099334665,-0.82281536,0.6401554,-2.497017,1.1748011,-2.781868,-0.27906287,-1.2662635,1.2585521,-1.6506925,-0.94837254,-2.908283,-0.3235187,sad
-513.2594,63.328922,-16.948013,12.486663,11.19724,-9.554277,-16.116528,-2.5471241,-22.797113,-7.5084763,0.387568,-13.846368,-5.488901,-0.2859102,-7.1797385,-0.31692138,-5.9943604,-2.4038105,-0.72830254,-5.188271,-1.2692996,-4.688361,-2.7760386,-2.5935752,-4.1687655,-1.6435221,-3.1494365,-1.2006878,-2.564896,0.17731266,-0.3919196,-3.1975973,-1.6043733,0.1030038,-3.0284884,0.5137698,0.35042202,0.7719962,-0.97008234,1.7336503,sad
-521.14197,61.02581,-13.605838,11.496639,11.710631,-9.045495,-15.827317,-5.482374,-22.642302,-5.285039,1.9326351,-14.487976,-3.9467466,-1.9296885,-7.2763076,-1.164279,-5.951274,-2.4532032,-0.066604696,-4.745717,-0.5110045,-3.818583,-2.651668,-2.1627138,-4.5560536,-1.5046794,-3.489612,-0.6217264,-2.876397,0.55665857,0.2884353,-3.1690934,-1.4166924,0.49452218,-1.630768,2.345099,1.9069471,2.48636,0.55689085,2.5751662,sad
-535.1895,60.86016,-9.373184,14.285993,13.275306,-11.163129,-6.257502,-8.417634,-19.686413,-1.5705235,-2.8072953,-10.414594,-3.3830373,-3.4547231,-4.195691,-2.4175909,-5.611945,-0.5384685,-1.9029287,-1.6026574,-4.1541677,-1.263242,-1.7015424,-3.3181949,-2.8961616,-1.737448,-3.0440218,-0.47265467,-1.4620613,0.5409184,-1.7367418,-1.1760861,-0.9516898,-1.8963603,-2.0743427,-0.87631965,-0.7866077,-2.6203492,-1.9999723,-0.641861,sad
-555.2242,65.10565,-10.513551,14.897363,14.2406435,-7.814976,-8.187595,-4.46973,-18.746696,-1.6077942,-0.6565572,-10.261851,-2.4633,-1.4584746,-3.696847,0.027357815,-4.2975364,-0.10649876,-1.6744204,-2.1785474,-1.8706107,-2.0475378,-1.1676692,-1.2665523,-3.4095192,0.16984755,-3.585337,-1.0952113,-1.0533652,0.5621087,0.19449645,-2.5936096,-0.2530963,-0.85039586,-1.2682219,-0.40348476,0.58535033,-1.0986713,-0.8406519,1.2934146,sad
-440.33414,47.68768,-16.02345,13.288108,6.34553,-12.808204,-2.7384624,-7.26359,-18.636337,-0.045704506,-2.0919182,-9.347504,-2.4809852,-1.4830408,-5.2659497,-1.9062833,-6.8965616,-1.0076658,-3.9705193,-2.4229894,-4.4263477,-2.9747772,-3.2142255,-4.4003215,-2.578003,-1.9680889,-4.819168,-1.205661,-2.5934181,-0.8217486,-2.3832145,-3.6928267,-4.4987473,-4.0954547,-3.947524,-0.5278768,-0.3890281,1.379277,-1.3660314,0.014460985,angry
-448.5653,49.19557,-14.881627,12.763189,7.8369665,-12.23169,-0.8727009,-5.4896016,-17.85224,-0.11868133,-1.9029677,-9.247883,-2.9045436,-1.4287564,-6.5389524,-1.4488074,-6.817095,-1.2713845,-3.3931074,-2.392379,-3.2806528,-2.3419662,-2.8439064,-4.73485,-3.385885,-1.8767016,-4.6420717,-1.9117848,-3.2602017,-1.472672,-2.5167978,-2.3927104,-3.2222414,-2.8757932,-4.549729,-2.4283829,-2.7629554,-0.3994026,-0.9947845,1.1334122,angry
-412.92355,43.38225,-10.774095,10.61818,3.895143,-11.955715,-2.4560626,-6.190099,-17.141655,-3.027291,-3.088627,-10.72319,-3.1470056,-3.207129,-3.9164197,-2.8660183,-7.0977,-1.0309528,-3.053763,-4.141503,-4.616112,-1.6243104,-4.2456036,-5.050427,-4.8554654,-2.912647,-5.958279,-2.475112,-3.7486227,-1.5778481,-2.0168982,-2.996102,-3.6605294,-1.739093,-0.64438367,0.7553631,-0.16897132,-0.07583592,-2.8688815,-0.995681,angry
-446.50964,48.57398,-12.885489,13.018611,6.3873663,-12.242323,-2.105268,-7.4164176,-19.165827,-0.22982256,-2.6778967,-11.928756,-2.6589549,-2.2902925,-5.3445115,-2.2984707,-7.053683,-0.63037914,-3.5302782,-2.3021133,-5.089263,-2.3009863,-2.7629347,-4.997647,-3.6838953,-1.9639553,-5.1641173,-1.9903839,-3.973281,-0.9492317,-2.6772075,-3.2688863,-4.7786765,-2.9545023,-3.0791435,0.17452958,0.287775,2.2701783,-0.42506114,0.47967815,angry
-351.94043,43.042053,-19.995459,8.640409,5.344912,-14.755811,-6.1728115,-3.3973556,-15.822441,0.27129295,-1.4513111,-8.931525,-2.5629175,-2.1491463,-5.442354,-3.6131656,-4.7173944,-1.4722161,-4.567492,-5.0181627,-5.804961,-3.7334037,-3.9708445,-6.3523645,-4.4583564,-4.339458,-6.539021,-2.5602655,-1.6749796,2.71563,5.145023,5.4736443,1.4146842,1.162293,-1.4378539,2.2116017,0.58892417,3.1514719,0.95014673,0.44971827,angry
-376.34265,44.327324,-25.803236,8.432765,5.484148,-10.9594345,-8.376333,-6.7583528,-16.790115,0.6953835,-1.6984367,-10.535039,-1.8131855,-3.6162577,-5.4757056,-5.196776,-5.6595225,-4.4093623,-5.193456,-6.0916967,-6.765276,-3.0441868,-4.813278,-5.2587895,-0.8372847,-0.8107654,-1.7716283,3.6222322,-0.15575445,3.7734067,3.6694217,3.6552908,1.2860368,3.6697483,0.95742416,2.834687,0.2798811,1.3932456,-1.6326532,0.05387491,angry
-383.11816,39.33478,-15.987203,7.0750856,3.7170413,-12.536364,-4.0482187,-8.447647,-17.484186,-1.1906745,-3.7148957,-10.190803,-3.8517995,-2.1102908,-4.433852,-3.3925796,-6.885583,-0.114463225,-4.5056133,-4.4930873,-4.6437635,-3.3555384,-5.1051674,-6.8908725,-4.450622,-3.9389234,-6.1915483,-2.3347833,-5.631707,-2.5825715,-3.1704118,0.022929477,0.93917096,2.8314393,2.4653568,3.5254152,0.93861395,1.947589,-0.3201626,1.4571227,angry
-376.01346,37.209137,-20.613798,7.9732294,3.630531,-14.364474,-6.5494914,-7.6373444,-17.275866,-1.9308628,-3.298538,-9.284761,-2.5236976,-1.7618598,-4.4881086,-4.2838464,-6.949935,-2.8016717,-5.44837,-6.237434,-7.5832458,-4.723922,-5.4899178,-6.957239,-4.9218764,-3.1373258,-4.1657443,1.3266652,1.0369949,5.1240616,3.6284897,2.275791,-1.7075635,-0.72436756,-1.7563246,2.069258,0.49213442,2.6216743,0.43785092,2.3543031,angry
-558.34766,63.161316,-5.263735,17.01704,7.4896984,-5.7614126,0.36923543,-7.2835655,-11.891166,1.028575,-1.1872187,-9.13071,-1.2275686,1.9613965,-2.5707614,-0.40445346,-3.9214466,-0.66848975,-2.2394693,-0.9658774,-3.8364391,-1.1864952,-4.9932795,-3.1284103,-1.21548,-1.4789858,-2.8415315,0.076030724,-0.63579965,0.8115078,-1.9214923,-1.075476,-2.3684077,-1.5107223,-3.456771,0.41057247,-1.2270247,-2.6884508,-2.5523744,0.11875052,fearful
-571.9694,61.95055,-6.7789083,14.812452,6.8485622,-7.439654,-0.45532057,-7.3158484,-11.22181,0.2945361,-1.4612739,-8.426432,-2.2445989,-0.1715299,-2.7187893,-0.814459,-5.2834535,0.03432427,-2.5598187,-2.478991,-4.9678574,-1.3154147,-5.533063,-2.337749,-1.9266863,-1.3677955,-2.7565184,-0.55510736,-0.3581927,-0.039703604,-2.4034712,-0.8973676,-2.2311373,-1.2615926,-3.0315728,1.1292593,-2.0582237,-3.2299345,-3.1221116,-1.0148418,fearful
-577.0214,55.557114,-3.7890449,12.71033,8.789555,-2.7331004,0.22715795,-6.6890244,-9.261845,1.6444738,-3.5958767,-6.992,-0.80814105,0.19847755,0.12087986,-0.33321816,-6.0011353,-2.3682346,-2.2099612,-1.685763,-5.4496326,-1.7619561,-3.9980888,-3.4822323,-1.6733532,-0.99564874,-3.4160686,-0.41730455,-1.2445112,0.8135266,-2.8249724,-1.8060455,-3.3093123,-1.4491544,-2.9053957,-1.1917548,-2.200221,-4.4560676,-3.4081762,-1.8537558,fearful
-594.71704,57.99666,1.745612,12.041741,6.3985276,-2.1931,2.5045924,-7.3983874,-8.703272,-0.5404537,-3.5356421,-6.8499575,-2.5810556,-0.5878481,-1.2885729,-1.6490159,-6.5961986,-3.5547152,-2.768848,-2.9960172,-5.3730116,-2.193871,-4.571355,-2.5951393,-1.6057919,-1.8460943,-2.768442,-0.0211855,-0.70509815,-0.08181722,-2.360916,-1.0695825,-2.493329,-1.7433857,-1.9790299,-0.56301916,-0.58017427,-2.9099166,-1.7929493,-1.7227842,fearful
-495.30328,49.643425,-15.682055,11.686404,6.7917027,-8.740609,-5.812201,-5.764818,-14.11229,0.9766848,-1.9393115,-8.486114,-1.0685139,1.1360974,-1.5918258,-0.5323118,-7.478906,-1.7585721,-3.5768638,-4.775644,-3.5148485,-3.4947395,-3.748562,-2.8723717,-2.6068618,-2.3600943,-2.6025376,-1.4875646,-2.014338,0.8609802,-2.8392656,-2.5012283,-4.1968684,-3.1755073,-3.9653227,-1.468256,-2.6355913,-0.95502454,-1.2609043,1.2408676,fearful
-495.68256,51.665394,-14.522228,11.340886,5.2196712,-7.9795346,-7.245261,-4.851918,-15.039142,-1.7893537,-1.4425204,-9.470503,-2.244865,-0.4068711,-1.4595065,-0.14592807,-8.695974,-2.1229093,-3.1839328,-4.562948,-3.446203,-5.228753,-3.3453245,-4.468579,-3.3181098,-2.3158755,-4.4262075,-1.9713142,-2.881398,0.652964,-3.5844233,-4.631626,-3.2326262,-1.9062438,-3.3211236,0.012399869,-2.0841844,-0.25318167,-1.0612817,2.207576,fearful
-480.99225,54.714138,-11.802228,11.226247,6.9123125,-6.918842,-5.115955,-7.631735,-15.160628,-2.4531214,-4.2740216,-9.567219,-3.2368512,-1.3659686,-3.4873157,-1.0212228,-8.492351,-3.2805622,-3.4232507,-4.651639,-4.9764113,-3.904717,-4.190218,-4.620963,-4.1699367,-2.790158,-4.19186,-1.469568,-1.8127881,-0.5851561,-4.154383,-2.5439591,-3.6359649,-3.0241914,-2.7086272,-1.8700913,-2.7447696,-4.6901345,-2.2271519,-0.49488652,fearful
-506.53146,52.41104,-7.8686867,10.411063,8.044757,-6.6281576,-4.126234,-4.9911246,-12.936399,-2.1054394,-6.0680532,-9.201196,-3.0796423,-1.4427426,-3.7053332,-1.0728893,-8.2884865,-3.0755806,-3.748735,-3.4036145,-5.5379987,-3.4542625,-3.803552,-4.3079815,-3.1019382,-3.1959128,-5.1019564,-1.9341681,-2.3362422,-0.40958396,-3.6584573,-1.675044,-3.7334723,-3.6754158,-3.6212897,-1.7014786,-2.3307338,-3.1960025,-2.936546,-2.1738749,fearful
-550.9513,59.54219,-3.6005774,14.816942,8.165843,-9.044746,1.6738815,-5.497384,-11.809075,0.67857677,-0.14302537,-7.1595044,-5.130866,-2.1357012,-3.7404525,-2.0413294,-5.483838,-0.46232027,-3.1946018,-2.073706,-4.66195,-0.17168353,-5.283708,-2.5887585,-2.499363,-1.7682382,-3.1555748,-1.0342441,-0.59377754,-1.0954206,-1.7175751,-1.3668698,-2.8872685,-1.8314756,-1.3528725,0.008480253,-2.543707,-1.3364185,-3.0153642,-1.4212338,disgust
-552.8275,59.571682,-7.2718296,14.85133,10.838693,-9.9232,2.5155973,-5.0835366,-9.750592,0.19865376,1.8174683,-5.20284,-3.4751518,0.4547887,-3.8384323,-1.1997522,-5.846651,-0.2250534,-3.406471,-1.1971473,-2.6570985,-0.0441033,-5.7294545,-1.7497959,-2.6156423,-2.1985862,-2.9448555,-0.2527663,-1.450383,-1.0078424,-1.8858788,-1.4895191,-2.1983862,-1.7352347,-1.6982936,0.05767018,-2.8546968,-1.1283569,-3.3233263,-1.4873012,disgust
-554.5807,59.073185,-4.272216,13.701019,10.895257,-9.489528,-2.728074,-6.003274,-10.385372,1.1956785,-2.93591,-7.853904,-4.461015,-1.4169824,-3.1865833,-0.7711964,-4.2581987,0.35485047,-4.632106,-1.0631776,-3.7192907,-0.7421979,-4.926948,-1.7199951,-4.115469,-2.2130518,-0.8584898,-0.6411446,-0.7533993,-0.9266693,-1.1786195,-1.3182847,-3.7986765,-0.7910047,-1.6258228,-0.6195635,-2.2717216,-1.206948,-3.6560254,-1.8310537,disgust
-550.6447,50.770657,-6.838805,14.231824,9.436373,-11.29481,-1.2075344,-4.9483304,-11.646097,0.8331317,-1.8743329,-5.8128777,-3.6391728,-2.6935432,-4.0228395,-1.6133355,-4.110357,0.22170258,-4.0500965,-1.8326321,-3.3415668,1.0771606,-4.3761168,-1.9466817,-2.957199,-1.6166352,-2.6178982,-1.149972,-0.62070894,-0.67386943,-2.5615022,-1.7838892,-3.4547315,-1.5355093,-1.689013,-0.96412903,-2.8246717,-1.1014309,-3.1064093,-1.7026044,disgust
-589.25305,66.43618,-5.249506,13.509134,15.578003,-6.5720644,4.008272,-5.8214803,-6.9881625,5.3931804,3.57444,-2.3056686,-0.8960984,3.2058334,-0.19132017,0.7858625,-4.927269,1.680864,-2.3957517,-0.13282453,-3.9547858,0.589559,-5.314601,-1.8702857,-2.2887535,-1.5636108,-3.0244758,0.2762802,-0.19231328,-0.721015,-1.4101468,-0.8280459,-1.8762162,-0.96965605,-2.1710382,0.44147834,-2.1774108,-1.6598067,-2.6765583,-0.71634305,disgust
-581.17993,62.52918,-5.628832,14.731945,11.588447,-8.0205765,6.395502,-3.9387038,-9.463902,2.7270596,1.7183414,-2.5007172,-0.31433755,1.8634619,-1.3669672,0.9601187,-4.6802588,1.14377,-1.1144944,0.38950312,-3.033287,1.6467527,-4.8168435,-1.7214668,-0.87895596,-1.4432923,-3.1235235,0.1353505,0.3105776,0.26942536,-1.1156876,-1.265456,-1.3491547,-0.3147888,-1.3423796,-0.02868921,-1.228731,-1.9352213,-2.2036576,-0.08290501,disgust
-575.07367,56.146996,-3.7745788,16.216343,10.427883,-7.1415825,1.6329728,-3.568083,-8.6620455,4.0399084,0.78142345,-3.5523064,-0.40952623,1.2402083,-0.9735309,-0.8134147,-5.6807737,0.47361985,-2.987775,-1.7892863,-3.441982,0.9013214,-5.784413,-1.9858961,-2.4995553,-2.4655454,-1.7942337,-0.35957837,-1.0613883,-0.4765945,-1.8692309,-0.674279,-2.410079,-1.0613303,-2.2158334,0.073987365,-2.781864,-1.2466934,-2.9375026,-0.9943299,disgust
-587.0356,69.31353,2.334553,19.348824,15.690973,-2.1961124,3.6675806,-2.5513687,-8.099505,5.6404724,5.1073976,-0.23007312,1.3320314,5.4551024,0.84166014,0.5220433,-3.3129628,1.8220757,-2.1360886,0.5104961,-3.144266,1.1957066,-4.938481,-1.8401256,-1.4748867,-1.7497174,-0.84596485,0.46962348,0.5419082,-0.03022296,-1.0956256,0.30451682,-1.7065518,-0.7408278,-1.8083943,0.76488787,-1.5451882,-1.1855106,-2.6492004,-1.3230394,disgust
-544.1543,59.049656,-2.6263776,7.980143,6.0256734,-9.655319,-3.9884439,-7.399524,-13.445087,-1.0647519,-5.9106593,-9.045058,-2.1124222,-3.6500676,-3.234869,-2.1323476,-5.8932776,-1.8562485,-1.1168476,-2.1183589,-3.8448358,-2.1229248,-4.648715,-3.57885,-1.4844387,-3.5187035,-3.2808285,-0.4359046,-2.2711375,0.33379763,-2.9575121,-1.0253177,-2.3962235,-0.07175203,-0.9013701,1.6829762,-0.39203772,-1.0252017,-2.193115,0.52579004,surprised
-564.2095,54.835835,-1.130834,8.562178,5.8017793,-7.2459764,-1.0597867,-5.37543,-12.215321,-1.9711891,-4.943867,-8.04631,-2.7005153,-4.050923,-3.3170283,-2.0707169,-5.261774,-1.7173505,-2.82501,-3.641999,-5.057168,-2.696692,-4.0860205,-3.307229,-2.21714,-2.5465758,-1.9371525,0.5426893,-0.88183635,1.5600517,-1.5560089,0.3283356,-0.37085384,0.77622575,-1.073112,1.6921257,-0.6219816,-0.87741625,-2.2282906,0.38546163,surprised
-551.85944,51.24745,-6.3508005,8.381048,4.061733,-6.6534653,-3.5446784,-8.174209,-11.961161,-1.3162563,-7.39478,-10.068603,-3.5299468,-2.5852654,-1.8554615,-2.618195,-6.0701838,-2.7013671,-2.3978329,-3.460304,-3.9020283,-0.56206256,-1.5704087,-4.232956,-1.296672,-2.6926992,-2.3187873,0.13228859,-2.4434574,2.1689084,-0.61487365,-0.1746427,-1.8383383,0.73513377,-0.45033258,1.5108602,-0.1737544,-0.9983378,-1.1439645,0.45366505,surprised
-518.10114,52.384365,1.1534775,7.0033436,4.326103,-7.9503927,-2.4549346,-6.8883057,-11.183618,-1.2528424,-7.3524637,-8.739859,-5.229207,-4.3290434,-4.035124,-2.7216496,-4.332448,-1.9154013,-3.4214807,-5.043692,-4.0580015,-1.1233352,-3.0427768,-5.7013865,-2.5964768,-2.7161858,-2.895795,-0.9611107,-1.7686278,-0.5082139,-3.8322008,-1.8054619,-2.300042,-0.08190898,0.037912544,1.1257983,-1.1610266,-0.044853892,-0.86158,0.539173,surprised
-504.05542,45.97423,-5.801963,9.864195,3.4200635,-8.056423,-6.0810566,-5.346771,-15.860884,-0.7351457,-6.2773414,-10.463298,-1.3690865,-3.354377,-3.1991732,-2.8091931,-6.25581,-2.5662017,-1.0028805,-3.774664,-2.390117,-2.0120268,-3.7976322,-3.1046085,-1.3718678,-1.9657167,-1.1156666,2.048007,0.13303506,4.4105744,0.50031555,2.984079,-0.7189211,-0.5617254,-0.9996645,0.6900571,-0.95463485,-0.30424374,-1.2064925,0.31043878,surprised
-508.35916,52.126095,-9.455152,10.642726,1.9711007,-11.005113,-7.1781707,-5.2995014,-15.975144,-3.224128,-6.171987,-10.67753,-1.4466202,-4.9024687,-2.60065,-4.121164,-7.844899,-3.7081366,-3.3452425,-4.2187276,-2.6950135,-2.2681165,-3.2033103,-2.1985855,-0.113235086,0.084045656,-1.0115557,2.5933597,-1.606693,2.267093,-1.4944067,0.3366501,-0.01427761,-0.83138806,-1.6850283,0.47822326,-0.7190568,-0.3151123,-2.8063948,-0.7706231,surprised
-532.8291,46.737095,-5.7191257,8.55888,5.3100977,-7.043122,-4.685838,-8.65051,-15.7959175,2.4505413,-4.861327,-10.030363,-2.271254,-2.481872,-2.961667,-2.655816,-5.9532204,-3.5157423,0.24673523,-2.721064,-4.0237885,-1.2231114,-1.6869574,-3.191298,-1.5959717,-3.5237484,-2.0203524,1.2566254,-0.32072693,3.1265123,-0.053120624,1.6401578,-1.0298686,0.59129506,-1.282667,1.5346782,-0.91247356,-1.7440729,-2.4262707,-0.22830455,surprised
-514.49457,43.662453,-2.895076,10.2704115,3.2072575,-6.500863,-6.12815,-7.798244,-15.307181,0.34745038,-6.842502,-9.692477,-2.3597832,-5.039125,-1.5590775,-2.1610246,-6.522691,-3.4254382,-1.0643325,-4.77527,-2.9745874,-1.9130353,-3.513487,-2.9666924,-1.6169455,-1.2513866,0.06204732,2.6781752,-0.14448977,3.3112075,-2.3178413,0.34668702,-1.0640794,0.9091792,-0.2679982,0.6272324,-1.9431919,-1.2374353,-1.9954162,1.7511929,surprised
-700.95215,53.937096,2.6433225,5.0497723,5.1998253,-2.8617313,-3.8316193,-6.8061633,-10.53274,-3.2149158,-1.7342288,-5.7512674,0.7410557,-1.7851475,0.407689,-8.152826,-1.814228,-2.565698,-4.25392,-4.2500215,-5.9156456,-3.5460563,-3.894217,-1.9514555,-4.9299483,-2.2464142,-4.8674355,-1.0215291,-0.3156165,3.7987888,1.2388725,2.494995,-0.8280627,1.4655894,1.382582,4.5853353,5.587131,6.6731563,1.969959,4.529254,neutral
-668.72736,41.59882,-0.99996966,2.6773412,5.7897253,-5.4733486,-8.640135,-7.897201,-9.882269,-1.498172,-2.3631988,-6.644573,-2.271971,-1.9617139,0.37531203,-6.7234173,-1.4283404,-4.0617733,-3.700894,-4.2009916,-5.2031703,-2.701482,-5.3337393,-2.5754392,-4.426657,-1.7777036,-1.6080089,2.0143485,0.9833906,3.7291174,0.72640765,1.4625405,0.67565477,3.1975803,3.5602503,3.7749016,0.68609273,3.2969534,0.655383,4.9245853,neutral
-687.8916,52.303,1.6305004,0.8384827,4.3230214,-1.8077891,-8.304305,-10.773336,-9.619626,-0.3113283,-1.8227674,-8.277744,-1.6907357,-1.1215159,0.41629577,-7.165969,-0.5955692,-3.4090648,-4.5620008,-4.2004194,-4.168391,-3.379001,-4.9405136,-1.3827575,-3.287089,-1.4104515,-1.4969076,2.3022008,1.1482282,4.080943,2.3860023,2.7336001,1.0920584,5.0804114,3.2089138,3.7568555,1.3771566,2.424409,-0.35580736,4.419612,neutral
-681.3661,47.363342,2.2116642,4.895428,5.125852,-0.52755237,-4.6074557,-12.385925,-10.945095,0.06875501,-1.3873409,-7.556114,-1.1137387,-2.0923567,-0.3897217,-5.6634817,-1.0545061,-1.666874,-4.910661,-2.7486603,-4.4037123,-3.9505615,-4.421011,-1.863155,-4.0623817,-1.944989,-3.1066163,0.4829898,1.2084475,3.5589807,1.9259721,2.4795668,0.7431042,5.6297336,3.7159858,6.028227,2.7420845,2.6018493,-1.6474476,2.7369318,neutral
-703.8214,42.694042,5.5097837,7.204247,4.0646725,-0.6611048,-6.859796,-6.3105,-7.245787,-1.7070695,-2.8430564,-7.3908467,-0.35126656,-2.7457275,1.4755536,-6.5097194,-0.65158796,-1.5643777,-5.102155,-2.6406085,-4.8045397,-1.5631987,-4.8369937,0.103082746,-5.048053,-0.12889966,-2.211009,2.8251352,0.47446117,3.6910417,0.23408589,0.30718118,-2.084326,2.1364431,2.925827,5.0396957,4.141434,4.4452915,0.08801828,3.3944488,calm
-679.67957,48.11774,-1.3433057,7.509073,5.020685,-1.8707811,-5.726465,-7.643159,-8.765848,-1.1732959,-1.0272199,-6.8811707,0.30120116,-1.7300804,1.5206087,-6.6826963,-2.6370842,-2.7746,-4.9049025,-3.3151028,-4.2151327,-1.6414891,-4.192006,2.2491453,-1.388076,2.0342379,0.50080854,1.1906292,-0.4273761,1.410261,-0.98201585,-0.5418659,-0.77515817,1.5524436,2.4058537,3.7644637,1.4614818,2.0844076,-1.6989785,0.50396305,calm
-690.7694,47.764896,1.7343906,2.7291083,3.1831863,-2.0525472,-8.888068,-9.426842,-6.5409284,-0.47393557,-2.6947324,-8.704691,-0.52247345,-0.972613,-0.98169696,-7.604668,-2.0848205,-1.6831309,-5.2741523,-4.2360325,-5.61956,-3.0249736,-4.15888,-0.17933992,-3.038255,0.7759071,-0.7888988,1.7125564,1.685955,2.882783,0.6090172,1.1861064,0.89674217,5.7737904,2.982866,5.0737376,2.4637802,3.9598448,-0.07648943,2.6574216,calm
-678.02606,47.585075,-0.781669,4.926265,4.2046075,1.8573166,-6.7012324,-11.750851,-8.971133,2.3158207,-2.713595,-8.550249,-0.47478113,0.12194246,0.89101493,-6.581536,-3.0699096,-1.2046016,-3.586843,-4.722246,-4.143981,-2.055582,-4.1066604,0.2928575,-3.3695743,-0.33472866,-0.691024,2.2658195,-0.5493025,2.1997583,-0.31559545,-0.731156,0.1399241,5.3973446,4.984991,6.0080643,2.867591,1.853278,-1.9307032,2.4258487,calm
-685.9486,46.628357,-0.6166172,7.0245605,4.577231,-1.5846336,-4.562428,-4.7432923,-5.885591,-0.43222314,-1.6418228,-7.5987754,-1.5000654,-1.1660099,1.9058014,-7.964765,-2.4752617,-2.2369587,-4.3360076,-3.5646484,-5.302144,-0.7812182,-5.4580145,-0.3805553,-5.249098,-1.5472902,-3.740425,0.14342046,-0.1298687,5.082801,0.8754463,2.0190918,-3.0370183,1.1140146,0.6503299,3.3223515,2.721745,3.8131118,0.30219287,2.5945735,calm
-687.39594,46.098213,2.4876246,6.631657,1.7884078,-2.9258611,-6.8805814,-4.6066375,-5.154255,0.29401577,-3.866409,-6.6063786,1.1844168,-3.9030523,1.7243215,-5.759159,-3.60974,-1.9350277,-5.697899,-3.0305989,-3.137883,-1.6641781,-4.3458533,-0.9964062,-6.0919843,-0.01294583,-3.3436613,2.1373465,1.1428559,3.5331395,-0.05310757,-1.1708404,-1.9553066,-0.56995296,1.5453163,3.239417,3.4309652,3.8074322,-0.41123545,4.0727816,calm
-685.6952,59.49444,-7.3695745,2.7693167,0.5752311,1.9736766,-5.2512774,-10.86035,-10.272998,0.81215906,-1.5742986,-9.098584,-1.9850124,-1.3131433,-0.19050571,-7.453306,-2.1682236,-2.964666,-4.6067767,-3.704302,-4.571939,-0.48624095,-4.069558,-0.16894658,-4.6752567,-1.223996,-2.159597,1.2060088,0.31177866,5.3877015,2.4375103,5.6448293,1.263089,6.041841,4.0474887,4.603178,2.8035278,3.897636,-1.0239086,3.180977,calm
-676.11896,53.97944,-2.482703,7.2203827,-0.029286765,-1.3109962,-6.9163723,-12.458698,-10.361002,-0.4259062,-2.72083,-8.527372,-0.43307215,-2.4637673,-0.39645314,-7.5819445,-1.419409,-2.167199,-5.6072016,-1.8393016,-5.0965023,-2.4263852,-4.3699985,-1.3933009,-4.2098193,-1.2727697,-3.5044098,0.6029076,-1.2437725,2.9461448,0.85703677,2.751633,0.9026058,5.837113,3.6399233,6.4708333,2.926927,2.487782,-2.3602612,1.9424028,calm
-630.66797,56.892548,-8.458186,1.2428772,4.347368,-4.8397074,-9.982683,-11.162387,-10.443463,-1.7770442,-5.8961368,-8.825102,-2.0465617,-6.064302,-1.1711001,-7.618907,-4.370801,-2.3861237,-6.843276,-4.200411,-5.1849494,-4.3943157,-4.3248434,0.9131895,-4.7939954,0.8279383,-2.2271366,1.582182,-2.0508542,2.8340607,1.6327628,3.3767688,2.8759801,5.609862,4.5776887,4.99913,4.638185,2.9343328,-0.004315744,4.2393017,happy
-650.00916,47.640152,-15.270755,-1.2445314,4.1122017,-8.14075,-11.0693655,-11.830377,-10.709128,-0.7992861,-6.3748374,-7.696671,-1.9985816,-3.3320813,0.008041023,-7.3082867,-5.9564047,-2.6928666,-4.336868,-4.377031,-4.7866645,-1.3259679,-2.3901634,5.132227,-0.14312948,3.411111,-1.4254133,-1.1215917,-1.2296314,3.6075919,3.485363,3.4701083,-0.5773495,1.7274523,0.9602529,5.42845,3.9883635,3.7682068,0.9033701,4.050139,happy
-637.4518,44.204132,-4.0248094,-0.32442954,0.36266655,-6.112728,-10.918943,-11.571305,-11.5622835,-0.6315653,-5.3879647,-8.156667,-2.1418743,-5.1128783,-0.27697268,-8.122983,-4.78911,-2.0993626,-6.059926,-3.454479,-4.891929,-2.712496,-5.662267,-1.3289815,-3.9733694,-1.427801,-1.6533552,5.2089458,3.4015362,8.994679,6.45815,4.3782535,0.20146391,3.2220209,0.38314825,4.3486967,2.4408636,3.8926077,1.1433158,3.9766533,happy
-642.439,46.129547,-3.0895844,-2.705813,2.9349377,-2.647074,-10.178943,-10.591899,-10.304955,-0.0670788,-5.394105,-7.8716416,-0.30215928,-4.4346857,-1.0975537,-6.808402,-3.3377914,-1.2884864,-4.814806,-3.4946628,-4.608216,-2.9518113,-5.4603767,-0.51721066,-4.574597,-1.7498963,-2.2674599,0.46416247,0.6475862,3.0464523,-1.5080894,-0.5272832,-3.0367422,0.49994585,-0.20915778,2.018159,1.4104874,3.5478969,1.8919395,6.5397167,happy
-495.20682,33.357094,-21.610195,-7.654925,-5.631413,-12.53374,-14.77096,-11.356814,-16.127693,-2.4832873,-6.0123677,-10.033106,-6.7213597,-8.656279,-3.1029105,-9.35597,-3.709729,2.4668503,-0.5528516,1.8813897,0.7529225,0.3785951,-3.2362413,3.3338501,0.48967922,3.654485,0.90181017,0.9098829,-2.2466476,2.990215,0.4099502,1.4955243,-1.2350633,1.9014299,-0.18930708,3.6445131,2.975519,1.8684695,-1.1034871,0.87136877,happy
-497.52267,35.862816,-14.676251,-4.99577,-1.3775098,-10.426267,-15.622966,-12.20968,-14.318302,-3.1528516,-5.7415533,-12.223312,-4.614457,-6.272814,-5.1134973,-10.4691105,-7.770899,-2.627286,-3.19603,0.4664237,1.1656176,2.9013896,-1.1644344,3.7610414,0.41256502,5.6090074,2.6357918,1.9411069,-2.5638828,2.0070558,-0.713726,1.1828752,-0.97263724,-0.39484692,-2.4525049,2.2956965,2.9151814,2.3110368,-0.7601279,1.7900203,happy
-496.13885,27.612673,-6.020209,-7.917147,-2.5657759,-8.113092,-14.132929,-13.038237,-16.511257,-1.6814696,-9.784535,-12.259699,-4.6935596,-7.4248314,-5.271089,-9.7038765,-5.81587,-2.032492,-1.7442923,3.3375251,2.9739645,4.3763943,-0.6140138,4.7181425,1.1061498,1.7952236,-0.27584493,0.41930246,-3.8456516,3.2191117,0.035532825,-1.5595143,-3.112204,-0.49902242,-0.5763171,5.2297597,2.7110305,2.407239,-0.40340793,3.5820847,happy
-521.55963,34.55546,-15.537924,-8.6179905,-0.30223024,-11.491046,-14.852653,-14.168187,-14.408216,-0.5633166,-8.015697,-12.11956,-4.5219727,-6.0245237,-6.300676,-9.927402,-5.5052657,-3.656863,-1.822037,2.2909439,1.5442278,1.5097082,-1.9553541,4.3308573,0.8697153,5.072368,4.4622126,2.1000123,0.06143314,3.2916167,0.7607763,1.0377872,-2.0563903,0.59509754,-2.141453,3.5960915,2.4105272,2.0903172,-0.10250504,3.0661416,happy
-654.03925,50.435333,-4.741444,3.8952801,5.399778,-6.449695,-8.016533,-10.099738,-11.151771,0.2429921,-4.7264137,-5.5464525,-0.4913603,-3.100516,0.1676274,-4.562876,-1.7189081,-3.199033,-3.2265532,-3.922415,-4.090466,-2.8558638,-4.3784866,-1.3384889,-4.842075,0.04748254,-1.2723007,1.9738431,0.55237484,2.899297,0.47411728,0.80549955,-0.10807077,1.2087783,3.565412,3.3192875,4.675538,6.427094,2.917818,6.5476165,sad
-636.9012,46.77302,-8.414592,0.0010967255,2.4353585,-7.334291,-10.920239,-11.325072,-12.029462,-0.18301725,-2.9844897,-6.76653,-1.0296,-2.9757867,-1.696064,-6.023042,-4.0684943,-3.7128716,-4.2973228,-5.231991,-4.6822004,-2.9643407,-5.01509,-0.6163825,-3.9194264,0.45171452,-1.3637375,1.9195521,0.7115491,3.050481,1.1826687,2.0236182,0.63498574,2.3328998,3.781652,6.2833076,8.05234,9.95821,5.871958,4.2085085,sad
-627.9106,42.955482,-7.1829095,-1.8173882,1.4497614,-3.6434994,-9.951973,-17.449963,-12.270301,1.0358309,-2.225992,-9.6079235,-1.0974002,-3.6205375,-3.7311182,-7.194819,-2.3736007,-3.9442008,-4.2843175,-3.8867157,-2.8826056,-2.9784217,-5.3954263,-2.3391397,-5.6981583,-0.84760517,0.0010026656,3.6918645,3.8515208,5.400998,1.4489928,0.8921142,-0.5348427,6.0161777,8.011295,10.222229,7.7999887,6.5647388,0.25472063,2.2906177,sad
-620.4434,45.245445,-5.3949423,-2.3955457,-0.5487366,-2.947952,-9.992216,-17.279068,-12.366995,1.5589323,-4.1875153,-10.534317,0.4666334,-2.8089485,-2.812902,-7.0399566,-2.5913768,-1.9481342,-4.7170177,-5.1888895,-4.085981,-2.5635645,-5.268323,-2.6016493,-5.2420897,-2.433621,-2.969741,3.7504883,1.3095691,6.1407104,2.1614928,2.275415,1.7550424,5.847869,8.484892,10.811333,8.567122,7.005091,-1.0748231,0.5846375,sad
-626.1462,47.941387,-9.495058,1.125754,2.470953,-6.9176617,-10.231542,-9.482229,-13.8571825,-1.3321447,-4.1820083,-8.551516,-1.6921126,-3.6575637,0.62996376,-5.1198573,-6.9971538,-1.9670953,-5.5301347,-3.0866675,-4.743826,-2.094371,-5.536824,-0.5550956,-4.358548,-0.3455592,-2.253508,1.3847927,2.4875724,5.4704456,3.668907,4.4971447,3.1655204,4.3433533,5.48123,7.9046745,7.7446485,7.101225,0.2944679,0.2793122,sad
-606.6039,40.641857,-11.010612,3.7315648,1.4235294,-9.569743,-12.942852,-11.450487,-12.883317,-3.0137222,-5.4025917,-6.8831563,0.027019184,-5.065081,0.92856157,-4.5324116,-6.1200175,-1.7922406,-4.971718,-3.207115,-5.353364,-2.1192849,-6.231816,-1.3170295,-5.0560775,1.5064449,-1.2225659,4.8569746,5.171655,7.443099,3.6013632,5.89684,5.4260225,9.34113,8.761169,7.6196694,2.8232498,0.102619074,-2.6009715,1.1890459,sad
-635.30225,41.707783,-3.4277472,-0.05635194,1.9382591,-2.2695599,-11.085616,-13.622805,-15.454366,-2.4502587,-5.0568666,-10.316236,-1.8708563,-5.28384,-0.41530856,-5.30998,-5.1732593,-0.9072696,-5.263658,-3.500226,-6.284703,-2.587004,-5.473873,-1.8700402,-5.998746,-2.0121248,-4.774881,1.5236382,0.7931575,7.4650583,8.955502,9.715651,8.712881,10.79661,9.082942,7.9439983,4.436741,3.421674,-1.6040514,0.24913242,sad
-619.6789,42.54294,-4.7300262,6.874715,2.7850494,-5.616716,-12.009934,-10.50411,-15.247079,-4.596629,-6.0475345,-9.583365,-1.2074239,-6.7773247,-0.8014935,-5.8949313,-6.9207354,0.24485067,-6.2048054,-3.4081054,-6.0024114,-2.8687117,-6.3849773,-1.8923665,-5.2695913,0.7396913,-4.526009,-0.48487753,-2.671101,2.9616692,4.8655868,8.25261,9.711796,12.138362,10.157175,8.601057,3.918815,4.041126,0.33495647,2.2123408,sad
-583.90643,42.217827,-3.0780518,3.3369968,-1.3162715,-7.402388,-8.949333,-8.416864,-10.623348,-2.1647465,-2.1453888,-9.656665,-0.011362171,-4.8123612,-2.0136552,-4.848755,-4.4154596,-1.3230118,-4.959784,-4.131325,-5.01249,-4.2350225,-5.013318,-1.5688645,-2.2789633,-0.47950584,-0.24945775,0.34735432,-1.0752574,0.4229168,-0.0074648857,0.8692724,0.7823448,2.7705874,0.08643341,1.6510141,0.81639594,3.9756515,0.7006088,2.6028461,angry
-615.4106,46.959198,-0.92851156,3.7162764,-0.27560776,-7.20735,-7.878286,-5.347711,-10.99515,-1.4852395,-2.4142432,-7.621165,-0.43486094,-5.6054187,-0.09201684,-3.6822422,-4.4980855,-0.81145626,-5.2415633,-2.8726609,-4.226699,-2.229168,-4.5326037,0.0046549733,-1.7838484,1.2406309,-0.75235856,0.16243123,-0.69465995,1.803106,1.2266686,2.1634207,0.091215715,-0.13811004,-1.3806317,4.197922,5.709397,7.3824844,1.7285631,-0.08067161,angry
-575.15137,41.953968,-8.88016,0.44130066,-3.5544493,-6.8302703,-10.267395,-8.972639,-12.716437,-1.3298975,-3.140053,-9.319419,-0.23345669,-6.6270957,-2.5136695,-6.120024,-4.6919503,-1.758882,-4.7678967,-3.7160077,-2.9065113,-1.7869884,-1.9187776,2.0765553,-0.18766685,1.2679281,-0.31812584,2.304863,1.0668485,4.6925507,2.1323428,1.8868847,-0.28806856,0.20400691,-0.90519017,2.9625967,2.739309,3.6791704,1.9349515,1.9820491,angry
-545.8357,41.533684,-7.3006587,0.50265396,-3.9888642,-8.616607,-9.156188,-10.606966,-15.65288,-3.537772,-4.180203,-12.164621,-2.2517207,-5.901425,-3.7722077,-6.7190104,-4.5006604,-2.512052,-6.4291563,-3.4045877,-4.8098636,-2.9864547,-7.2283373,-1.6390771,-4.2710247,-1.1838938,-0.81248033,2.5062313,3.4625006,6.451639,3.0223753,2.7401552,-1.657995,-0.69883966,-0.19345261,4.9518743,3.9776113,6.322611,2.279649,2.472885,angry
-477.49542,31.65236,-15.723454,-0.05754336,-4.583506,-13.990733,-9.7516775,-10.938259,-12.77445,-1.416774,-7.131607,-8.414631,-3.28881,-7.2947707,-1.0009826,-8.787959,-7.2635417,-4.5891933,-8.615518,-2.652773,-1.0532703,1.2720785,-1.1582805,1.8329238,-2.6694872,2.112859,2.3923504,6.9420934,5.767224,6.094487,0.58405054,0.7317043,-2.028173,2.782251,-0.7717534,1.8618155,0.49193656,-0.9176881,-2.533017,1.5930015,angry
-490.04456,36.140594,-15.646406,-1.3195633,-4.8829427,-11.042762,-9.95633,-8.457946,-15.047287,-2.3688962,-5.276059,-10.157473,-3.4832554,-7.5290756,-1.497343,-7.9889774,-8.03375,-2.3425164,-7.833857,-5.1149297,-3.9694247,0.37889326,0.39671823,2.9634836,0.6371719,3.127289,1.4757775,4.3246064,4.9850597,6.550931,3.3652759,1.7984238,-2.1471632,0.3207503,-1.2120966,2.4982364,1.7506479,0.28950596,-3.1986084,-0.90150994,angry
-433.71054,23.460344,-14.926404,-2.2148597,-6.271778,-12.586203,-8.922878,-12.805513,-17.063446,-2.9585307,-7.0008793,-9.483854,-3.4631028,-8.134556,-2.5812936,-8.070159,-9.419674,-2.4697795,-11.590109,-3.0029223,-4.24785,-1.8281568,-3.866664,2.4780605,2.287357,5.2288465,4.335311,4.5610185,3.2958148,4.0443134,2.5954404,1.715182,-2.6677704,0.5011795,-1.7332191,1.1613816,1.1294769,-0.066799745,-2.8129876,0.31859663,angry
-444.51175,23.55913,-19.745169,-3.439577,-7.824494,-14.59892,-9.972017,-15.084331,-16.766672,-3.0259385,-5.276127,-11.689061,-2.796422,-8.695635,-4.22013,-10.004475,-9.120937,-2.4214954,-10.124733,-1.2550646,-2.9483006,-0.31781727,-3.0037003,3.940919,3.1706502,7.838264,5.5736556,5.5871515,2.1659074,1.5551578,0.21236898,1.264095,-1.5711069,2.4463162,-2.9133804,0.38456023,-0.676399,1.2546276,-0.2418235,-0.38847795,angry
-587.4438,35.807358,-12.982128,3.4476893,0.9910163,-10.190733,-12.905245,-13.132334,-12.072702,-2.021086,-6.7591624,-6.4322333,-0.5988162,-5.1352973,-0.49958324,-7.7679095,-6.0076175,-1.2979141,-6.0618534,-5.000511,-4.6493545,-4.67291,-6.744588,-2.279295,-4.3295617,4.0000734,1.2033727,5.7979054,2.217632,4.8485684,2.426208,5.634858,6.829567,10.562676,7.365644,5.343824,2.353905,1.8544724,-0.29875728,1.5142837,fearful
-573.03375,37.523342,-11.291201,2.9337904,0.7447621,-8.744795,-12.030848,-9.779771,-13.109583,-2.8249876,-6.0784597,-7.792421,-1.201134,-5.007212,-0.7780074,-6.569105,-6.3160815,-1.7300974,-6.3739405,-3.7352295,-4.60363,-2.832671,-6.572433,-1.7236704,-3.222466,3.1130922,0.1384962,5.6856766,1.8152878,4.514456,4.1537423,7.537743,8.470812,10.011728,8.249507,4.849067,1.5591097,0.6002793,-1.2502599,1.5030786,fearful
-568.3699,37.2813,-18.435715,2.3229966,-2.2469764,-10.02894,-12.379132,-17.795094,-11.6259365,-0.90408844,-7.461941,-7.410382,-1.9589752,-3.014897,-1.4326302,-7.7408814,-4.504368,-2.5114257,-5.831898,-4.874848,-4.9701533,-2.846736,-6.5954995,-1.0149373,-6.22355,-1.7622608,-4.766935,3.2391353,1.820719,9.862936,8.366449,9.815668,9.047896,10.013717,6.5953484,5.249402,2.6064475,2.5811548,-0.98832136,1.3754834,fearful
-567.7237,36.31655,-12.58446,-1.9167196,-0.056081634,-9.594346,-13.766118,-14.641971,-12.781683,0.5254062,-5.5950847,-8.726809,-0.74830025,-3.9435418,-0.847834,-8.127913,-6.6735454,-2.0084205,-5.441679,-5.737974,-3.877679,-3.829773,-6.170869,-1.5581261,-4.529887,2.7894483,1.1971762,6.2177186,2.7516935,6.059966,4.6323676,6.1373672,5.4662633,8.947209,6.532498,7.9503765,3.806678,3.3077288,-0.66631216,1.2922236,fearful
-503.56778,25.345675,-21.098862,-3.807373,-9.50285,-11.990412,-17.733595,-12.529975,-14.103698,-2.6427453,-9.376293,-10.238988,-2.7954848,-6.489613,-0.2189554,-3.8433173,-6.853848,2.4511316,1.6954223,7.101784,10.729968,11.749422,4.3691998,6.1357846,-2.5964844,3.0123596,-1.9171675,1.9025409,-1.2258914,1.9897529,-0.6563942,-1.1244675,-3.5682132,-0.35649797,-0.18547177,0.62051654,-0.24016126,0.23766337,0.1869675,1.1878004,fearful
-481.2494,21.179514,-19.400227,-1.8241463,-6.6792,-11.703722,-15.264646,-13.602035,-12.882051,-3.5612087,-11.011315,-8.148539,-2.3834622,-8.377281,0.62019503,-7.9376783,-7.3242126,0.9567232,-3.1465378,0.49984324,3.0957353,7.3938284,6.482322,9.354579,1.6396646,5.88606,-0.5382096,3.8258882,-0.13465919,2.773519,-0.2667224,-0.89815104,-3.671388,-0.09896232,-0.980551,0.5114609,-0.21134666,-1.7010726,-2.5835667,-0.4117446,fearful
-477.19095,17.809027,-20.450623,-2.423543,-4.9953175,-14.370736,-19.745716,-14.78482,-14.106581,-3.4518948,-11.875751,-9.585657,-2.813862,-8.5549965,-0.48741984,-7.379489,-10.502265,-1.7351562,-8.014742,0.3832743,5.241439,11.693727,11.145346,12.688096,2.8788142,3.6957505,-2.872589,3.8356788,1.7045034,4.030816,-2.1920652,-1.3583606,-3.987196,1.8943006,-0.00023869448,-0.26329145,-2.4633856,-3.4920201,-1.8714797,0.5559704,fearful
-479.1246,16.36143,-23.063133,-3.909265,-6.787017,-13.473051,-18.71589,-12.6709175,-14.898347,-2.5616875,-11.823565,-9.541462,-0.9792749,-7.7557383,-2.811055,-6.8363333,-5.932544,7.7802796,7.4689817,11.01827,8.955493,8.368731,0.031328347,1.2928367,-1.7741058,2.8403363,-4.7287345,2.694129,-2.5313349,1.260451,-2.8388655,-3.0309808,-3.8362927,0.48754114,-0.16005445,1.038905,0.4362036,1.4601302,-1.3081752,-1.1983258,fearful
-592.05896,47.096718,-14.020029,1.587587,-2.821526,-8.12673,-10.704304,-7.7678514,-11.192617,-2.285926,-4.606191,-9.050234,0.19687662,-7.4534483,0.22269407,-3.3785043,-7.64747,-0.296704,-5.110139,-3.8768363,-4.1884336,-3.2849479,-4.2897925,-2.7331157,-4.5512533,-1.0405653,-3.3738046,1.1779329,-1.4756349,1.7627208,0.14702836,-0.2628495,-0.9728759,0.45877838,-0.067927934,1.7041252,1.3573349,4.4502482,3.518132,6.6799765,disgust
-616.1905,56.26908,-15.819673,-0.6309753,-0.32214066,-8.329672,-11.927543,-6.2454185,-12.495812,-5.046772,-0.4688987,-10.3463745,0.09283294,-7.7816286,-2.5953994,-4.1216335,-6.2314873,-2.9880962,-5.1624465,-4.04675,-5.3011928,-3.2214806,-3.5338092,-1.607211,-4.287402,-0.85216826,-3.1597795,1.1563816,-1.07817,0.47379604,-0.4081605,-0.1543644,-2.495232,0.32410696,0.7751008,3.2589412,2.545849,5.2836313,3.774389,6.381969,disgust
-611.6883,48.34041,-9.135849,0.50645334,0.16699135,-5.486883,-14.307976,-8.173026,-11.207965,-1.1430097,-4.8917975,-9.503979,1.6207777,-8.575641,-0.26333517,-6.0433536,-6.8785863,-0.021937719,-6.3898606,-3.690603,-5.082839,-3.5581703,-3.9508238,-1.8024102,-5.27528,-0.35892642,-4.6519737,0.5343991,-1.3379533,1.4853505,-1.4571546,-1.9835566,-4.3180943,-1.2862884,0.6367911,4.153308,5.1947465,6.9676,4.854495,6.0336094,disgust
-594.06665,49.88217,-12.720543,1.1680834,1.0331973,-6.060744,-10.7249975,-11.246526,-12.283996,0.9958742,-3.108933,-10.028456,1.4752493,-7.2271485,-0.13960914,-6.01462,-7.790445,-0.95437694,-5.0533695,-3.9137838,-3.8250022,-2.6930802,-4.582199,-1.0626516,-4.862328,-2.0919547,-5.444067,-0.80870783,-1.7049825,-0.047019776,-0.7598711,-0.6149526,-3.1742187,-0.049409613,0.7157493,3.0920131,4.218884,7.3214817,5.3081493,9.462647,disgust
-549.16205,40.7147,-17.785736,1.2372386,-3.1537244,-9.215797,-14.716758,-10.040519,-9.627285,-1.097111,-2.6447046,-10.38354,-0.7038331,-8.495582,-0.85103244,-7.299022,-7.2323933,-1.5959485,-6.639143,-4.221466,-5.337763,-3.6813524,-4.938729,-3.650767,-5.109706,-2.0017097,-4.705919,-0.21832433,-3.1033952,2.125274,0.502862,3.9404504,3.1496112,5.3787594,2.436739,3.602253,1.7637966,4.549591,2.960059,4.959524,disgust
-571.4934,44.124126,-8.859824,0.28538013,-6.451649,-7.6343412,-13.22493,-4.23558,-11.339434,-4.016229,-0.4549663,-12.1097,-2.352388,-5.803862,-2.7222052,-4.0781865,-6.674569,-1.5007534,-6.4559803,-5.0062523,-4.6515417,-3.6701446,-5.7888007,-2.323194,-4.7051363,-1.3655014,-4.3275595,0.1013699,-0.52901906,1.4786606,0.21043412,2.089972,-0.65869784,0.9760938,0.49138722,2.1172206,2.1616647,5.240545,3.3481965,4.1866097,disgust
-573.39996,36.79055,-12.618215,2.5387943,-4.8161073,-7.81246,-16.527115,-7.2972198,-10.851668,-0.4515682,-7.165036,-9.314729,-0.3872125,-9.736472,-1.1063259,-6.955713,-7.8755245,-2.6568694,-6.1930194,-5.485617,-5.651159,-3.8710032,-7.048909,-3.439558,-5.4354625,0.61896455,-0.7458741,3.4933043,3.782418,3.5980594,3.763319,3.9293904,2.866221,5.570875,4.8156257,6.358664,3.8209484,3.509011,0.29969528,2.8435266,disgust
-538.49915,39.377132,-12.930034,3.5931923,-4.047891,-12.508108,-16.095436,-9.816666,-12.986247,-2.9368997,-4.167975,-12.370348,-2.469353,-9.155893,-2.722973,-7.438589,-7.777407,-1.5792685,-8.321358,-4.4104795,-6.293968,-5.458858,-6.6418843,-4.218471,-6.031388,-2.3467994,-2.9282234,0.31748593,0.36242986,1.7228304,1.8515297,5.2455125,3.9418352,8.666007,6.8459144,6.6193542,2.1784582,1.909722,-1.2000803,2.779965,disgust
-602.25464,50.84617,-10.409265,-3.9786234,-1.6403406,-8.159843,-10.925253,-7.9547086,-12.038824,-1.2250015,-3.4922884,-11.10643,-2.2569697,-7.6073475,0.33070785,-3.4919038,-2.6539145,2.011771,-0.9695922,-2.2910964,-1.220385,-0.7094451,-0.92397326,2.2969964,-1.1381527,1.0190836,-2.367596,0.18707019,0.3517547,1.9378427,0.90118796,1.3637882,-0.30173624,3.3728888,2.3511178,1.7832642,1.1966847,-0.15131359,-2.6565552,0.3490259,surprised
-571.58527,45.113064,-14.169151,-3.6720953,-5.5071054,-11.322742,-13.708319,-9.9530525,-14.036224,-2.856219,-6.695862,-10.68908,-2.5701413,-9.881026,-0.66273487,-4.6993923,-4.334265,1.5301582,-0.8245455,-1.4091291,-1.1099668,-0.13320369,-1.3706428,1.618503,-1.4607475,1.4291264,-1.5011336,2.4858694,0.55318964,2.765344,1.3064651,1.3463259,0.88189995,3.4241185,1.9777027,1.2416778,1.2206143,0.23131482,-1.7737541,-0.8300994,surprised
-586.08466,47.739082,-11.12382,-3.8932433,-5.5001235,-6.086739,-13.041116,-14.12868,-14.30845,-0.3956398,-5.2979126,-12.359627,-2.2813718,-7.209127,-0.9705108,-1.8142655,-2.9795868,2.080825,-3.4462059,-2.698104,-1.5646006,-1.3543068,-2.8533297,-0.3357884,-4.238803,-0.8495001,-1.2096587,1.8961378,-0.025966056,4.658216,2.281104,1.6318122,0.8494389,2.7499473,2.4561002,3.4047995,2.166271,1.0810784,-0.88856864,0.87328774,surprised
-557.1884,40.04323,-13.310613,-3.9836395,-4.212638,-6.452361,-14.161657,-14.057114,-16.064396,0.61485255,-6.6739674,-12.350893,0.9176799,-3.9492912,3.0765076,-3.0823321,-3.657292,-0.90212834,-3.661159,-1.9483181,-1.2919458,-1.8772634,-3.3042579,0.8428993,-1.7485915,1.539408,-0.9353662,1.3979045,0.34416625,6.3066297,4.5998807,4.0004416,2.388053,3.6603377,-0.4658299,1.30685,0.96030056,1.6109488,0.16387284,2.0324965,surprised
-564.65753,38.859562,-12.030348,-6.183188,-6.171003,-9.200859,-13.0978985,-10.177108,-14.996498,0.7455558,-4.805316,-10.493058,-4.1558094,-7.431485,-1.3081633,-6.181339,-4.207946,1.536617,-1.6477259,0.5907052,-0.3536578,0.27425227,-0.3132654,2.956305,-1.3188093,1.4359353,-2.143937,2.058029,-0.01761746,2.7014954,0.09648018,1.8094171,2.5213466,5.049168,1.2172408,2.7848551,0.099764265,0.01400581,-1.9361674,1.9257357,surprised
-527.19867,40.04711,-17.060774,-2.6089215,-4.243236,-10.057932,-12.005062,-11.310211,-13.124198,0.94181246,-6.647353,-9.837623,-1.518357,-7.703431,-0.16941175,-5.433138,-2.9193218,2.2094455,-0.50225127,0.019403778,-1.0025849,0.46654904,-0.7232998,1.7988721,-4.89261,0.58461434,-1.8308612,2.3682544,0.73838514,4.1382656,3.0999389,3.818955,1.8569093,2.2643013,-0.5054138,0.98528904,1.6057595,2.0089793,0.15107158,1.2803379,surprised
-500.4112,26.329199,-9.78586,-9.825238,-7.756627,-8.217684,-15.998776,-11.662084,-16.746893,-2.0105627,-5.2379804,-12.028119,-3.1583352,-6.1580153,-1.2453623,-1.3216254,-0.034698676,1.5975584,-3.9336853,-1.649533,-2.536037,0.32800427,-1.7132488,1.0105972,-2.8507433,1.1898553,0.60647523,2.5690184,-1.4305964,3.8194802,1.162378,-0.26358563,-1.0725603,0.9898672,0.4318009,1.5894382,0.8969418,1.5017741,0.11606159,1.1802151,surprised
-536.52545,24.849909,-13.7808485,-5.726334,-3.5046906,-7.5949364,-13.912262,-9.721022,-13.198851,-0.75094277,-5.811398,-11.489008,-5.0033164,-10.656896,-3.6426911,-5.861109,-1.5551965,3.2195368,-0.76293236,-1.4655263,0.47331306,0.85252315,0.5226447,7.546954,3.3981366,3.642246,-0.55810374,1.3013457,-1.5407702,3.703998,2.3078744,1.4825253,-0.70006496,1.1769217,-0.019219903,3.12459,1.0621065,-0.8736088,-1.1328264,1.7219948,surprised
-644.43164,61.691525,-4.231188,8.771251,12.1218815,-6.09742,-3.8225853,-4.3866305,-9.309087,-5.8884745,0.7016768,-5.022706,-1.4691708,-1.5029818,-3.6553807,2.538196,-5.5094714,-2.7050538,-2.5512836,-2.069283,-4.51943,-1.8846631,-4.577236,-1.9667174,-4.083298,0.034718096,-4.1861854,-1.4090346,-2.3651628,-1.5132631,-2.7578487,-1.0864786,-3.4136934,-1.0120392,-3.3654056,0.5975143,-1.0975848,0.51464367,-1.1111262,0.80160195,neutral
-618.1251,60.08544,-5.9364605,9.629848,15.576269,-5.6812234,0.3756477,-1.1076999,-8.532423,-3.5218263,2.771219,-2.639181,-0.43749246,0.09203646,-3.4533737,2.849092,-3.4829848,-2.3808587,-1.6675068,-0.5895079,-3.2643743,0.22586484,-3.733642,-0.4712677,-3.1134553,0.970144,-2.869153,-0.06416861,-1.274574,-0.37193602,-2.406025,-0.58532673,-2.855912,-0.7057056,-3.0569744,-0.2673754,-1.6608434,0.04542153,0.025328169,1.7240889,neutral
-629.0704,53.56093,-8.102327,5.5567245,12.019091,-8.496997,-1.6463394,-4.407569,-10.663366,-5.355664,0.37184954,-4.156769,-2.6490817,-0.7946954,-5.3224726,1.1765794,-6.3137803,-3.9228501,-2.7830324,-2.5593722,-6.5745625,-0.72739136,-4.6204457,-1.844315,-4.732804,-1.2503803,-3.7527056,-1.2517524,-1.8388848,-1.3607205,-4.177541,-2.4568431,-4.0934873,-3.0466855,-3.842666,0.13451265,-1.8012413,0.6097522,-1.2426054,1.0016493,neutral
-624.06793,60.9852,-3.7822177,6.2200713,13.613946,-7.6226482,-2.3313708,-5.360916,-10.936716,-4.432464,-0.107853904,-4.510958,-2.475017,-1.0334845,-5.657286,0.9867199,-6.6560802,-3.2439773,-4.0127296,-3.068496,-6.8987803,-1.4429175,-4.6508403,-2.8999424,-5.0464044,-0.9913496,-4.2834344,-1.0343761,-1.1121672,-1.8172723,-3.8425257,-1.4868199,-3.460098,-1.395987,-3.0668564,-0.05674606,-1.747369,0.14119615,-1.2714612,1.2930784,neutral
-685.507,60.619335,5.417887,10.200163,11.650068,-1.3135136,0.7451722,-1.5428978,-4.994078,-2.69251,0.60174906,-3.1867583,-3.7814991,-0.22465488,-2.1801476,0.7738526,-4.6089783,-0.68939596,-1.1713386,-0.5083705,-2.7833464,-1.0221114,-2.9179962,-2.2319162,-4.443738,-0.37286538,-4.7955856,-0.41434544,-1.0750523,-0.681127,-2.7084985,-0.23303749,-2.8650453,-2.0966158,-2.4130876,0.7631618,0.35483152,0.9640752,-2.1396368,-1.9034419,calm
-701.3326,57.646175,3.8361914,10.2832365,10.145627,-0.1981408,-2.0218136,-4.2318363,-5.301312,-4.803011,1.5717975,-3.9689524,-2.8058407,-1.379506,-1.2356576,1.4968579,-3.680332,-0.7530674,-2.5583725,-1.2138587,-2.3622484,-2.1269069,-3.4960115,-1.8635181,-3.9042208,-0.6430008,-4.9826336,-1.3382322,-1.5692401,-1.9177569,-3.5583253,-1.0267316,-3.2181861,-2.7565882,-4.232714,-1.7147987,-0.86371017,2.6538088,-0.04347732,1.2342048,calm
-658.5932,55.000202,-0.99672234,7.8117275,7.2284822,-3.1956058,-2.2122512,-4.1474547,-7.0441313,-3.7637994,1.0247538,-4.7803006,-3.9157484,-1.9274207,-2.8928053,-0.13511242,-7.074193,-0.14193977,-2.8460965,-1.9864322,-3.0344152,-2.0193439,-2.930786,-2.5394843,-5.2279778,-1.1160594,-4.070887,-3.1287627,-0.7899726,-1.666412,-2.4998593,-0.5543253,-2.2016175,-1.0025483,-0.95701617,1.1086981,-0.94071394,1.0624065,-1.3291686,-0.69316727,calm
-658.3545,54.910378,0.45192212,8.76816,8.608637,-3.2388394,-2.855495,-3.4439256,-7.802437,-3.3701437,-0.17169207,-3.9952908,-4.0146327,-1.0002306,-3.480991,0.24699683,-6.3965516,-1.4138069,-2.9810643,-3.317882,-3.4028637,-2.307143,-2.7747333,-1.8756137,-5.0508204,-1.2413796,-5.1384053,-2.3295062,-1.3402928,-2.4244986,-2.6014574,-1.5826621,-2.1330862,-1.7942445,-2.1563282,0.49569094,-1.0126665,0.85445577,-2.1259356,-1.5700636,calm
-663.644,64.28199,1.8897144,8.73936,9.302441,-0.24502096,-4.3328366,-3.8282342,-6.077725,-4.5847883,2.2279418,-5.19119,-3.4642947,-2.7621589,-2.9077556,0.6123316,-6.1716347,-0.6145078,-3.1320434,-1.8748068,-3.5782003,-2.9783316,-4.122406,-3.84436,-5.878842,-1.1806763,-5.704429,-0.558206,-1.7050208,-2.1493704,-4.9019556,-1.4210763,-3.905912,-3.1768942,-3.736449,-1.7030029,-1.4382269,-0.21952544,-2.3362918,0.17853934,calm
-682.7604,64.57318,3.8269806,8.614511,10.934704,1.3239843,-3.1505654,-4.821334,-5.357705,-4.1992226,2.7529063,-4.3595905,-2.7455368,-1.8077043,-2.537361,1.8312538,-4.235123,-1.0061617,-2.4516385,-0.7097633,-2.406296,-0.96754223,-2.5835612,-2.0920072,-4.102079,-0.9540429,-5.095497,-0.21098791,-0.2427284,-0.41394955,-2.4213536,-0.6315778,-2.1049175,-1.7818319,-3.5357354,-0.7803817,-1.5203613,1.0418906,-1.3802572,0.7582566,calm
-677.5924,58.643333,0.7707759,9.74823,12.153469,-0.2517359,-3.1879003,-6.0430527,-7.566854,-2.4369032,1.6436357,-3.646301,-3.9111226,0.09446897,-1.7625569,0.7965081,-5.379054,-0.9380704,-1.7818751,-2.1266603,-3.25498,-2.173282,-2.969492,-1.7135165,-4.604528,-0.83115333,-3.9534698,-0.95530987,-1.2905701,-1.3268679,-3.4691224,-0.11660174,-3.875419,-2.198903,-3.1036363,0.58388895,0.21774995,1.1527224,-0.111628816,0.37548983,calm
-652.31665,59.998928,0.20387557,9.32927,9.997243,-0.20183045,-2.6218348,-4.9059205,-8.254892,-3.282379,2.5527866,-6.3208127,-4.726073,-1.6180323,-3.3291802,-0.33100596,-7.857534,-0.6443049,-3.829232,-2.5844452,-3.7900763,-3.246121,-3.5203843,-2.6769629,-5.337796,-1.1138462,-5.276324,-1.7371387,-2.4932704,-0.80337024,-3.0454736,-0.48538765,-4.8179793,-2.5946043,-3.534022,-0.07953679,-0.32640666,0.772883,-0.8523609,-1.0064359,calm
-638.5373,47.415882,-8.4201355,4.0772514,5.123972,-5.8456125,-5.660417,-7.539272,-11.5266695,-5.461642,-2.863679,-4.4451933,-4.040187,-4.751741,-5.3383627,0.9027583,-6.6691175,-4.804072,-5.0096216,-3.2203915,-7.5658975,-1.4207428,-5.2686105,-2.4166548,-1.7824222,2.4525146,-1.5248286,3.0942514,0.522163,1.2753875,2.6138163,2.5742388,0.6236571,0.70465636,-0.58616537,-0.36883578,0.7605692,1.6717732,0.14308675,3.1029751,happy
-583.2825,43.210587,-7.083607,2.0803914,4.319869,-5.281988,-5.243834,-6.440219,-10.22208,-4.2672076,-3.1349652,-4.974707,-3.0159662,-4.394273,-5.427976,2.3686023,-7.8154783,-3.8920064,-4.6114855,-4.2136836,-6.003024,-1.7641946,-2.8786883,-0.17225657,0.33620718,3.255285,-0.9572897,3.0928555,1.06673,2.5638258,2.768801,2.2130406,0.585908,-0.25681832,-0.5760839,0.34146395,0.3788842,0.835031,-1.1748638,0.85370666,happy
-608.44824,42.862293,-7.122563,3.5264184,4.985818,-5.667662,-6.395648,-8.578726,-12.112078,-3.922924,-2.6027043,-5.5223513,-2.919099,-4.804944,-4.658745,1.5292406,-7.6092963,-3.1506417,-4.1831665,-3.3928504,-6.97404,-3.0191638,-4.1004252,-3.1843407,-5.0300474,-1.3825659,-5.8398833,-2.5779343,-2.8023226,-3.1791234,-2.6750758,0.15521832,0.64479893,2.4394426,4.3021717,5.097788,3.944027,3.2261107,1.5263035,2.6800659,happy
-611.7603,43.287296,-3.3578653,5.1648817,5.579363,-4.9414654,-5.761298,-6.202324,-12.842966,-3.2482462,-3.0515819,-4.5275097,-3.2447302,-4.843917,-4.1843286,1.4644862,-7.3490477,-3.0839498,-4.13163,-2.8505075,-7.4050293,-2.3878539,-3.5932546,-3.8079214,-5.148713,-1.3141702,-5.571349,-2.3564563,-3.4921424,-2.87262,-2.712101,-0.49627885,-2.5806274,-0.7435835,0.5292874,1.5111941,4.0959253,4.2818146,2.7550068,3.2927108,happy
-508.49542,30.203592,-12.217266,-2.0694795,-2.1832128,-6.817925,-8.86273,-6.0286937,-11.231116,-5.7765045,-3.5570552,-5.809496,-5.753914,-5.2226367,-6.7651086,-1.1307837,-8.846566,-5.2092104,-5.201429,-3.0542111,-3.3912163,1.6844914,3.369978,4.0440516,4.2331867,4.9004555,-0.44612327,2.5345802,1.5252964,1.05136,2.4210722,0.35321492,-1.423438,-0.625801,-0.5666034,0.5701335,0.32572752,-0.3655514,-1.530366,0.089776,happy
-504.24014,30.646584,-13.686866,-2.7385752,-3.334957,-7.49046,-9.829236,-6.740911,-10.799125,-7.2040305,-4.0246763,-4.6614103,-6.943025,-7.114807,-7.250445,-1.1922996,-9.096662,-4.7982674,-5.1101046,-3.208579,-2.7118487,1.0242863,3.2355049,3.6708167,3.7380996,3.946045,-1.013662,1.676303,-0.05665721,0.25836888,2.8366017,0.6686569,0.13938904,0.0932184,-0.99227816,0.43996617,-0.9908591,-0.52571046,-0.47990832,0.11761699,happy
-517.1777,31.994772,-10.639786,-3.7197077,-3.7733574,-8.749662,-10.088323,-5.0387077,-14.403889,-4.8674116,-3.2394624,-6.210694,-4.835206,-7.162886,-7.479624,-0.7625655,-8.216619,-4.369016,-4.5612497,-4.3135986,-5.341452,-0.592,-0.39162493,-0.24223742,0.1884637,3.4363487,-1.1168886,2.219485,2.4679677,1.1738813,1.9017957,1.3362796,-0.69442004,0.9180594,1.0682912,2.4716575,-0.7197844,-1.587135,-1.4723727,-0.37386516,happy
-544.75616,36.535534,-9.965967,-0.021955436,-2.1545026,-8.83938,-8.041413,-5.66882,-14.599718,-5.107197,-2.8365679,-6.8666105,-4.72596,-6.188164,-6.8587675,-1.02821,-8.5087,-3.5726178,-3.9641192,-3.376628,-6.338078,-2.5853353,-1.6257988,-0.0081828525,1.5955564,5.2378407,0.17867367,2.1809583,0.5242281,1.2271396,1.8331465,2.1482375,0.7142566,0.3553828,0.9716881,2.4679892,0.61308604,0.7016279,-0.05459908,-0.52564967,happy
-694.9719,61.44457,-4.342655,7.648777,11.443428,-0.5436917,-3.059407,-5.3293533,-8.86564,-5.937996,-1.6874533,-4.5349364,-4.8765764,-0.8311284,-3.7851164,0.026166257,-4.783459,-2.267226,-4.3770995,-1.4634947,-3.2854638,-2.8413372,-3.7140942,-1.7665957,-5.314778,-1.523486,-5.1048226,-3.237501,-3.2400281,-0.2694541,-3.6271641,-1.2166235,-4.220374,-2.888445,-4.6001167,-2.1485054,-4.007793,-1.668826,-3.293529,-1.7645655,sad
-679.8573,61.580208,-2.965073,10.128103,9.780745,-0.2800736,-1.2138932,-5.1972804,-6.9055653,-5.093533,-0.9237362,-4.8952594,-5.831389,0.18793337,-3.6961436,0.25607616,-5.585503,-1.6860647,-3.869803,-2.1674132,-2.6657052,-3.268763,-3.0993707,-2.2832766,-4.7405047,-0.6649087,-5.78981,-2.7585251,-3.0041876,-1.8687446,-3.088001,-1.292368,-3.2620232,-2.7893353,-4.38508,-1.9342048,-3.8099022,-1.0439833,-2.8079314,-1.5042222,sad
-638.56836,44.62285,0.33667362,9.417309,6.121399,1.5243737,-1.0626675,-5.6530857,-5.9565744,-5.2306833,0.0479961,-4.295174,-2.9443326,0.31896847,-3.390244,0.47678077,-4.6179,-1.8122,-1.580639,-0.053728227,-3.6295118,-1.5975599,-2.5877028,-0.7300222,-4.6763597,-1.4529145,-3.7115145,-2.29661,-1.4675267,-0.16003993,-1.3694652,0.4464791,-2.5349774,-1.7640605,-4.283277,-0.8822208,-3.093295,-0.85878444,-1.2156157,-0.8646267,sad
-648.4958,49.664608,0.015854746,11.4898815,7.7586546,1.6387578,-0.4298987,-5.702272,-5.1822133,-5.329655,-0.4206829,-3.8063781,-3.379723,1.0442898,-3.7279468,0.9508571,-3.904806,-2.6202102,-1.4854997,-1.7361552,-4.784006,-1.7532263,-3.2783914,-0.33393496,-3.5429895,-1.0503634,-3.949938,-1.649274,-2.3488734,-1.0711588,-2.6535516,1.2048191,-2.5722299,-1.477651,-3.8838613,-1.4950817,-2.5975049,-0.9776713,-2.4920561,-2.6312199,sad
-572.6614,52.09276,-4.1761084,9.572338,8.085082,-0.38003835,-7.007433,-10.757746,-9.9672165,-6.3754845,-2.67493,-4.7654815,-2.0522025,1.48115,-3.248301,1.8799598,-5.524841,-0.5728229,-2.2146769,-2.8082774,-3.8002758,-0.84513074,-3.2925723,-2.1495905,-3.6971924,-1.6531032,-2.12189,-1.106248,-0.37016138,2.364626,2.3183405,2.3717387,2.7967498,2.9216547,1.9860001,4.567865,2.1349857,3.724001,1.5866886,0.8889271,sad
-611.87286,51.078884,-9.759368,5.891849,7.6773014,0.13502632,-4.7673664,-9.383156,-6.818451,-3.621819,-3.0105143,-5.426914,-2.0258827,1.1674881,-4.292908,-0.6868258,-4.9399796,-2.5525265,-1.9722484,-0.4763853,-2.9232645,-2.2496881,-3.110779,-2.8439586,-2.8109834,-0.68909967,-2.5602627,-2.2703846,-2.4688172,-1.4536979,-2.3010476,-1.429663,-1.3302165,1.6437957,0.34546238,3.274886,2.7065873,4.3316736,3.3817377,4.3674083,sad
-652.41626,43.3248,4.350433,3.9925141,5.2598867,0.8291466,-3.8905666,-7.990062,-8.916143,-5.5495334,-1.355244,-8.2081,-2.4098234,-1.1837996,-3.2927637,-0.0042816163,-4.948892,-2.1187444,-1.8915827,-1.364431,-5.547441,-2.030345,-2.2627933,-1.8810478,-3.7011704,-1.728905,-4.838897,-2.9672346,-2.6214478,-2.0458174,-3.1963315,-1.5152179,-3.3915045,-1.7755048,-2.1013014,1.1577315,2.7093916,5.0941234,5.291467,5.0479817,sad
-608.2271,64.386635,-4.029014,10.037918,13.35503,2.6996984,-1.8691827,-13.286885,-3.996935,-0.25585708,-0.66706634,-5.228801,0.95162344,3.5981216,-0.89956474,1.4288265,-4.19038,0.73066324,-1.0503023,0.4988198,-1.9461367,0.91949475,-3.7833943,-1.193089,-3.8212576,0.24780855,-1.2691338,-0.33671126,-2.91129,0.38449365,-1.1991537,-0.20515376,-2.8701231,-1.2146447,-0.55120707,2.2208815,2.7163804,5.932361,3.6703744,4.3222427,sad
-550.93805,40.10832,-10.376297,1.7373773,-0.37266096,-5.9424186,-4.667178,-4.97708,-11.824296,-5.8419127,-2.512261,-6.3770385,-3.9932122,-1.0244054,-6.732192,-0.848496,-7.693284,-3.6611798,-4.8581696,-4.180654,-6.255723,-1.8764514,-2.6148014,-2.0868473,-3.4853902,0.36590022,-3.9919891,1.2599777,1.1107988,1.9356478,3.1609368,2.3988092,0.1249465,-0.4619845,-0.615869,1.6519109,0.52455574,1.2941113,-1.1974736,0.1662436,angry
-535.94666,40.158257,-10.046415,3.3634565,-0.18323664,-6.009483,-6.340036,-4.6299458,-11.628327,-6.248601,-1.9908898,-6.8625803,-4.241315,-1.8873316,-7.600737,-0.16605751,-6.57154,-3.5898182,-4.67149,-5.0841355,-5.9350953,-1.42954,-2.9611104,-2.5524871,-3.6004288,-0.48588467,-4.227894,0.75617325,1.3303525,1.726324,1.444432,2.0344703,0.49377632,0.9503032,0.45546588,0.8289995,-0.33011258,0.35150495,-1.4206128,0.22169113,angry
-550.0766,40.3116,-8.256923,1.8153487,1.6538179,-6.255772,-4.46939,-5.262415,-9.8674135,-5.6863513,-3.7085931,-6.2167735,-4.1688914,-3.5300565,-6.057625,-0.56540775,-6.4478407,-3.519836,-4.635671,-5.9116306,-6.1400466,-2.3705888,-2.9361258,-3.5296702,-3.9705343,0.88149893,-2.971322,2.1017387,1.618902,1.8197054,2.1228018,2.0291667,0.006024462,0.35069883,-1.5169086,0.2922271,-0.09540563,1.1825063,-0.46495512,1.6673759,angry
-551.2705,37.61826,-9.374415,2.107903,-1.989678,-7.1516376,-8.127361,-3.8578131,-12.298933,-7.685091,-2.6533031,-8.165835,-6.3744617,-3.6252468,-7.6979403,-2.7776065,-6.65855,-3.8119612,-5.9764304,-5.0322585,-6.245763,-3.008885,-4.713183,-3.0235302,-4.282095,0.90189743,-0.99830043,1.4968271,2.106247,1.5670493,-0.387258,0.56568015,-0.44697297,-0.99579185,-1.2052233,0.7098562,0.4532336,2.024988,0.52512443,0.38628495,angry
-422.7538,28.812597,-15.771175,-0.75712806,-6.4953947,-7.1487513,-7.453115,-4.163331,-9.180768,-8.224829,-3.3682988,-3.5463402,-5.42628,-2.2092743,-6.8313355,-0.39419767,-5.4710345,-1.4905279,-0.14493877,-1.4757404,-0.041174024,4.1492343,4.180772,5.457001,4.4735937,4.7224846,-1.9752625,-0.70807785,0.25780648,0.5335913,0.73398924,-1.0086561,-1.5888188,1.5716926,-0.9500773,-0.17155156,-0.95922947,0.23412375,-0.34587768,-1.4434984,angry
-442.8406,28.982008,-17.222452,-2.2360399,-5.367418,-8.364563,-6.042027,-5.65506,-9.11515,-6.777093,-4.557921,-4.581359,-4.450674,-3.902214,-6.524327,-0.26328912,-7.4807367,-0.40622637,0.46175426,-0.56223255,3.1731775,2.775405,1.723756,2.798846,2.1442366,4.521273,-0.13645601,0.9657025,1.3469825,0.5277338,0.7095215,-0.95368046,-1.213147,0.6731498,-1.6020551,0.9021119,-1.1335406,1.1650547,-0.11641746,-0.23150887,angry
-403.66873,22.193512,-17.27593,-3.420092,-5.4343357,-5.5468307,-6.742002,-7.1334167,-7.848795,-6.4352965,-4.29881,-4.22214,-3.1660433,-3.725586,-6.0714993,-1.3191918,-5.8140707,0.40101406,4.014488,2.735472,2.1746945,4.447139,1.495851,0.2826087,1.7261604,4.942198,0.7102995,2.0578864,0.13071905,-1.0108774,1.7113556,0.5854241,-2.0521514,-0.4367875,-1.5822887,0.43591362,1.1009158,1.2293391,0.10338361,0.76397187,angry
-405.9521,23.088606,-14.773436,-2.6902108,-5.1343284,-8.06966,-6.6753125,-5.9954653,-9.99263,-7.6992598,-3.8892353,-6.66998,-4.7240868,-5.14524,-7.3175883,-3.1496758,-7.85104,-0.7699686,2.1253223,0.2471561,1.0100276,2.9696095,0.07470477,1.0053058,2.5253437,5.4787383,0.6882875,2.4905748,-0.61821437,-1.8603038,-0.11533744,0.7732402,-0.2563374,-2.0123565,-3.1079443,0.938902,0.9075293,1.9015195,-0.6412262,-1.6187159,angry
-601.3324,48.598854,-3.1273355,6.762052,7.6554666,-3.1789567,-2.652794,-7.842543,-9.492153,-3.2426174,-1.5783063,-3.2198217,-2.853428,-1.058514,-4.044195,0.71446633,-4.872341,-0.8203005,-2.3943996,-2.6897025,-4.5014167,-2.7435806,-1.3621174,-3.2753172,-3.0988955,-0.71615654,-4.3477654,-0.78278273,-2.997141,-2.2933314,-3.0501149,-0.8205746,-4.045686,-1.893365,-2.6844058,-0.58764094,-0.91776997,0.29146126,-1.5495368,-1.2861682,fearful
-684.3556,52.666245,-2.9486315,7.7153015,7.978341,0.24422474,-0.87960917,-4.0273705,-8.845339,-3.6798506,2.0313478,-4.9232,-2.3987114,-0.21600339,-2.916144,1.4189616,-4.3740616,-1.2090535,-2.1151354,-1.5510546,-4.549573,-2.576513,-1.2080195,-2.27262,-3.6128488,-0.86608183,-3.5894928,-1.0678124,-1.7306958,-0.3549009,-2.9560118,-0.15193443,-3.4429893,-1.5282093,-3.20669,-1.3876342,-1.7550114,-0.33322144,-1.2918406,-0.42061812,fearful
-627.2255,38.930782,-4.721755,7.0859036,6.5432243,-1.2654486,-3.3405166,-6.3590207,-8.494411,-4.786729,0.06274077,-5.613816,-1.906898,-2.261053,-3.6534274,-1.0198032,-5.3747983,-1.965804,-1.5776649,-3.6146338,-5.5731993,-3.2610896,-0.41730702,-3.8273869,-3.0603657,0.013657963,-3.7635393,-1.7720897,-1.6366447,-1.9465024,-2.3623881,-0.077936426,-3.5882034,-1.8299217,-2.149752,-1.7253296,-2.6584518,-0.74131346,-0.94743705,1.0538566,fearful
-657.7584,41.784092,-4.524046,5.878964,4.9680285,-1.674574,-3.4497721,-7.316445,-8.658295,-5.2446737,-2.2361593,-4.8514214,-2.4674308,-2.3805332,-3.53051,-2.0904522,-5.542527,-2.4168117,-2.4586112,-3.015573,-5.56436,-3.8241186,-1.7688553,-4.1408753,-4.4402375,-1.5112145,-4.7922797,-2.7664256,-2.9612708,-1.9694556,-2.6556096,-0.8851349,-4.6368747,-2.383538,-3.4403107,-1.8459787,-2.6453838,-1.1756027,-1.9661565,0.21697292,fearful
-536.463,44.388012,-13.136881,5.752645,5.8706975,-9.564494,-9.378196,-10.239055,-12.457211,-4.8105636,-1.9583166,-7.663414,-2.1308682,-1.836059,-6.483421,1.5641259,-6.9834933,-4.461266,-3.2933698,-3.8741035,-6.650697,-2.7732666,-4.649153,-3.5548725,-6.0378203,-1.6388841,-6.180219,-2.628221,-4.1455436,-2.7544394,1.143611,1.7173854,2.2324917,4.5742364,2.634927,3.728184,2.7457411,4.3532944,4.498223,4.040696,fearful
-553.8772,43.881126,-8.395793,5.5593696,3.7711341,-7.8818574,-5.930674,-11.0529,-10.555787,-6.660089,-2.936514,-6.2457128,-2.803552,-3.0403247,-5.7957983,1.0375392,-7.4614453,-3.1403844,-4.238117,-3.3024838,-5.8422117,-3.8477514,-4.383073,-3.3512704,-5.8191533,-1.7288513,-6.271365,-2.1280713,-5.1312017,-4.026495,-2.4884894,0.30196106,0.4657982,5.3317037,5.234359,6.4452558,3.5431395,2.1315892,-0.0039560203,2.9578488,fearful
-511.9651,37.023342,-13.262849,0.7411487,2.2010827,-8.85478,-9.973059,-9.374557,-11.62287,-5.7875056,-1.5969374,-8.349943,-5.076618,-1.1734191,-7.806818,-0.10851035,-8.228663,-4.4869003,-4.00716,-3.807838,-8.416368,-2.8201516,-3.9212916,-6.495752,-5.35702,-2.7918618,-5.5013347,-1.2827743,-3.5470414,0.5900976,0.62902015,3.5385773,0.8744276,2.5338018,3.1336904,5.471183,4.3395934,4.033608,2.010696,1.989566,fearful
-524.2169,51.18589,-13.86503,0.7111138,4.5923195,-3.3612428,-8.834921,-14.019713,-15.501662,-5.9748597,-1.226949,-7.3370905,-4.631855,-2.128601,-5.86363,2.3702338,-6.642513,-5.4969316,-4.508567,-6.751741,-7.1577835,-1.4950267,-4.474738,-4.9215264,-5.32694,-1.9899683,-5.6331353,-2.7931914,-4.182602,-2.0595834,-1.7706391,0.13787837,-1.6360941,1.7443904,1.9696659,4.4816566,4.9364247,4.76622,3.4483247,3.9449263,fearful
-638.3796,51.42294,-0.8205792,8.586369,4.4955373,3.7654898,-0.68344146,-4.461448,-6.8863897,-4.894415,2.3093717,-2.2559257,-4.298766,0.856927,-2.5859268,1.0900441,-2.0886004,-0.47758994,-3.4344213,-0.7385261,-2.3690603,-1.3672509,0.19471414,-2.066097,-2.6888247,0.48768547,-4.236691,-0.8635885,-0.8050069,-1.0571885,-1.3685769,-0.36163485,-2.5485888,-2.658068,-3.4469771,-2.1293118,-1.9551837,0.07889049,-0.49309322,0.52938133,disgust
-639.3163,47.328457,-1.946099,8.916616,4.5173025,-0.5675801,-2.4642239,-4.513368,-5.6983,-3.556773,-0.20258452,-3.023033,-3.8376663,0.12287851,-2.5392585,-0.190374,-4.794997,-1.294182,-3.4558907,-1.3745583,-4.0092907,-2.8817155,-1.6605757,-1.7685254,-3.4902403,-1.4029446,-3.5391781,-1.9412041,-2.3039622,-0.6924742,-1.6006949,-0.90877396,-2.7254474,-2.9107192,-3.411438,-0.53602684,-0.52101797,0.03367397,-1.1441656,-0.62806386,disgust
-665.14026,40.18155,0.12732473,6.535791,3.7917802,2.228837,-2.1258426,-7.017363,-5.481671,-2.6912673,0.05137421,-3.831285,-3.8529036,-0.3870982,-1.8038598,-0.71307653,-2.1435878,-0.3472372,-3.2762458,-1.5175833,-3.9493904,-2.1329582,-1.4208941,-2.0668833,-3.7069528,-1.2198737,-3.3841615,-1.8198344,-2.1818454,-1.1636535,-2.5675879,-2.067013,-3.9105616,-3.1035726,-2.6840994,-0.7869656,-1.1448954,-0.75108814,-0.9714479,-1.35898,disgust
-664.36206,43.601517,4.692661,6.5501304,4.009134,0.9516847,-0.8269897,-7.1819315,-5.9919386,-3.2282987,-1.2809603,-4.8782187,-3.2650354,-1.1813009,-2.301403,0.04663984,-4.1583176,-1.1513004,-3.4486442,-1.1768036,-4.7190323,-2.0596128,-1.2754873,-3.034208,-4.3164988,-0.28776252,-3.8111415,-2.0250509,-1.8554633,-2.3530655,-2.8342564,-1.6355536,-2.3450465,-3.3814,-3.0479224,-2.3460112,-2.261879,-1.0297936,-1.9752871,-0.79055065,disgust
-567.49164,42.726265,-1.6550053,5.2047725,1.408159,0.09729862,-2.9884994,-3.1857398,-8.808948,-5.4979787,-0.51526624,-4.222269,-3.3359559,-2.5078523,-4.500224,-0.96305346,-5.596576,-1.6455288,-4.5110674,-2.7706404,-4.8767514,-2.1229374,-4.3652844,-3.646578,-2.2252274,-2.0798333,-3.7011373,-0.9196571,-1.9948086,-2.7056258,-0.82602656,-0.6785379,-0.16008945,1.5375091,0.9108429,1.7813325,1.0499078,1.5196624,0.79117507,1.5194854,disgust
-569.06354,48.446693,-1.6566882,7.9184775,0.48206595,-1.3172586,-4.46599,-5.661303,-10.643735,-5.6352625,-0.47817016,-5.2997775,-3.7705474,-2.3408349,-1.8659747,0.2888217,-5.8697925,-1.4904639,-4.873286,-3.8814492,-4.894873,-3.0977824,-4.4526625,-4.264603,-1.9883814,-2.2042723,-5.5058784,-1.438967,-4.2153673,-1.7481744,-0.4619722,-0.11545019,-0.72267187,-0.662622,-1.3130426,1.1065516,1.2408756,2.144898,0.9281439,2.5049903,disgust
-568.2603,44.352665,0.52537435,5.4962773,3.132876,0.6203522,-6.6413894,-6.387856,-10.773921,-6.5675316,-2.1501505,-6.4041686,-4.9184136,-2.800807,-4.284676,-0.5590883,-4.7462945,-2.605866,-4.8843374,-4.092487,-6.244802,-2.42273,-4.6135187,-5.036537,-5.3853693,-2.436435,-4.6492705,-2.434904,-3.5456042,-1.2867082,-1.1456101,0.68487895,-0.6905723,-0.32415268,-1.6526726,-0.17408034,-0.8483127,1.0665032,0.6102288,1.3793731,disgust
-585.2488,43.282696,0.58987534,5.741031,3.1046395,-0.11589297,-5.876887,-4.9910917,-13.007439,-5.4858766,-1.0451818,-6.63645,-4.3415976,-3.071955,-4.893161,-0.72396755,-5.6103024,-3.045895,-3.8358126,-3.0533106,-5.6043606,-2.860618,-3.215423,-5.53844,-5.349238,-2.1914325,-4.38531,-1.2670029,-2.3641398,-1.3974894,-1.748211,-0.25172466,-1.4208634,-0.070388176,-1.9335552,0.40450644,0.12652874,1.5161843,1.0188159,1.7169213,disgust
-570.5599,43.589355,-8.963899,3.5638297,2.7030551,-5.7265882,-6.923158,-8.5498,-10.063654,-4.182136,-1.0562655,-5.4583993,-3.491643,-3.1548615,-7.569633,-0.42100134,-6.6302466,-6.0436025,-3.799402,-2.1882234,-3.6357608,-0.32561737,-0.045268226,-0.57499737,0.51529527,2.0017867,-3.0258336,1.7606876,1.3994464,0.25687608,2.199991,0.22169714,-2.195731,-0.0020887633,-1.291092,1.1337605,0.3042431,0.9841854,1.2096522,2.9989982,surprised
-580.96466,45.581474,-7.50583,3.586198,4.8688407,-4.9074965,-7.6326146,-6.035741,-9.938767,-2.25607,-0.0883625,-5.604834,-3.7606297,-1.625166,-7.8174124,1.60209,-5.725328,-3.9977448,-3.580429,-1.4604918,-5.410992,0.40428695,-1.410316,1.4889116,2.141378,1.5508823,-0.03223479,3.2874024,3.0968003,1.6731457,1.4339365,2.0773554,-1.3841784,0.53604364,1.1430914,1.8218187,0.7932826,1.443765,0.301877,1.0248308,surprised
-551.0947,45.550564,-6.9992304,0.93898565,3.219925,-2.447161,-6.7370687,-5.817858,-10.700319,-3.290597,0.9410033,-3.4358025,-4.6029496,-2.4918287,-7.120709,-0.6078364,-6.529502,-5.189111,-3.8838983,-0.95016414,-4.7387834,3.1332493,1.2894492,0.7374384,-0.2722417,1.2760355,-1.1080436,1.9905792,3.1145604,0.6957931,0.24537092,-0.17377493,-1.3673216,0.10542204,-0.5783003,0.53094375,0.74081546,0.67642814,0.41951773,1.4420136,surprised
-541.94977,42.23032,-9.924189,-1.3340632,0.60001194,-5.3911934,-7.570485,-7.8909683,-10.538919,-4.0509973,-2.104916,-4.709935,-6.0786157,-4.2883625,-5.8278217,-2.7715054,-8.305761,-4.5564356,-5.0934052,-1.8205118,-4.384593,3.0423167,0.08149324,0.65982795,-0.2980858,0.3472835,-2.1361105,0.30301955,0.7296388,-1.0024724,-0.03817928,-0.49045375,-0.38667062,1.414303,0.46387637,2.0318198,0.6746666,1.3818746,0.5664004,0.86480075,surprised
-524.19714,37.957233,-9.889591,1.5723944,2.6586833,-5.2964277,-11.369534,-8.093489,-9.32877,-4.451603,-2.8211498,-5.7671094,-7.1106215,-4.4053984,-9.164001,-2.4586284,-8.526623,-6.2559776,-2.249322,0.5939029,0.34486243,3.7376273,-0.105473496,-0.683138,-0.600864,1.2213078,0.8045409,0.8154303,0.92171097,-0.43572918,1.2579215,3.3348475,0.5981563,0.36110803,-0.6972954,1.8660448,1.2921176,1.3180574,0.7832092,2.121678,surprised
-524.10046,38.84764,-12.189695,-1.064079,-1.9353006,-5.7978935,-10.081417,-9.21367,-9.894924,-4.822096,-2.899404,-5.7866406,-5.1506324,-5.3082356,-8.851723,-1.2636898,-8.999851,-5.6927037,-2.7678885,-0.86331874,-0.35205868,2.38903,1.5367249,-0.7604585,0.4290272,2.567083,-0.08449721,2.8718474,2.3367977,1.1718969,2.5626266,1.4942067,-0.30532932,-0.4126267,-0.14529367,2.308026,0.2882903,0.46375448,0.5540325,0.48879358,surprised
-505.94553,30.874594,-12.372114,-4.1675344,-4.854622,-6.217708,-9.799503,-9.617516,-10.174792,-5.8682976,-3.9323993,-5.175722,-6.8960204,-6.266587,-8.574984,-4.0041294,-8.164768,-4.8668723,-2.011963,1.2873905,-0.3796711,4.2859325,1.3051608,-2.9942539,-1.4487222,3.0077722,0.1364805,1.7824385,0.6473867,-0.33162054,1.9662414,2.5134287,-0.8365499,-1.1378659,-1.7614261,1.2325683,0.94835347,0.39052156,0.71278787,2.706557,surprised
-525.8437,33.495296,-11.443396,-1.83512,-1.849288,-5.0467486,-9.939673,-7.94416,-10.202282,-4.6657057,-3.2814908,-4.9207625,-6.0351305,-4.773353,-6.4400377,-2.5483897,-7.1028175,-4.239715,-2.676681,-0.21474572,-2.1751292,3.465801,2.6830893,1.5390452,1.8347121,2.6673288,-0.26451778,0.9298341,1.8334043,0.8428861,1.917489,1.8956444,0.087399706,1.143038,0.6943087,1.7563838,1.1470627,0.7658396,0.38951972,0.90232605,surprised
-686.895,43.229645,-7.451457,1.0477135,-8.075271,-7.687416,-11.267946,-12.600429,-8.550982,-6.6951265,-8.587321,-3.2837577,-6.1321955,-5.3371987,-2.9109435,-6.3295302,-4.3852873,-4.6995707,-6.094973,-4.4197063,-4.993905,-4.292909,-3.9032273,-2.660747,-2.3218176,0.36927995,0.5147446,2.0791826,1.6646736,4.1434546,4.237219,6.6941934,6.950657,6.16406,4.192964,2.207676,0.41740495,0.9765784,-0.26939815,-0.012059498,neutral
-687.37134,41.4647,-12.51162,1.7551235,-8.262718,-9.812841,-10.318781,-13.119345,-8.123957,-5.753302,-9.840951,-3.3610435,-5.573746,-6.900996,-2.9298358,-5.8298435,-5.308502,-4.567266,-4.597233,-4.5591288,-4.3203373,-4.3547516,-3.384025,-2.654046,-2.5004277,0.016257705,-0.5390434,1.4648998,1.4075164,3.3306048,4.1247673,6.5255103,5.802106,6.3232203,2.6119194,2.545885,0.53103864,0.42105165,-0.1645998,-0.15397474,neutral
-682.3356,44.06828,-7.0258465,3.9520955,-8.574372,-5.297753,-11.913534,-11.952754,-6.152075,-5.495942,-6.811166,-0.5915792,-6.914683,-4.61562,-1.8234329,-6.8903484,-2.8909376,-4.7307534,-4.832092,-4.0760612,-3.0235927,-2.1069474,-0.519954,1.2376171,-0.20183218,1.7986563,-0.67953694,4.495684,4.806031,7.8158417,5.6437144,3.6607,0.9723118,1.4936368,1.8510966,2.8305972,-0.6978292,-3.399049,-3.6196122,-0.43176493,neutral
-678.4142,39.417255,-4.9932504,3.8817723,-8.206423,-5.6634007,-15.264033,-12.449848,-7.9846096,-6.2240953,-8.62539,-1.706178,-4.5373964,-5.5621357,-1.012409,-6.032566,-4.107721,-3.4288666,-5.3952703,-4.1752415,-3.1390991,-2.7044842,-2.879348,-0.36852646,-0.43197447,0.5792894,0.02701231,3.049992,1.8588437,5.2769127,4.525999,4.6209316,3.2969213,4.026325,2.9717216,3.952414,1.4800141,-1.1522635,-2.9136388,-0.5341674,neutral
-740.86554,40.050896,-3.229835,3.451206,-3.6551597,-5.564048,-11.35134,-13.256774,-9.016317,-6.9514685,-7.9516444,-4.028056,-8.392142,-5.312869,-3.1420202,-6.49207,-3.9331095,-3.0076928,-3.8641856,-2.6225083,-1.564227,1.5112484,1.7003467,1.790691,-0.6489315,-0.7810562,-2.08673,0.8909804,-0.12364345,1.1181777,0.30846122,4.1397104,7.005314,8.726208,6.063094,3.242123,0.29240954,-0.55658543,-1.1390607,-0.19726162,calm
-745.6304,44.12577,-1.0390853,3.2469256,-6.558686,-5.700328,-8.623988,-11.146694,-9.31867,-4.8385267,-7.7087812,-3.628819,-7.7005653,-4.1835127,-2.6245348,-6.681491,-3.8362358,-4.3004327,-4.9011984,-3.239191,-3.2765265,-0.60390145,-0.69031084,1.4279345,1.1860392,1.602556,-1.8095467,0.6965164,0.99176866,4.00481,3.8207216,7.0150833,6.1906714,6.510651,4.046509,3.3941379,-0.26545724,-2.2151194,-2.1179414,0.3263312,calm
-730.6705,38.349815,2.6743183,9.384072,-5.9796205,-3.0296075,-11.018357,-9.151866,-7.4643936,-5.8547564,-5.191709,-2.519156,-7.5516753,-1.7836889,-3.0103066,-3.1625745,-5.148302,-2.1324196,-3.7257655,-6.2725368,-2.8053293,-4.3412075,-4.6471677,-2.9127738,-2.6546378,-2.7021883,-3.0793614,-0.018351572,1.1873657,6.5452466,9.0751,14.330863,11.779912,10.920865,2.8267443,1.8849305,0.9852804,1.6315181,2.0491674,1.9867561,calm
-694.07874,41.272892,2.5895436,0.97802657,-1.3528316,-3.845079,-12.700678,-8.642835,-9.364194,-5.1982965,-8.834534,-1.8646568,-6.114938,-3.962995,-2.4165363,-3.8900864,-3.7485604,-3.4033647,-4.8131905,-4.763116,-2.5180097,-5.042557,-5.2754617,-2.0487995,-3.5810516,-2.972032,-3.143218,1.085604,1.3097279,5.628118,5.4890113,9.7465725,8.903521,8.14604,4.0545897,3.801236,0.010382319,-0.6392581,-1.5573289,0.99204236,calm
-676.8508,41.95894,-10.863037,-0.34943014,-7.2215223,-7.942567,-11.536243,-10.5622225,-8.527441,-6.7214274,-7.95543,-2.7572424,-7.1066294,-6.369314,-2.6753807,-7.062787,-5.280902,-5.457558,-5.221582,-2.81017,-4.014633,-2.3683393,-0.0044174627,-0.18613516,1.0702494,0.86098504,-2.8904333,-0.24122016,-1.2894816,2.338075,3.345691,7.196899,6.8654613,8.069231,5.0685105,5.401988,1.1973491,-0.6303742,-1.5134003,0.5700223,calm
-692.6512,45.200302,-4.0402927,5.898607,-4.109044,-5.0495377,-8.99442,-9.021422,-9.163705,-7.9430766,-4.148255,-4.2471385,-8.246029,-4.4495144,-2.192375,-6.1453395,-5.244118,-4.692336,-3.6913118,-4.8878865,-2.4857957,-2.207927,-0.3946892,0.49101675,-0.5735241,1.7559971,-3.0893111,1.6649686,1.4764373,4.974481,4.3280516,7.477252,5.226352,5.00853,1.375352,2.501824,0.076259784,-0.28003028,-1.2430991,-1.5523746,calm
-708.79987,48.700954,1.1222212,0.025111495,-7.6219707,-7.2248373,-12.110167,-8.403195,-12.154092,-7.8486786,-6.258115,-3.7247784,-8.050488,-4.1720033,-3.0296056,-7.276314,-4.0043354,-3.350936,-4.696883,-5.1141963,-2.8753102,-2.660519,-3.8926249,0.08061902,-0.026222492,1.1387732,1.4377028,4.9362135,2.159965,3.4355512,2.2819257,6.2858663,6.599423,8.432933,5.376304,3.571582,-0.47077543,-0.6852697,-1.455907,1.1717983,calm
-683.8466,41.36717,-2.7677116,1.0234828,-4.020317,-7.462221,-11.155665,-7.080594,-11.4290285,-7.6041327,-5.253399,-5.041177,-7.5399384,-4.948271,-3.2665746,-7.1062136,-4.8405704,-5.54105,-4.727521,-4.3595047,-3.6626391,-3.805315,-4.8016458,-1.5446396,-1.5236866,0.92738765,-0.943088,4.712691,0.6866129,2.954775,0.9033686,4.467901,6.525559,7.9148006,4.493658,4.277675,0.2718186,-0.008513714,-1.1667492,1.253066,calm
-659.3542,41.27354,-11.070027,1.159309,-6.558924,-8.341078,-9.272998,-8.439029,-9.557429,-6.666583,-9.832863,-1.30892,-7.7530394,-5.501436,-1.096182,-7.323761,-4.2716265,-4.438728,-5.982788,-3.6735528,-2.5472245,-0.8768294,-0.09670962,0.44834,-1.4607105,0.9530257,-2.1978462,0.48756376,1.8382596,5.1167274,3.364593,3.742602,2.383271,4.6375284,2.3002717,4.123715,1.835968,0.6659784,0.531247,0.5457147,happy
-654.6074,44.213326,-15.168289,4.6164126,-4.778446,-8.6895075,-8.638119,-9.353244,-8.1070595,-4.3429866,-10.441539,-0.5685138,-6.587172,-6.1901712,-1.6056066,-6.9387155,-4.0126185,-4.067229,-6.395344,-1.6303289,-3.1759439,-0.059794318,0.055023015,-0.4448623,-1.8218141,0.4944068,-2.5026364,3.562695,2.833322,6.711878,4.321934,3.997414,3.278079,5.011506,2.2280326,3.6252065,1.3612679,1.3217653,-0.2107533,0.8509381,happy
-676.5234,48.593525,-13.861474,-0.56483346,-5.9279137,-7.0754175,-10.60254,-9.704247,-7.686183,-5.8401027,-6.9947495,-0.8273078,-6.848547,-4.461267,-1.3935227,-6.9198184,-3.178848,-3.8016207,-4.759595,-3.1535733,-2.8239954,-1.5689826,-1.8869042,-1.3550452,-0.460612,2.6473598,1.0562787,5.560092,3.360737,3.4456992,1.4811716,0.34033528,2.0562925,2.6555488,1.7117815,2.4512076,-0.04267479,-0.46949956,-2.793325,-2.120406,happy
-611.13446,33.09898,-16.204868,1.0088568,-8.298964,-9.565986,-13.517891,-8.574171,-9.072193,-7.55817,-7.331517,-1.5948383,-8.245952,-5.233542,-2.5653336,-8.46194,-4.3121033,-4.258883,-7.1708074,-2.586278,-3.2153168,-3.143074,-1.4627277,0.085707955,0.38613817,4.0258017,2.5276375,5.6970387,2.13479,0.8529165,-0.15724002,1.646602,5.877814,6.954844,3.355111,1.8107322,-2.1697614,-1.7228374,-2.0078568,0.9461126,happy
-530.68146,33.45049,-21.651716,5.746669,-10.314515,-15.32931,-6.339698,-10.826221,-5.6808586,-3.0208814,-9.400641,3.4745445,-7.526514,-2.8346882,1.2071438,-8.406699,-2.491313,-2.706393,-4.5594077,0.50172734,-0.6865976,0.45553285,2.8761404,4.244427,3.3303897,4.0439606,-0.80632293,3.745971,2.022912,6.0730453,7.37147,5.563171,1.1188071,-0.052404415,0.6113956,1.9678217,0.039649345,-0.8017841,-3.3508759,0.4058605,happy
-527.19257,33.262062,-19.86898,10.140082,-7.8981094,-11.125276,-5.2347436,-8.587011,-4.9705215,-1.5723712,-8.418208,4.873899,-1.8657764,-3.2307227,2.504873,-5.1278224,-2.362681,-1.8624163,-3.8726683,0.3672871,-1.0216193,-0.95572406,0.27371058,1.871498,-0.07949193,3.620719,1.7066602,5.2748313,0.72899175,2.0436738,4.334866,7.2167454,8.51393,6.557885,2.5954995,-0.3844525,-1.3434129,0.6690856,1.1566646,1.0569273,happy
-543.256,28.837587,-20.076199,2.0553439,-11.486953,-14.747632,-12.2406645,-11.390851,-11.414216,-3.2778869,-9.38878,0.5082723,-9.591918,-3.4315205,-0.9096009,-9.040752,-2.8735037,-3.9112692,-6.131416,0.033220027,-0.023443896,3.7693288,4.206808,7.0794544,7.198713,5.9483542,2.9043207,6.828671,0.111726135,2.2638407,-0.30084065,1.2499285,1.6966865,-1.243548,-0.9182112,-1.0107055,-2.2222295,-1.2211337,-1.990105,-1.6499729,happy
-505.67664,19.306389,-21.616108,-4.3454547,-14.986018,-15.212789,-12.576386,-9.631833,-9.908499,-4.6373773,-11.375296,-2.096897,-8.963337,-3.2819338,-3.2457886,-9.0957155,1.6006167,6.388561,9.306726,16.166613,10.274898,3.804033,-0.29201847,1.8575275,-0.16048664,0.43959054,-2.0417006,0.56043506,-1.7242452,-0.8039386,-5.0832777,-0.46094608,-0.0174667,1.1370499,-1.0888835,1.53319,0.2115188,0.6436023,-2.3087928,2.341429,happy
-681.7388,48.06134,-1.4775594,5.015874,-3.0736432,-7.022838,-12.860493,-8.372174,-9.656142,-5.806407,-8.9918785,-4.022999,-5.3175306,-3.011028,-3.3566716,-6.0249257,-3.41381,-3.9476216,-4.466284,-5.04464,-2.668588,-4.286516,-2.4628997,-1.282294,-0.8231528,3.1424863,0.25750577,2.5241537,-0.44106004,-0.17141858,-1.5803868,0.20247896,0.8819144,4.0526366,5.41414,6.3553896,4.0765114,1.3447,-0.21746646,-0.7663499,sad
-722.7494,51.976597,2.6666732,8.280985,-3.8529851,-3.244153,-9.660845,-8.539496,-6.6089535,-3.0326428,-9.054113,-1.9115524,-5.5389934,-0.60647666,-2.24699,-4.4486995,-1.2116157,-4.461281,-3.2678552,-3.4756792,-3.6860635,-3.3934088,-3.7143788,-1.5413793,-2.8815322,-1.3598961,-1.8718486,-0.22716041,-1.6943455,2.8510544,3.8575304,8.17363,9.347772,10.316147,7.7314544,3.87429,1.6434845,-0.14052579,-0.022064803,1.2418971,sad
-697.2095,43.80137,-7.0469565,2.4270098,-8.718298,-5.130672,-11.199373,-13.891502,-8.867215,-8.01952,-8.563377,-2.524835,-7.3196073,-4.5604725,-0.64044327,-8.787386,-4.0981708,-2.7290218,-4.70897,-5.363606,-4.045827,-4.1513824,-3.4401605,-2.6179645,-0.038008794,0.08133064,-1.0592386,2.959566,1.038566,2.1289475,1.904843,4.161959,5.030881,7.95084,7.31248,6.2566524,2.134541,0.88301665,-1.1038774,-0.5952827,sad
-691.5772,50.587032,1.9681288,6.7967505,-6.7117066,-3.2310383,-10.174753,-6.729512,-8.149476,-6.3838325,-5.3352847,-3.7384815,-4.235775,-4.1834836,-0.30563304,-5.78122,-3.0297139,-2.940935,-5.4625735,-5.0529294,-2.843284,-4.017778,-3.7184846,-3.1964185,-2.9579124,-1.9307913,-3.9491765,0.010380848,-0.8365851,1.54376,1.2865899,3.2691154,3.6859913,3.871863,2.0175078,1.6873857,0.47051835,-0.23041628,-2.5040658,-0.7389762,sad
-565.916,38.28809,-21.67453,0.48795664,-11.638364,-16.37264,-13.282744,-18.34913,-14.48089,2.1734214,-10.481367,-6.1945224,3.608101,-8.125387,-0.6746375,-2.810269,-5.638112,3.8193357,2.2246923,4.0537367,3.9833946,3.5116756,1.4570369,7.245491,3.5412533,5.893222,3.433153,-1.0376823,-1.5256989,-1.720992,-1.0207278,-0.51852095,-3.6456416,-0.8296048,-1.0821991,0.57681686,-0.30854505,-0.30739665,-2.4498544,1.2769992,sad
-578.7688,50.480255,-11.826157,3.023091,-10.381796,-13.910267,-5.369832,-13.442756,-10.330565,-0.7339773,-8.612447,-2.1606724,0.97056174,-6.4659133,2.505571,-4.5818796,-2.2738972,1.3078977,-2.453166,2.1120856,0.612788,0.32724568,1.0441568,3.3567743,-0.28186166,3.0333104,0.30031738,4.4890733,2.1897886,2.7669954,1.2676888,0.5218923,-0.24223892,1.6706529,0.16963184,1.1949861,-0.62005186,1.1597406,-0.60318935,0.11829016,sad
-575.9138,50.892868,-5.2634034,3.454928,-6.148969,-10.633178,-17.49072,-18.668283,-15.518705,-2.523924,-16.379757,-4.9734516,0.23557809,-8.701327,-0.9187856,-7.66276,-5.843951,-0.2533654,-4.9606175,-1.1215878,0.7294906,0.7073074,-1.1739957,3.6859133,0.2748587,3.3706195,2.6162727,3.978421,2.9535425,1.6735233,-1.1976699,-2.148053,-3.634487,-0.9733743,-2.6505497,-0.8278318,-1.4449332,-1.3624591,-2.8414464,-1.1224073,sad
-665.4917,40.84525,-0.3455025,-0.6843095,-8.619622,-6.1256146,-8.993032,-9.8257475,-12.192108,-3.590419,-9.217976,-3.6179821,-3.3832185,-5.961127,-1.3883256,-6.222186,-3.2681499,-0.9693776,-4.0549946,-1.128194,-3.0423062,-1.2232995,-2.108872,0.8726592,-0.055051822,6.0599933,4.6082377,9.8880205,5.399522,4.2985168,0.81786567,-0.8918272,-0.9503807,0.014348748,-0.16584992,-1.0129328,-2.9545257,-1.1174552,-2.7114835,-0.9202473,sad
-503.42288,33.387264,-18.306717,0.44974393,-14.748362,-11.700937,-5.44284,-12.043738,-7.9435916,-1.2103256,-9.756537,1.8145663,-4.929035,-5.7690125,1.114822,-7.564419,-3.6170108,-4.153367,-5.156386,-0.9995582,-2.1243742,-1.2774943,-0.691534,-2.488403,-0.9464875,2.2586982,2.5053794,8.13025,6.762677,5.5862756,3.261947,1.4414921,0.39168376,1.4365648,1.0690805,2.0104778,-0.074350305,0.45376578,-1.8309982,-0.015227,angry
-509.61325,29.779303,-17.598513,-0.19397996,-11.725772,-10.995878,-7.6087804,-8.69517,-8.918421,-1.5707942,-7.555244,0.28863487,-3.0935087,-5.3663692,-0.20054883,-5.725192,-3.7599325,-3.5311432,-4.7229085,-0.87767,-2.6401339,0.50138724,2.6005294,3.2951107,4.2945952,6.710961,3.7558317,5.460404,3.6058543,4.153353,3.264279,0.84117717,-0.38141674,0.4769039,-0.56056935,1.4584031,-0.89479417,-2.5922031,-1.5749606,0.8749168,angry
-528.6269,32.57751,-15.365543,3.4641118,-10.2411,-9.941857,-6.8192363,-12.840427,-8.873047,-2.4077847,-6.165826,1.6382082,-3.2417269,-5.715969,0.43291995,-5.0952916,-2.3058832,-2.5844698,-4.3843207,-2.5138595,-3.1258645,-4.1028366,-2.9486716,-3.5044982,-3.9132936,1.0888301,-0.18602517,5.8246017,4.1462045,4.651185,3.5648997,3.44643,3.9262028,5.1181817,3.2074478,1.1377269,-2.1321712,-2.336507,-1.5218915,2.3054333,angry
-494.49957,34.32538,-18.356138,-2.856695,-10.407722,-16.314323,-9.830278,-13.875593,-11.356426,-0.64249367,-7.2248077,0.5911659,-5.701363,-3.9249005,-0.67630273,-5.792304,-2.864233,-3.1143813,-6.873436,-2.816441,-5.1140223,-4.881581,-2.3936687,-1.0356867,0.8324471,5.809272,2.4514592,9.0446825,4.441753,6.272972,5.2597694,3.117155,0.84163505,0.7238937,-0.48290148,1.414748,0.27799955,0.09489969,-2.0153885,-2.3070796,angry
-423.40808,25.316696,-17.944517,1.3509257,-19.221493,-13.422459,-4.736512,-12.140577,-8.731766,-3.3207233,-11.284228,3.5621173,-8.182068,-5.1196613,0.08785042,-6.753139,-3.5633345,-5.3425856,-6.419245,-2.6595097,-0.97416383,3.1044412,4.5139933,6.9797525,8.1689205,9.596793,3.3649285,4.396396,-0.82029957,0.75563484,-0.23394477,1.3186555,-0.028462384,-0.08158092,-0.7067834,1.8103073,0.6579867,-0.93811154,-2.4419484,-1.111809,angry
-462.50696,27.337797,-20.461273,0.46930224,-15.593477,-13.290202,-5.6773934,-11.061947,-9.797987,-0.5935832,-11.921848,3.2789938,-4.9567366,-7.1268907,-0.038131632,-8.9609585,-3.9285252,-3.5817149,-4.51649,0.43496463,-0.5976884,0.19707607,0.64422554,4.1421423,6.6269836,9.767767,6.884188,4.746735,0.25070855,0.33287162,1.0227119,2.2146587,-0.42303777,-0.5139508,-2.3003838,1.7404466,0.29646692,-0.21330325,-2.459324,0.29739934,angry
-494.3059,33.102554,-11.642544,-2.2662055,-12.71741,-9.615491,-8.963362,-12.096249,-9.547088,-2.6854193,-7.258378,4.537061,-5.4538794,-3.2377563,-1.3511641,-6.2040715,-1.2483538,-3.029977,-5.662842,-1.1475476,-4.7794123,-3.964864,-0.7370523,-0.63535047,-1.6573126,3.5782022,2.249034,8.351867,6.7443576,7.435251,4.539481,1.4432176,-1.5606462,0.92094,0.8052332,2.568325,-0.44506454,-1.5094781,-1.8087283,0.47430012,angry
-490.5031,23.539846,-16.328259,-0.102216266,-18.963531,-9.061003,-7.4005065,-12.254005,-8.472662,-3.595176,-8.703731,3.1439538,-6.5320106,-6.547725,0.041264135,-7.2021594,-2.7681937,-3.68393,-7.9715233,-2.2964177,-4.411397,-0.74177134,-1.3423243,0.7237418,3.212941,7.400817,5.323894,8.958211,5.112437,5.5311427,1.6003358,0.022584673,-0.73776287,0.6784669,-0.30003843,1.3883582,-1.997745,-2.692571,-3.214199,-0.7742215,angry
-509.52957,24.022821,-14.907886,-0.69756305,-11.522958,-9.965441,-11.921486,-13.617157,-3.6462023,-3.4700618,-9.264821,1.3866538,-5.4851356,-0.7754852,-1.0079699,-5.10038,-3.8809512,1.12043,2.5547054,3.4767852,6.6306725,5.746006,4.0118537,6.139076,2.6894572,2.665367,-1.4266047,0.44228652,-2.4548478,-2.280132,-3.9616265,-2.8876085,-2.8924348,-0.38825583,0.17885569,1.005722,-1.091356,-0.4090375,-0.8169821,1.737795,fearful
-523.877,27.242273,-16.523956,-3.3288262,-11.747644,-8.410876,-9.172227,-11.912398,-5.381332,-2.5875132,-7.197995,-1.6966348,-4.812543,-2.8738368,3.8745997,-0.1812595,4.20248,5.18202,5.100777,6.573303,7.1154284,5.32079,4.1890264,4.493485,-0.41507852,-0.4969966,-1.4808079,0.12432775,-2.0595217,-1.0329272,-3.837798,-1.5291725,-0.99665266,1.898098,0.4891464,1.0215622,-0.16417149,0.77065295,-0.29412535,0.52504754,fearful
-526.4587,24.07806,-10.637542,-2.1777196,-12.236277,-10.698058,-15.094377,-10.161223,-8.719682,-3.5595143,-10.126955,-3.035456,-4.161742,-4.349029,-1.9142442,-4.8504424,-6.146903,-1.5630755,-3.2671223,2.858972,9.386949,9.840639,9.072905,10.458854,3.5529454,1.9354054,-1.8630943,3.0068777,0.0505971,0.54653883,-3.1660454,-2.441403,-2.2025979,0.38892338,-1.5664129,-1.3378059,-0.94372624,-1.1121602,-1.9777987,0.07063347,fearful
-536.9208,25.988794,-9.70353,-1.123611,-11.068761,-5.9224973,-9.50027,-10.811668,-5.360683,-2.6678097,-6.8552036,-1.6191094,-5.4562783,-1.6123517,-1.1502272,-5.0709786,-6.1060143,-1.105814,-1.616564,5.392919,11.488335,12.407665,11.992232,10.819864,3.650661,3.1675231,1.5332589,3.9200323,-0.3304091,0.070714764,-3.5325274,-0.69228035,-1.535904,-0.71453136,-2.1866553,-1.3033804,-2.0673466,-0.87103343,-1.9882834,-0.4737982,fearful
-426.57468,12.622466,-29.74644,-7.9797406,-12.769198,-19.707577,-17.036774,-19.436758,-10.6579685,0.31617057,-0.4778447,12.251076,9.518755,10.321465,4.2635074,-6.149833,-4.1951337,0.21260977,-3.9508526,-3.075744,1.9391177,4.6396832,2.83074,0.47355744,-1.2237189,2.1469789,-2.1227822,-0.66940075,-0.83544683,-0.12204848,-2.4468346,0.33139148,0.8300957,0.84730375,-0.100304015,0.23589973,-1.718333,0.113239795,-1.6356007,-0.16330738,fearful
-476.7577,15.020187,-16.797283,-8.53666,-12.827012,-14.575663,-9.303712,-11.29695,-9.490525,-4.3421845,-7.197937,2.2639954,6.07963,11.377171,13.380471,3.4088519,-3.7915227,-1.7884561,-4.633323,-1.8889129,-0.1659591,-3.2596521,-1.970703,0.20290747,-0.68808883,1.5400567,-0.57895565,2.0877197,1.2728494,1.0757778,-1.4199103,-0.3473819,0.24045211,2.3518667,0.13013238,0.08724148,-1.3206326,-1.3944602,-0.097379945,2.0282137,fearful
-454.8065,5.352037,-25.453325,-10.953726,-10.922592,-14.309502,-17.790262,-16.429672,-11.656795,2.206844,0.6372876,13.249969,12.724777,11.352542,3.4051282,-6.7111363,-3.4270623,2.871488,-2.203423,-3.963539,-3.281693,-0.48151457,2.0662043,2.509095,-0.49668974,-0.065712504,-1.1957715,0.6604456,-1.5265507,-0.9406105,-1.377268,-0.6405622,0.31320736,1.8250226,0.43040594,1.4225341,0.23203513,-0.41084602,-1.4641238,1.486709,fearful
-437.31625,3.7401237,-26.792078,-17.190163,-11.878677,-14.729704,-17.841282,-14.1487875,-11.71486,3.580144,4.7241416,18.973047,14.104082,7.8095026,-3.9502707,-11.858327,-3.853962,1.9082073,-6.895733,-9.123779,0.48685902,9.302793,6.0208983,-0.025993766,-1.2513193,1.3583903,-2.8804815,-2.8879576,-0.3721774,0.74968046,-2.9729354,1.4033383,3.7798896,2.690529,1.1071157,0.29681754,-2.4580371,1.0334904,-1.8483806,-0.8232973,fearful
-592.2624,55.198914,-22.164892,3.226016,-16.754303,-13.204217,-10.334886,-11.579624,-12.184969,-4.4620028,-7.713623,-2.7298937,-4.903793,-4.438895,-1.7015611,-6.1457915,-6.1103225,-5.7185636,-6.6525517,-4.6610904,-5.183807,-5.415111,-5.3842325,-3.6931362,-5.0546103,-1.5753912,-2.5673683,1.3716048,-0.0025485458,1.3063637,-1.2167624,1.4727858,1.3627714,3.0154748,3.848613,3.9622993,3.0384755,2.4457963,0.20181003,-0.07737622,disgust
-562.48914,47.20712,-19.599031,3.8248873,-12.803446,-12.299895,-9.500279,-13.152699,-7.101062,-1.1046153,-9.781406,-3.3107944,-3.9351535,-6.257935,-1.7621796,-4.292964,-6.866633,-3.452487,-5.8537908,-3.8760972,-4.190372,-2.859011,-3.801112,-1.960292,-3.1660194,0.3250097,0.96784025,3.8692656,3.1229007,2.0473676,0.056740884,-0.08529012,-1.0096114,2.6363068,3.3422992,2.7772443,0.09823014,-0.49613026,-1.2148523,0.63652265,disgust
-583.30927,40.078575,-21.07816,6.585977,-15.765407,-10.707993,-14.213896,-16.237617,-8.639863,-5.283865,-10.709436,-0.24861583,-5.680641,-6.9562416,-0.8415545,-7.5482535,-4.101492,-3.288427,-5.69658,-2.1220014,-4.82169,-3.777673,-6.012369,-3.8125021,-4.488443,-0.49093783,-0.43731213,6.4421697,4.523881,6.701113,2.470472,1.9493505,0.92754644,3.8169806,2.8652413,3.6565785,2.3290598,1.5385315,0.84593445,2.125219,disgust
-568.03015,51.20515,-17.660023,5.520023,-11.971017,-12.097884,-14.182861,-15.737518,-13.764919,-3.1984239,-8.220557,-6.32093,-1.2870803,-7.663492,-4.609149,-4.966298,-5.692876,-1.9329873,-6.573874,-3.8765535,-4.869411,-4.5591884,-3.9876328,-4.0306907,-5.3819523,-2.8774002,-3.0449998,-1.2077974,-0.3705699,1.4420804,2.1016695,2.406181,3.6509652,3.9850273,2.514074,2.1348886,0.07566962,0.39174178,0.050256137,0.45478123,disgust
-608.95355,54.58671,-10.987942,-0.47789523,-18.534807,-7.572825,-12.0716915,-15.848292,-9.991801,0.11171445,-9.332504,-0.8871749,-3.8865979,-4.545659,-0.052225694,-4.2385783,-4.1298156,-2.2031536,-5.0090466,-2.559257,-3.0981922,-2.792566,-2.954043,-1.1597682,-2.7264028,0.5850945,-1.6534861,-0.060960546,-1.7950763,-2.0697627,-1.0471383,-0.50443816,-1.7833539,-0.016111793,-0.7728708,-0.22258604,-0.19401279,0.073637776,-1.2612813,-0.7904074,disgust
-502.47842,31.30074,-23.074377,-3.0786724,-15.603206,-10.404377,-15.254875,-11.738796,-4.383029,-1.0139394,-9.452887,-1.1179777,-2.1406953,-5.301888,-1.5271376,-5.9471936,-3.6180565,-2.3703542,-4.5461035,1.3918538,-0.84553957,-0.46274766,0.27070588,2.1197948,4.044625,6.1119704,4.952154,6.703901,-0.10891449,-0.023849793,-0.04896122,1.5146146,1.384483,1.3546209,-2.2309494,0.4079648,-1.1442387,0.3949897,-0.6490407,0.45728523,disgust
-510.81024,31.59834,-23.875683,-5.13628,-15.749157,-11.285299,-15.065407,-14.539124,-6.2332783,-2.859233,-8.238165,-1.4545975,-7.227469,-4.418074,-3.9329882,-7.327626,-7.433694,-5.9949317,-6.0856705,-0.7565199,0.9827019,1.2334243,2.028638,1.948032,-0.45431778,1.2118785,0.488014,3.8840694,3.6438215,3.6585107,2.4214625,1.8594888,-1.173636,1.0520332,0.54545504,1.760361,-0.8902985,-2.2801263,-2.6268063,0.68598604,disgust
-515.57495,26.657831,-17.701344,-1.3539835,-13.3720045,-12.684283,-17.03624,-14.165505,-7.6935067,-3.1925247,-7.114973,-2.338722,-5.9404626,-5.6781354,-4.5876083,-4.463087,-6.127657,-4.7353535,-7.5816994,-5.5062485,-5.483169,-2.1511526,-1.9587439,6.0098176,6.7531877,12.0922165,9.149592,9.131909,4.1395535,1.0396968,0.44733334,0.81854486,0.5091115,2.7937202,0.50673276,-0.549447,-2.1859539,-0.884314,-1.8258659,-0.35991046,disgust
-679.3735,30.277012,-2.732445,0.6364715,-7.881944,-5.050019,-7.886146,-8.291159,-7.1052084,-6.5316863,-6.892576,-4.9313602,-8.272041,-3.3450174,-2.311328,-4.029453,-2.382941,1.2305105,1.3218236,2.731072,1.7604635,0.16504712,0.73934674,1.1349076,0.9950427,3.1522186,0.36352527,1.4471308,-0.6326944,-0.15535493,-0.31073093,0.6270247,-0.012758135,0.4363036,-1.7217453,0.5053139,-1.3263153,-0.6182539,-0.68465704,-0.56804234,surprised
-572.27435,33.545666,-15.067412,-3.5327373,-12.325186,-10.237376,-14.086486,-13.915781,-6.127895,-4.269773,-9.902204,-3.237399,-6.0632944,0.4362493,2.3757756,0.71820027,0.84490454,0.38063192,-1.5528296,-1.0635005,-0.21482854,0.5900877,-0.07190625,1.3798194,0.64033353,0.39328086,-0.3271436,1.6931158,0.8143775,2.8305762,0.22400528,3.2208138,1.6472546,1.4376103,-0.36330694,0.7420948,-1.0089905,0.044800367,-1.6330892,0.024905916,surprised
-605.56903,29.68881,-10.149174,1.1256479,-10.512129,-5.9612064,-11.77138,-9.74152,-7.022239,-5.2015047,-6.8782706,-0.15282965,-7.5889883,-1.5919875,-1.1531922,-4.57127,-2.4545188,-0.7556521,-1.8682872,0.38430122,1.3549159,1.6345142,3.2999523,3.6739357,0.21239433,-1.0590823,-2.2366998,3.7492726,2.1609836,3.0825748,-0.81048375,-0.07949254,0.0972035,1.6527743,1.2618707,1.349106,-0.053998973,-1.2417742,-2.3512163,-1.3745409,surprised
-586.50665,24.936182,-17.393667,-1.7505497,-15.307642,-9.82291,-15.64609,-15.538772,-6.393435,-7.3084493,-8.477259,-3.1261268,-6.123727,2.549171,3.89098,-0.2375727,-1.0592479,-0.86176234,-2.886109,0.1045991,1.1005608,0.08951037,-0.12407544,1.3661997,-2.278099,-0.9019904,0.7959614,5.0310235,1.5667772,0.18625148,-1.3122765,0.8412992,1.2087718,0.8672261,-1.5853759,-1.4225466,-1.7995547,-0.35089082,-0.97682494,0.34632114,surprised
-532.4672,37.71698,-14.932145,-5.954791,-15.144545,-13.899151,-10.6878,-12.03418,-8.265898,-3.6247609,-8.818256,4.6289997,-1.9144503,-0.17770727,2.090411,-4.2193375,-1.5950104,-2.830922,-1.3685788,-0.69629204,-0.82639664,0.65911746,2.9018433,3.3336556,1.5123285,4.647953,1.7772197,4.12334,1.538773,-0.26439384,-1.4973694,-0.2684098,-0.6959803,0.12567565,-0.7139004,1.1499525,-1.9275026,-1.1261464,-1.2194092,-0.2659204,surprised
-541.25165,29.595709,-18.001362,-3.1391604,-14.2825165,-17.555689,-12.232482,-12.344251,-6.8591976,-0.7882082,-6.171648,4.526541,-3.7783728,-1.1345985,1.2656611,-4.2327886,0.6419356,-1.4204364,-3.9917746,1.9788203,0.2418223,1.9944911,1.4660878,1.5388793,-0.46647343,1.4828194,0.36896658,3.6641836,0.43204728,0.546475,0.6442869,1.0227609,-1.0671384,-0.11277705,-0.93243027,0.87113404,-1.1501741,-0.38906682,-0.97194725,-0.003920999,surprised
-492.65253,23.887981,-6.026659,1.6776223,-11.062459,-5.1529307,-10.083343,-9.132249,-1.253074,-4.533324,-5.6128445,-2.3998814,-7.1452484,1.3221228,-0.16783445,-2.6250129,-1.6451539,2.4402156,-0.6997408,2.4156291,6.616588,3.278898,5.2315936,5.66278,2.5081818,4.636076,1.0697582,1.9443135,-0.83915895,0.5721734,-0.88505757,0.89077175,-1.782649,-0.20661262,-1.027395,0.909119,0.2862935,0.9163771,-1.4326898,1.4300115,surprised
-517.9848,29.571215,-3.9096987,-1.1177039,-5.2589393,-7.113936,-11.250309,-6.6803,-8.121031,-2.0261087,-7.567711,-3.384588,-4.1728783,0.7622069,1.4780566,1.353179,1.2202376,5.874897,0.5828431,1.1897155,3.2879152,1.4789546,2.9011996,4.81291,2.7318468,2.8764863,0.28165507,2.7420495,0.26194346,2.4445758,-0.054691095,1.3774546,-0.055353153,0.6531381,0.45860612,0.8761253,-0.17056586,-0.1245559,-1.8519229,0.70855045,surprised
